"Kode Material,Nama Barang,Pemasok,Asal,Status,Catatan"
"4.ACF.ADC-YM-CF06A,AIR COOLING FAN ADVANCE CF-06A,YAMENG??,CHINA,DISCONTINUE ????,INFO SUPPLIER 20-02-2025"
"4.ACF.ADC-YM-CF06A-ON,AIR COOLING FAN ADVANCE CF-06A (ON),YAMENG??,CHINA,DISCONTINUE ????,INFO SUPPLIER 20-02-2025"
"4.ADP.ADL-YX-DC9V1.8A,ADAPTOR SPEAKER PZW-CV8820 DC9V1.8A,YAXUAN??,LOCAL,0,0"
"4.ADP.SPEAKER-9V15A,ADAPTOR SPEAKER QD-SPQ-03 9V 1.5A,0,CHINA,DISCONTINUE ????,INFO DARI MR LI 20-12-2025"
"4.AFR.ADC-JN-ADF401,ELECTRIC AIR FRYER ADVANCE ADF-401,JIENUO??,CHINA,DISCONTINUE ????,INFO DARI MR LI 20-12-2025"
"4.AFR.ADC-JN-ADF501,ELECTRIC AIR FRYER ADVANCE ADF-501,JIENUO??,CHINA,DISCONTINUE ????,INFO DARI MR LI 20-12-2025"
"4.AFR.ADC-YM-ADF160AW,ELECTRIC AIR FRYER ADVANCE ADF-160AW,YAMENG??,CHINA,DISCONTINUE ????,INFO DARI MR LI 20-12-2025"
"4.AFR.ADC-YM-ADF20A,ELECTRIC AIR FRYER ADVANCE ADF-20A,YAMENG??,CHINA,CONTINUE ????,0"
"4.AFR.ADC-YM-ADF24A-ON,ELECTRIC AIR FRYER ADVANCE ADF-24A (ON),YAMENG??,CHINA,CONTINUE ????,0"
"4.AFR.ADC-YM-ADF24A-V2-ON,ELECTRIC AIR FRYER ADVANCE ADF-24A (ON),YAMENG??,CHINA,CONTINUE ????,0"
"4.AFR.ADC-YM-ADF25A,ELECTRIC AIR FRYER ADVANCE ADF-25A,YAMENG??,CHINA,DISCONTINUE ????,INFO DARI SUPPLIER 14-10-2023"
"4.AFR.ADC-YM-ADF300A-ON,ELECTRIC AIR FRYER ADVANCE ADF-300A (ON),YAMENG??,CHINA,CONTINUE ????,0"
"4.AFR.ADC-YM-ADF30A,ELECTRIC AIR FRYER ADVANCE ADF-30A,YAMENG??,CHINA,DISCONTINUE ????,INFO MR TAN 05-09-2026"
"4.AFR.ADC-YM-ADF30A-ON,ELECTRIC AIR FRYER ADVANCE ADF-30A (ON),YAMENG??,CHINA,DISCONTINUE ????,INFO MR TAN 05-09-2026"
"4.AFR.ADC-YM-ADF35A,ELECTRIC AIR FRYER ADVANCE ADF-35A,YAMENG??,CHINA,DISCONTINUE ????,INFO DARI SUPPLIER 14-07-2025"
"4.AFR.ADC-YM-ADF35A-ON,ELECTRIC AIR FRYER ADVANCE ADF-35A (ON),YAMENG??,CHINA,DISCONTINUE ????,INFO DARI SUPPLIER 14-07-2025"
"4.AFR.ADC-YM-ADF35D,ELECTRIC AIR FRYER ADVANCE ADF-35D,YAMENG??,CHINA,DISCONTINUE ????,INFO DARI SUPPLIER 15-09-2025"
"4.AFR.ADC-YM-ADF35D-ON,ELECTRIC AIR FRYER ADVANCE ADF-35D (ON),YAMENG??,CHINA,DISCONTINUE ????,INFO DARI SUPPLIER 15-09-2025"
"4.AFR.ADC-YM-ADF38DW,ELECTRIC AIR FRYER ADVANCE ADF-38DW,YAMENG??,CHINA,DISCONTINUE ????,INFO DARI SUPPLIER 15-09-2025"
"4.AFR.ADC-YM-ADF38DW-ON,ELECTRIC AIR FRYER ADVANCE ADF-38DW (ON),YAMENG??,CHINA,DISCONTINUE ????,INFO DARI SUPPLIER 15-09-2025"
"4.AFR.ADC-YM-ADF40A,ELECTRIC AIR FRYER ADVANCE ADF-40A,YAMENG??,CHINA,DISCONTINUE ????,INFO DARI SUPPLIER 14-10-2023"
"4.AFR.ADC-YM-ADF450,ELECTRIC AIR FRYER ADVANCE ADF-450,YAMENG??,CHINA,DISCONTINUE ????,INFO DARI MR LI 20-12-2025"
"4.AFR.ADC-YM-ADF50A,ELECTRIC AIR FRYER ADVANCE ADF-50A,YAMENG??,CHINA,DISCONTINUE ????,INFO DARI SUPPLIER 14-10-2023"
"4.AFR.ADC-YM-ADF50AW,ELECTRIC AIR FRYER ADVANCE ADF-50AW,YAMENG??,CHINA,DISCONTINUE ????,INFO DARI SUPPLIER 14-10-2023"
"4.AFR.ADC-YM-ADF50D,ELECTRIC AIR FRYER ADVANCE ADF-50D,YAMENG??,CHINA,DISCONTINUE ????,INFO DARI SUPPLIER 23-08-2025"
"4.AFR.ADC-YM-ADF601W,ELECTRIC AIR FRYER ADVANCE ADF-601W,YAMENG??,CHINA,DISCONTINUE ????,INFO DARI MR LI 20-12-2025"
"4.AMP.ADC-JT-AMP3000,AMPLIFIER ADVANCE AMP-3000,JIAHAOTTING???,CHINA,DISCONTINUE ????,INFO DARI MR LI 20-12-2025"
"4.AMP.ADC-JT-AMP5000,AMPLIFIER ADVANCE AMP-5000,JIAHAOTTING???,CHINA,DISCONTINUE ????,INFO DARI MR LI 20-12-2025"
"4.AMP.ADC-JT-AMP6000,AMPLIFIER ADVANCE AMP-6000,JIAHAOTTING???,CHINA,DISCONTINUE ????,INFO DARI MR LI 20-12-2025"
"4.AMP.ADC-JT-AMP6100,AMPLIFIER ADVANCE AMP-6100,JIAHAOTTING???,CHINA,DISCONTINUE ????,INFO DARI MR LI 20-12-2025"
"4.AMP.ADC-LT-AMP200,AMPLIFIER ADVANCE AMP-200,LANGTING??,CHINA,DISCONTINUE ????,INFO DARI MR LI 20-12-2025"
"4.AMP.ADC-LT-AMP300,AMPLIFIER ADVANCE AMP-300,LANGTING??,CHINA,DISCONTINUE ????,INFO DARI MR LI 20-12-2025"
"4.AMP.ADC-LT-AMP400,AMPLIFIER ADVANCE AMP-400,LANGTING??,CHINA,DISCONTINUE ????,INFO DARI MR LI 20-12-2025"
"4.AMP.ADC-LT-SK10C,AMPLIFIER SPEAKER SET ADVANCE SK-10C,LANGTING??,CHINA,DISCONTINUE ????,INFO DARI MR LI 20-12-2025"
"4.AMP.ADC-LT-SK8C,AMPLIFIER SPEAKER SET ADVANCE SK-8C,LANGTING??,CHINA,DISCONTINUE ????,INFO DARI MR LI 20-12-2025"
"4.AMP.ADL-LT-SK10C,AMPLIFIER SPEAKER SET ADVANCE SK-10C,LANGTING??,LOCAL,DISCONTINUE ????,INFO DARI MR LI 20-12-2025"
"4.AMP.ADL-LT-SK8C,AMPLIFIER SPEAKER SET ADVANCE SK-8C,LANGTING??,LOCAL,DISCONTINUE ????,INFO DARI MR LI 20-12-2025"
"4.AMX.ADC-JT-AMX4011,AUDIO MIXER ADVANCE AMX-4011,JIAHAOTTING???,CHINA,DISCONTINUE ????,INFO DARI MR HANKE 20-06-2026"
"4.AMX.ADC-JT-AMX4012,AUDIO MIXER ADVANCE AMX-4012,JIAHAOTTING???,CHINA,DISCONTINUE ????,INFO DARI MR HANKE 20-06-2026"
"4.AMX.ADC-JT-AMX6012,AUDIO MIXER ADVANCE AMX-6012,JIAHAOTTING???,CHINA,DISCONTINUE ????,INFO DARI MR HANKE 20-06-2026"
"4.AMX.ADC-JT-AMX8012,AUDIO MIXER ADVANCE AMX-8012,JIAHAOTTING???,CHINA,DISCONTINUE ????,INFO DARI MR HANKE 20-06-2026"
"4.APF.ADC-YM-AAP101,ADVANCE AIR PURIFIER AAP-101,YAMENG??,CHINA,DISCONTINUE ????,INFO DARI MR LI 20-12-2025"
"4.ATN.ADC-XX-AA101,ANTENA ADVANCE AA-101,XING XI DI???,CHINA,DISCONTINUE ????,INFO DARI MR. LI 08-07-2024"
"4.ATN.ADC-XX-AA201,ANTENA ADVANCE AA-201,XING XI DI???,CHINA,DISCONTINUE ????,INFO DARI MR. LI 08-07-2024"
"4.ATN.ADC-XX-AA901,ANTENA ADVANCE AA-901,XING XI DI???,CHINA,DISCONTINUE ????,INFO DARI MR. LI 08-07-2024"
"4.ATN.ADL-GG-LG850,ANTENA ADVANCE LG-850,GONGREN??,LOCAL,DISCONTINUE ????,INFO DARI MR. LI 08-07-2024"
"4.ATN.ADL-GG-LG950,ANTENA ADVANCE LG-950,GONGREN??,LOCAL,DISCONTINUE ????,INFO DARI MR. LI 08-07-2024"
"4.ATN.ADL-GG-SCBV35,ANTENA ADVANCE SCBV35,GONGREN??,LOCAL,DISCONTINUE ????,INFO DARI MR. LI 08-07-2024"
"4.ATN.ADL-HJ-AA101,ANTENA ADVANCE AA-101,HONG JIAN??,LOCAL,CONTINUE ????,0"
"4.ATN.ADL-HJ-AA201,ANTENA ADVANCE AA-201,HONG JIAN??,LOCAL,CONTINUE ????,0"
"4.ATN.ADL-HJ-AA301,ANTENA ADVANCE AA-301,HONG JIAN??,LOCAL,CONTINUE ????,0"
"4.ATN.ADL-HJ-AA801,ANTENA ADVANCE AA-801,HONG JIAN??,LOCAL,CONTINUE ????,0"
"4.ATN.ADL-HJ-AA830-B,ANTENA ADVANCE AA-830-B,HONG JIAN??,LOCAL,CONTINUE ????,0"
"4.ATN.ADL-HJ-AA901,ANTENA ADVANCE AA-901,HONG JIAN??,LOCAL,CONTINUE ????,0"
"4.ATN.ADL-XX-AA830,ANTENA ADVANCE AA-830(ps+remote),XING XI DI???,LOCAL,DISCONTINUE ????,INFO DARI MR. LI 08-07-2024"
"4.ATN.ADL-XX-AA860,ANTENA ADVANCE AA-860(ps+remote),XING XI DI???,LOCAL,DISCONTINUE ????,INFO DARI MR. LI 08-07-2024"
"4.ATN.ADL-XX-AAD085,ANTENA ADVANCE AAD-085,XING XI DI???,LOCAL,DISCONTINUE ????,INFO DARI MR. LI 08-07-2024"
"4.ATN.ADL-XX-AAD107,ANTENA ADVANCE AAD-107,XING XI DI???,LOCAL,DISCONTINUE ????,INFO DARI MR. LI 08-07-2024"
"4.ATN.AK-AD1000,ANTENA AK AK-AD1000,XING XI DI???,LOCAL,DISCONTINUE ????,INFO DARI MR. LI 08-07-2024"
"4.ATN.AKL-XX-AK850-V3,ANTENA ADVANCE AK-850,XING XI DI???,LOCAL,DISCONTINUE ????,INFO DARI MR. LI 08-07-2024"
"4.ATN.NML-GG-NA850,ANTENA NAMICHI NA-850,GONGREN??,LOCAL,DISCONTINUE ????,INFO DARI MR. LI 08-07-2024"
"4.ATN.NML-GG-NA950,ANTENA NAMICHI NA-950(ps+remote),GONGREN??,LOCAL,DISCONTINUE ????,INFO DARI MR. LI 08-07-2024"
"4.ATN.VLTL-GG-VLT850,ANTENA VOLTRON VLT-850 (ps+remote),GONGREN??,LOCAL,DISCONTINUE ????,INFO DARI MR. LI 08-07-2024"
"4.ATN.VTC-XX-VT850,ANTENA VOTRE VT-850 (ps+remote),XING XI DI???,LOCAL,DISCONTINUE ????,INFO DARI MR. LI 08-07-2024"
"4.ATN.VTL-GG-VT850,ANTENA VOTRE VT-850(ps+remote),GONGREN??,LOCAL,DISCONTINUE ????,INFO DARI MR. LI 08-07-2024"
"4.ATN.VTL-GG-VT950,ANTENA VOTRE VT-950(ps+remote),GONGREN??,LOCAL,DISCONTINUE ????,INFO DARI MR. LI 08-07-2024"
"4.ATN.VTL-GG-VT969D,ANTENA VOTRE VT-969D,GONGREN??,LOCAL,DISCONTINUE ????,INFO DARI MR. LI 08-07-2024"
"4.ATN.VTL-XX-VT850,ANTENA VOTRE VT-850 (ps+remote),XING XI DI???,LOCAL,DISCONTINUE ????,INFO DARI MR LI 20-12-2025"
"4.ATS.ADC-HG-ATS01,ANDROID TV STICK ADVANCE ATS-01,HENGCHEN ??,CHINA,DISCONTINUE ????,INFO DARI MR LI 20-12-2025"
"4.ATS.ADC-YM-ATS01,ANDROID TV STICK ADVANCE ATS-01,HENGCHEN ??,CHINA,DISCONTINUE ????,INFO DARI MR LI 20-12-2025"
"4.BAT.MBPH-ADC-YM-BL4C,MOBILE PHONE BATTERY ADVAN ORIG.BL-4C,YAMENG??,CHINA,DISCONTINUE ????,INFO DARI SUPPLIER 16-08-2024"
"4.BAT.MBPH-ADC-YM-BL4L,MOBILE PHONE BATTERY ADVAN ORIG.BL-4L,YAMENG??,CHINA,DISCONTINUE ????,INFO DARI SUPPLIER 16-08-2024"
"4.BAT.MBPH-ADC-YM-BL4U,MOBILE PHONE BATTERY ADVAN ORIG.BL-4U,YAMENG??,CHINA,DISCONTINUE ????,0"
"4.BAT.MBPH-ADC-YM-BL5B,MOBILE PHONE BATTERY ADVAN ORIG.BL5B,YAMENG??,CHINA,DISCONTINUE ????,INFO DARI SUPPLIER 16-08-2024"
"4.BAT.MBPH-ADC-YM-BL5C,MOBILE PHONE BATTERY ADVAN ORIG.BL5C,YAMENG??,CHINA,DISCONTINUE ????,INFO DARI SUPPLIER 16-08-2024"
"4.BAT.MBPH-ADC-YM-BLS3C,MOBILE PHONE BATTERY ADVAN ORIG.BL-S3,YAMENG??,CHINA,DISCONTINUE ????,0"
"4.BAT.MBPH-ADC-YM-BP45AA,MOBILE PHONE BATTERY ADVAN ORIG.BP45AA,YAMENG??,CHINA,DISCONTINUE ????,INFO DARI SUPPLIER 16-08-2024"
"4.BAT.MBPH-ADC-YM-BP4L,MOBILE PHONE BATTERY ADVAN ORIG.BP-4L,YAMENG??,CHINA,DISCONTINUE ????,INFO DARI SUPPLIER 16-08-2024"
"4.BAT.MBPH-ADC-YM-I4A/14C,MOBILE PHONE BATTERY ADVAN ORIG. I4A/I4C,YAMENG??,CHINA,DISCONTINUE ????,0"
"4.BAT.MBPH-ADC-YM-I4D,MOBILE PHONE BATTERY ADVAN ORIG.I4D,YAMENG??,CHINA,DISCONTINUE ????,0"
"4.BAT.MBPH-ADC-YM-I5,MOBILE PHONE BATTERY ADVAN ORIG.I5,YAMENG??,CHINA,DISCONTINUE ????,0"
"4.BAT.MBPH-ADC-YM-R3D,MOBILE PHONE BATTERY ADVAN ORIG.R3D,YAMENG??,CHINA,DISCONTINUE ????,INFO DARI SUPPLIER 16-08-2024"
"4.BAT.MBPH-ADC-YM-R3E,MOBILE PHONE BATTERY ADVAN ORIG.R3E,YAMENG??,CHINA,DISCONTINUE ????,INFO DARI SUPPLIER 16-08-2024"
"4.BAT.MBPH-ADC-YM-S3,MOBILE PHONE BATTERY ADVAN ORIG.S3,YAMENG??,CHINA,DISCONTINUE ????,INFO DARI SUPPLIER 16-08-2024"
"4.BAT.MBPH-ADC-YM-S35A,MOBILE PHONE BATTERY ADVAN ORIG.S35A,YAMENG??,CHINA,DISCONTINUE ????,0"
"4.BAT.MBPH-ADC-YM-S35E,MOBILE PHONE BATTERY ADVAN ORIG.S35E,YAMENG??,CHINA,DISCONTINUE ????,0"
"4.BAT.MBPH-ADC-YM-S35F,MOBILE PHONE BATTERY ADVAN ORIG.S35F,YAMENG??,CHINA,DISCONTINUE ????,0"
"4.BAT.MBPH-ADC-YM-S3A,MOBILE PHONE BATTERY ADVAN ORIG.S3A,YAMENG??,CHINA,DISCONTINUE ????,INFO DARI SUPPLIER 16-08-2024"
"4.BAT.MBPH-ADC-YM-S3C,MOBILE PHONE BATTERY ADVAN ORIG.S3C,YAMENG??,CHINA,DISCONTINUE ????,0"
"4.BAT.MBPH-ADC-YM-S3C-PLUS,MOBILE PHONE BATTERY ADVAN ORIG.S3C PLUS,YAMENG??,CHINA,DISCONTINUE ????,INFO DARI SUPPLIER 16-08-2024"
"4.BAT.MBPH-ADC-YM-S3D/35G/3H,MOBILE PHONE BATTERY ADVAN ORIG.S3D/35G/3H,YAMENG??,CHINA,DISCONTINUE ????,0"
"4.BAT.MBPH-ADC-YM-S3L,MOBILE PHONE BATTERY ADVAN ORIG.S3L,YAMENG??,CHINA,DISCONTINUE ????,INFO DARI SUPPLIER 16-08-2024"
"4.BAT.MBPH-ADC-YM-S40,MOBILE PHONE BATTERY ADVAN ORIG. S40,YAMENG??,CHINA,DISCONTINUE ????,INFO DARI SUPPLIER 16-08-2024"
"4.BAT.MBPH-ADC-YM-S45D,MOBILE PHONE BATTERY ADVAN ORIG.S45D,YAMENG??,CHINA,DISCONTINUE ????,0"
"4.BAT.MBPH-ADC-YM-S45E,MOBILE PHONE BATTERY ADVAN ORIG.S45E,YAMENG??,CHINA,DISCONTINUE ????,INFO DARI SUPPLIER 16-08-2024"
"4.BAT.MBPH-ADC-YM-S4A,MOBILE PHONE BATTERY ADVAN ORIG. S4A,YAMENG??,CHINA,DISCONTINUE ????,0"
"4.BAT.MBPH-ADC-YM-S4C,MOBILE PHONE BATTERY ADVAN ORIG.S4C,YAMENG??,CHINA,DISCONTINUE ????,0"
"4.BAT.MBPH-ADC-YM-S4E,MOBILE PHONE BATTERY ADVAN ORIG. S4E,YAMENG??,CHINA,DISCONTINUE ????,0"
"4.BAT.MBPH-ADC-YM-S4F/S4P/S4X,MOBILE PHONE BATTERY ADVAN ORIG.S4F/S4P/S4X,YAMENG??,CHINA,DISCONTINUE ????,0"
"4.BAT.MBPH-ADC-YM-S4I/S4Q/S4T 1300MAH,MOBILE PHONE BATTERY ADVAN ORIG. S4I/S4Q/S4T 1300MAH,YAMENG??,CHINA,DISCONTINUE ????,INFO DARI SUPPLIER 16-08-2024"
"4.BAT.MBPH-ADC-YM-S50,MOBILE PHONE BATTERY ADVAN ORIG.S50,YAMENG??,CHINA,DISCONTINUE ????,0"
"4.BAT.MBPH-ADC-YM-S50D,MOBILE PHONE BATTERY ADVAN ORIG.S50D,YAMENG??,CHINA,DISCONTINUE ????,0"
"4.BAT.MBPH-ADC-YM-S50F,MOBILE PHONE BATTERY ADVAN ORIG.S50F,YAMENG??,CHINA,DISCONTINUE ????,0"
"4.BAT.MBPH-ADC-YM-S50G,MOBILE PHONE BATTERY ADVAN ORIG.S50G,YAMENG??,CHINA,DISCONTINUE ????,0"
"4.BAT.MBPH-ADC-YM-S5E,MOBILE PHONE BATTERY ADVAN ORIG.S5E,YAMENG??,CHINA,DISCONTINUE ????,INFO DARI SUPPLIER 16-08-2024"
"4.BAT.MBPH-ADC-YM-S5E4GS,MOBILE PHONE BATTERY ADVAN ORIG.S5E4GS,YAMENG??,CHINA,DISCONTINUE ????,0"
"4.BAT.MBPH-ADC-YM-S5J-PLUS,MOBILE PHONE BATTERY ADVAN ORIG.S5J PLUS,YAMENG??,CHINA,DISCONTINUE ????,0"
"4.BLD.ADC-HM-BL201,BLENDER PORTABLE ADVANCE BL-201,HUAMI,CHINA,DISCONTINUE ????,INFO DARI SUPPLIER 16-08-2024"
"4.BLD.ADC-YM-SE601,COMMERCIAL BLENDER ADVANCE SE-601,YAMENG??,CHINA,DISCONTINUE ????,INFO DARI SUPPLIER 14-10-2023"
"4.BLD.ADC-YS-BL08,BLENDER ADVANCE BL-08,YISHENG??,CHINA,DISCONTINUE ????,0"
"4.BLD.ADC-YS-BL08-BLUE,BLENDER ADVANCE BL-08 BLUE,YISHENG??,CHINA,DISCONTINUE ????,INFO DARI MR LI 20-12-2025"
"4.BLD.ADC-YS-BL09,BLENDER ADVANCE BL-09,YISHENG??,CHINA,DISCONTINUE ????,INFO DARI MR LI 20-12-2025"
"4.BLD.ADL-AD-BL332-G,BLENDER ADVANCE BL-332 GREEN,AIDIFANSI (XINHU),LOCAL,DISCONTINUE ????,INFO DARI MR HANKE 20-06-2026"
"4.BLD.ADL-AD-BL332-PR,BLENDER ADVANCE BL-332 PURPLE,AIDIFANSI (XINHU),LOCAL,DISCONTINUE ????,INFO DARI MR HANKE 20-06-2026"
"4.BLD.ADL-AD-BL332-W,BLENDER ADVANCE BL-332 WHITE,AIDIFANSI (XINHU),LOCAL,DISCONTINUE ????,INFO DARI MR HANKE 20-06-2026"
"4.BLD.ADL-HY-BL02,BLENDER ADVANCE BL-2,HENG YU??,LOCAL,DISCONTINUE ????,INFO DARI MR. YIN 06-10-2025"
"4.BLD.ADL-HY-BL02-ON,BLENDER ADVANCE BL-2 (ON),HENG YU??,LOCAL,DISCONTINUE ????,INFO DARI MR. YIN 06-10-2025"
"4.BLD.ADL-HY-BL02-V3,BLENDER ADVANCE BL-2,HENG YU??,LOCAL,DISCONTINUE ????,INFO DARI MR. YIN 06-10-2025"
"4.BLD.ADL-HY-BL05,BLENDER ADVANCE BL-5,HENG YU??,LOCAL,DISCONTINUE ????,INFO DARI MR. YIN 06-10-2025"
"4.BLD.ADL-HY-BL05-ON,BLENDER ADVANCE BL-5 (ON),HENG YU??,LOCAL,DISCONTINUE ????,INFO DARI MR. YIN 06-10-2025"
"4.BLD.ADL-HY-BL11-R,BLENDER ADVANCE BL-11 RED,HENG YU??,LOCAL,DISCONTINUE ????,INFO DARI MR LI 20-12-2025"
"4.BLD.ADL-HY-BL11-R-ON,BLENDER ADVANCE BL-11 RED (ON),HENG YU??,LOCAL,CONTINUE ????,0"
"4.BLD.ADL-HY-BL11-R-V2,BLENDER ADVANCE BL-11 RED,HENG YU??,LOCAL,CONTINUE ????,0"
"4.BLD.ADL-HY-BL15-G,BLENDER ADVANCE BL-15 GREEN,HENG YU??,LOCAL,DISCONTINUE ????,INFO DARI MR. YIN 06-10-2025"
"4.BLD.ADL-HY-BL20-R,BLENDER ADVANCE BL-20 RED,HENG YU??,LOCAL,DISCONTINUE ????,INFO DARI MR. YIN 06-10-2025"
"4.BLD.ADL-HY-BL20-R-ON,BLENDER ADVANCE BL-20 RED (ON),HENG YU??,LOCAL,DISCONTINUE ????,INFO DARI MR. YIN 06-10-2025"
"4.BLD.ADL-YD-BL07,BLENDER ADVANCE BL-07,YADOU??,LOCAL,CONTINUE ????,INFO DARI MR. YIN 06-10-2025"
"4.BLD.ADL-YD-BL07-ON,BLENDER ADVANCE BL-07 (ON),YADOU??,LOCAL,CONTINUE ????,INFO DARI MR. YIN 06-10-2025"
"4.BLD.ADL-YD-BL333-BL,BLENDER ADVANCE BL-333 BLUE,YADOU??,LOCAL,DISCONTINUE ????,INFO DARI MR. YIN 06-10-2025"
"4.BLD.ADL-YD-BL333-G,BLENDER ADVANCE BL-333 GREEN,YADOU??,LOCAL,DISCONTINUE ????,INFO DARI MR. YIN 06-10-2025"
"4.BLD.ADL-YD-BL333-P,BLENDER ADVANCE BL-333 PINK,YADOU??,LOCAL,DISCONTINUE ????,INFO DARI MR. YIN 06-10-2025"
"4.BLD.ADL-YM-BL06-G-ON,BLENDER ADVANCE BL-06 GREEN (ON),YAMENG??,LOCAL,DISCONTINUE ????,INFO DARI MR HANKE 20-06-2026"
"4.BLD.ADL-YM-BL06-P-ON,BLENDER ADVANCE BL-06 PINK (ON),YAMENG??,LOCAL,DISCONTINUE ????,INFO DARI MR HANKE 20-06-2026"
"4.BLD.ADL-YM-BL08-BL,BLENDER ADVANCE BL-08 BLUE,YAMENG??,LOCAL,CONTINUE ????,0"
"4.BLD.ADL-YM-BL08-P,BLENDER ADVANCE BL-08 PINK,YAMENG??,LOCAL,CONTINUE ????,0"
"4.BLD.ADL-YM-BL08-W,BLENDER ADVANCE BL-08 WHITE,YAMENG??,LOCAL,CONTINUE ????,0"
"4.BLD.ADL-YM-BL20-R,BLENDER ADVANCE BL-20 RED,YAMENG??,LOCAL,DISCONTINUE ????,INFO DARI SUPPLIER 16-08-2024"
"4.BLD.ADL-YM-BL301-BL,BLENDER ADVANCE BL-301 BLUE,YAMENG??,LOCAL,DISCONTINUE ????,INFO DARI MR HANKE 20-06-2026"
"4.BLD.ADL-YM-BL301-G,BLENDER ADVANCE BL-301 GREEN,YAMENG??,LOCAL,DISCONTINUE ????,INFO DARI MR HANKE 20-06-2026"
"4.BLD.ADL-YM-BL301-P,BLENDER ADVANCE BL-301 PINK,YAMENG??,LOCAL,DISCONTINUE ????,INFO DARI MR HANKE 20-06-2026"
"4.BLD.ADL-YS-BL02,BLENDER ADVANCE BL-2,YISHENG??,LOCAL,CONTINUE ????,0"
"4.BLD.ADL-YS-BL02-ON,BLENDER ADVANCE BL-2 (ON),YISHENG??,LOCAL,CONTINUE ????,0"
"4.BLD.ADL-YS-BL05,BLENDER ADVANCE BL-5,YISHENG??,LOCAL,CONTINUE ????,0"
"4.BLD.ADL-YS-BL05-ON,BLENDER ADVANCE BL-5 (ON),YISHENG??,LOCAL,CONTINUE ????,0"
"4.BLD.NML-YS-NBL02A,BLENDER NAMITECH NBL-02A,YISHENG??,LOCAL,DISCONTINUE ????,INFO DARI MR LI 20-12-2025"
"4.BLD.VTC-CX-V8,BLENDER PORTABLE VOTRE V8,CIXI,CHINA,DISCONTINUE ????,INFO DARI MR LI 20-12-2025"
"4.BLD.VTC-HY-V6,BLENDER VOTRE V6,HENG YU??,CHINA,DISCONTINUE ????,INFO DARI MR. YIN 06-10-2025"
"4.CAS.0921-ADL-ZC-NOPS,CASING CREATOR ADVANCE 921BR NO POWER SUPPLY,ZHONG CHANG,LOCAL,DISCONTINUE ????,INFO DARI MR LI 20-12-2025"
"4.CAS.0925-ADL-ZC-NOPS,CASING CREATOR ADVANCE 925BR NO POWER SUPPLY,ZHONG CHANG,LOCAL,DISCONTINUE ????,INFO DARI MR LI 20-12-2025"
"4.CBG.ADC-YM-CM313,COFFEE BEAN GRINDER ADVANCE CM-313,YAMENG??,CHINA,DISCONTINUE ????,INFO DARI SUPPLIER 29-09-2025"
"4.CFM.ADC-YM-CM208A,COFFEE MAKER ADVANCE CM-208A,YAMENG??,CHINA,DISCONTINUE ????,INFO DARI MR LI 20-12-2025"
"4.CFM.ADC-YM-CM208A-NEW,COFFEE MAKER ADVANCE CM-208A NEW,YAMENG??,CHINA,DISCONTINUE ????,INFO DARI MR LI 20-12-2025"
"4.CFM.ADC-YM-CM208A-ON,COFFEE MAKER ADVANCE CM-208A (ON),YAMENG??,CHINA,DISCONTINUE ????,INFO DARI MR LI 20-12-2025"
"4.CFM.ADC-YM-CM208A-V2,COFFEE MAKER ADVANCE CM-208A,YAMENG??,CHINA,DISCONTINUE ????,INFO DARI MR LI 20-12-2025"
"4.CFM.ADC-YM-CM218,COFFEE MAKER ADVANCE CM-218,YAMENG??,CHINA,DISCONTINUE ????,INFO DARI MR LI 20-12-2025"
"4.CFM.ADC-YM-CM228,COFFEE MAKER ADVANCE CM-228,YAMENG??,CHINA,DISCONTINUE ????,INFO DARI SUPPLIER 14-10-2023"
"4.CFM.ADL-YM-CM208A,COFFEE MAKER ADVANCE CM-208A,YAMENG??,LOCAL,CONTINUE ????,0"
"4.CLP.0PAD-VTC-YM-050,COOLING PAD VOTRE 050,YAMENG??,CHINA,DISCONTINUE ????,INFO DARI SUPPLIER 16-08-2024"
"4.CLP.VTC-YM-OV72,COOLING PAD VOTRE OVAL 72,YAMENG??,CHINA,DISCONTINUE ????,INFO DARI SUPPLIER 16-08-2024"
"4.CML.ADC-HJ-ACG108,COFFEE MILL ADVANCE ACG-108,HONG JIAN??,CHINA,DISCONTINUE ????,INFO DARI MR LI 20-12-2025"
"4.CRD.VTC-YM-OTG-02,CARD READER OTG 02,YAMENG??,CHINA,DISCONTINUE ????,INFO DARI SUPPLIER 16-08-2024"
"4.CRD.VTC-YM-SD01,CARD READER SD01,YAMENG??,CHINA,DISCONTINUE ????,INFO DARI SUPPLIER 16-08-2024"
"4.CRD.VTC-YM-SD01-V-TF,CARD READER SD01 VOTRE TF,YAMENG??,CHINA,DISCONTINUE ????,INFO DARI SUPPLIER 16-08-2024"
"4.CTV.CAMR-DIGT-MILI-HD,CCTV TYPE C01,0,CHINA,DISCONTINUE ????,0"
"4.CTV.C-KABL-K753-P200,KABEL K75-3 (PJ:200m),YAMENG??,CHINA,DISCONTINUE ????,INFO DARI SUPPLIER 16-08-2024"
"4.CTV.C-KABL-K755-P200,KABEL K75-5 (PJ:200m),YAMENG??,CHINA,DISCONTINUE ????,INFO DARI SUPPLIER 16-08-2024"
"4.CTV.C-NCR0-DIGT-V100,NCR DIGITAL VIDEO 100,0,CHINA,DISCONTINUE ????,INFO DARI SUPPLIER 16-08-2024"
"4.CTV.C-NCR0-DIGT-V200,NCR DIGITAL VIDEO 200,0,CHINA,DISCONTINUE ????,INFO DARI SUPPLIER 16-08-2024"
"4.CTV.C-NCR0-DIGT-V300,NCR DIGITAL VIDEO 300,0,CHINA,DISCONTINUE ????,INFO DARI MR LI 20-12-2025"
"4.CTV.C-SBNG-KABL-BNC3,SAMBUNGAN KABEL BNC3,YAMENG??,CHINA,DISCONTINUE ????,INFO DARI SUPPLIER 16-08-2024"
"4.CTV.C-SBNG-KABL-BNC5,SAMBUNGAN KABEL BNC5,YAMENG??,CHINA,DISCONTINUE ????,INFO DARI SUPPLIER 16-08-2024"
"4.CTV.VCR-C-GS-DIGT-V100,VCR DIGITAL VIDEO 100,YAMENG??,CHINA,DISCONTINUE ????,INFO DARI SUPPLIER 16-08-2024"
"4.DFR.ADC-YM-FY30,ELECTRIC DEEP FRYER ADVANCE FY-30,YAMENG??,CHINA,DISCONTINUE ????,INFO DARI MR LI 20-12-2025"
"4.DFR.ADC-YM-FY60,ELECTRIC DEEP FRYER ADVANCE FY-60,YAMENG??,CHINA,DISCONTINUE ????,INFO DARI MR LI 20-12-2025"
"4.DNT.ADC-HJ-DM306,DONUT MAKER ADVANCE DM-306,HONG JIAN??,CHINA,DISCONTINUE ????,INFO DARI SUPPLIER 20-08-2024"
"4.EPC.ADC-YM-EPC101,ELECTRIC PRESSURE COOKER ADVANCE EPC-101,YAMENG??,CHINA,DISCONTINUE ????,INFO DARI SUPPLIER 14-10-2023"
"4.EPC.ADC-YM-EPC201,ELECTRIC PRESSURE COOKER ADVANCE EPC-201,YAMENG??,CHINA,DISCONTINUE ????,INFO DARI SUPPLIER 14-10-2023"
"4.FAN.ADC-JT-HSF-10,MINI FAN ADVANCE HSF-10,JIAHAOTTING???,CHINA,DISCONTINUE ????,INFO DARI SUPPLIER 24-10-2025"
"4.FAN.ADC-JT-HSF-20,MINI FAN ADVANCE HSF-20,JIAHAOTTING???,CHINA,DISCONTINUE ????,INFO DARI SUPPLIER 24-10-2025"
"4.FAN.ADC-TQ-HSF-60,MINI FAN ADVANCE HSF-60,TENGQI,CHINA,CONTINUE ????,0"
"4.FAN.ADC-TQ-HSF-70,MINI FAN ADVANCE HSF-70,TENGQI,CHINA,CONTINUE ????,0"
"4.FAN.ADC-TQ-HSF-70-D,MINI FAN ADVANCE HSF-70,TENGQI,CHINA,CONTINUE ????,0"
"4.FAN.ADC-YM-HSF-100,MINI FAN ADVANCE HSF-100,YAMENG??,CHINA,CONTINUE ????,0"
"4.FAN.ADC-YM-HSF-30,MINI FAN ADVANCE HSF-30,YAMENG??,CHINA,CONTINUE ????,0"
"4.FAN.ADC-YM-HSF-40,MINI FAN ADVANCE HSF-40,YAMENG??,CHINA,CONTINUE ????,0"
"4.FAN.ADC-YM-HSF80,MINI FAN ADVANCE HSF-80,YAMENG??,CHINA,CONTINUE ????,0"
"4.FAN.ADC-YM-HSF-80,MINI FAN ADVANCE HSF-80,YAMENG??,CHINA,CONTINUE ????,0"
"4.FAN.MINI.VTL-YM-E818A+PB-BLACK,MINI FAN VOTRE E818A(+PB) BLACK,YAMENG??,LOCAL,DISCONTINUE ????,INFO DARI SUPPLIER 16-08-2024"
"4.FAN.MINI.VTL-YM-E818A+PB-BLUE,MINI FAN VOTRE E818A(+PB) BLUE,YAMENG??,LOCAL,DISCONTINUE ????,INFO DARI MR LI 20-12-2025"
"4.FAN.SCRL-YM-SCDH10-GREEN,MINI FAN SCORE SC-DH10,YAMENG??,LOCAL,DISCONTINUE ????,INFO DARI SUPPLIER 16-08-2024"
"4.FAN.SCRL-YM-SCDH10-PINK,MINI FAN SCORE SC-DH10 PINK,YAMENG??,LOCAL,DISCONTINUE ????,INFO DARI MR LI 20-12-2025"
"4.FAN.SCRL-YM-SCDH11-BLUE,MINI FAN SCORE SC-DH11 BLUE,YAMENG??,LOCAL,DISCONTINUE ????,INFO DARI MR LI 20-12-2025"
"4.FAN.SCRL-YM-SCDH12-PINK,MINI FAN SCORE SC-DH12 PINK,YAMENG??,LOCAL,DISCONTINUE ????,INFO DARI SUPPLIER 16-08-2024"
"4.FAN.SCRL-YM-SCDH12-WHITE,MINI FAN SCORE SC-DH12 WHITE,YAMENG??,LOCAL,DISCONTINUE ????,INFO DARI SUPPLIER 16-08-2024"
"4.FAN.SCRL-YM-SCDH15-BLUE,MINI FAN SCORE SC-DH15 BLUE,YAMENG??,LOCAL,DISCONTINUE ????,INFO DARI SUPPLIER 16-08-2024"
"4.FAN.SCRl-YM-SCDH15-PINK,MINI FAN SCORE SC-DH15 PINK,YAMENG??,LOCAL,DISCONTINUE ????,INFO DARI SUPPLIER 16-08-2024"
"4.FAN.VTC-JT-SF20,MINI FAN VOTRE SF-20,JIAHAOTTING???,CHINA,DISCONTINUE ????,INFO DARI SUPPLIER 24-10-2025"
"4.FAN.VTC-JT-SF21,MINI FAN VOTRE SF-21,JIAHAOTTING???,CHINA,DISCONTINUE ????,INFO DARI SUPPLIER 24-10-2025"
"4.FAN.VTC-JT-SF22,MINI FAN VOTRE SF-22,JIAHAOTTING???,CHINA,DISCONTINUE ????,INFO DARI SUPPLIER 24-10-2025"
"4.FAN.VTC-JT-SF801,MINI FAN VOTRE SF-801,JIAHAOTTING???,CHINA,DISCONTINUE ????,INFO DARI SUPPLIER 24-10-2025"
"4.FAN.VTC-JT-SF802,MINI FAN VOTRE SF-802,JIAHAOTTING???,CHINA,DISCONTINUE ????,INFO DARI SUPPLIER 24-10-2025"
"4.FAN.VTC-JT-SF803,MINI FAN VOTRE SF-803,JIAHAOTTING???,CHINA,DISCONTINUE ????,INFO DARI SUPPLIER 24-10-2025"
"4.FAN.VTC-JT-SF804,MINI FAN VOTRE SF-804,JIAHAOTTING???,CHINA,DISCONTINUE ????,INFO DARI SUPPLIER 24-10-2025"
"4.FAN.VTC-JT-SF805,MINI FAN VOTRE SF-805,JIAHAOTTING???,CHINA,DISCONTINUE ????,INFO DARI SUPPLIER 24-10-2025"
"4.FAN.VTC-JT-SF807,MINI FAN VOTRE SF-807,JIAHAOTTING???,CHINA,DISCONTINUE ????,INFO DARI SUPPLIER 24-10-2025"
"4.FAN.VTC-YM-SF02-BLACK,MINI FAN VOTRE SF-02 BLACK,YAMENG??,LOCAL,DISCONTINUE ????,INFO DARI SUPPLIER 16-08-2024"
"4.FAN.VTC-YM-SF02-BLUE,MINI FAN VOTRE SF-02 BLUE,YAMENG??,LOCAL,DISCONTINUE ????,INFO DARI SUPPLIER 16-08-2024"
"4.FAN.VTC-YM-SF02-GREEN,MINI FAN VOTRE SF-02 GREEN,YAMENG??,LOCAL,DISCONTINUE ????,INFO DARI SUPPLIER 16-08-2024"
"4.FAN.VTC-YM-SF02-ORANGE,MINI FAN VOTRE SF-02 ORANGE,YAMENG??,LOCAL,DISCONTINUE ????,INFO DARI SUPPLIER 16-08-2024"
"4.FAN.VTC-YM-SF02-PINK,MINI FAN VOTRE SF-02 PINK,YAMENG??,LOCAL,DISCONTINUE ????,INFO DARI SUPPLIER 16-08-2024"
"4.FAN.VTC-YM-SF02-PURPLE,MINI FAN VOTRE SF-02 PURPLE,YAMENG??,LOCAL,DISCONTINUE ????,INFO DARI SUPPLIER 16-08-2024"
"4.FAN.VTC-YM-SF02-WHITE,MINI FAN VOTRE SF-02 WHITE,YAMENG??,LOCAL,DISCONTINUE ????,INFO DARI SUPPLIER 16-08-2024"
"4.FAN.VTC-YM-SF15,MINI FAN VOTRE SF-15,YAMENG??,CHINA,CONTINUE ????,0"
"4.FAN.VTC-YM-SF36,MINI FAN VOTRE SF-36,YAMENG??,CHINA,DISCONTINUE ????,INFO DARI MR HANKE 20-06-2026"
"4.FAN.VTL-YM-SF02-BLACK,MINI FAN VOTRE SF-02 BLACK,YAMENG??,LOCAL,DISCONTINUE ????,INFO DARI MR LI 20-12-2025"
"4.FAN.VTL-YM-SF02-BLUE,MINI FAN VOTRE SF-02 BLUE,YAMENG??,LOCAL,DISCONTINUE ????,INFO DARI MR LI 20-12-2025"
"4.FAN.VTL-YM-SF02-GREEN,MINI FAN VOTRE SF-02 GREEN,YAMENG??,LOCAL,DISCONTINUE ????,INFO DARI MR LI 20-12-2025"
"4.FAN.VTL-YM-SF02-ORANGE,MINI FAN VOTRE SF-02 ORANGE,YAMENG??,LOCAL,DISCONTINUE ????,INFO DARI MR LI 20-12-2025"
"4.FAN.VTL-YM-SF02-PINK,MINI FAN VOTRE SF-02 PINK,YAMENG??,LOCAL,DISCONTINUE ????,INFO DARI MR LI 20-12-2025"
"4.FAN.VTL-YM-SF02-PURPLE,MINI FAN VOTRE SF-02 PURPLE,YAMENG??,LOCAL,DISCONTINUE ????,INFO DARI MR LI 20-12-2025"
"4.FAN.VTL-YM-SF02-WHITE,MINI FAN VOTRE SF-02 WHITE,YAMENG??,LOCAL,DISCONTINUE ????,INFO DARI MR LI 20-12-2025"
"4.FAN.VTL-YM-SF05B,MINI FAN VOTRE SF-05B,YAMENG??,LOCAL,DISCONTINUE ????,INFO DARI MR LI 20-12-2025"
"4.FAN.VTL-YM-SF05B-BLACK,MINI FAN VOTRE SF-05B-BLACK,YAMENG??,LOCAL,DISCONTINUE ????,INFO DARI MR LI 20-12-2025"
"4.FAN.VTL-YM-SF05B-BLUE,MINI FAN VOTRE SF-05B BLUE,YAMENG??,LOCAL,CONTINUE ????,0"
"4.FAN.VTL-YM-SF05B-GREEN,MINI FAN VOTRE SF-05B GREEN,YAMENG??,LOCAL,CONTINUE ????,0"
"4.FAN.VTL-YM-SF05-BLACK,MINI FAN VOTRE SF-05 BLACK,YAMENG??,LOCAL,DISCONTINUE ????,INFO DARI MR LI 20-12-2025"
"4.FAN.VTL-YM-SF05B-ORANGE,MINI FAN VOTRE SF-05B ORANGE,YAMENG??,LOCAL,CONTINUE ????,0"
"4.FAN.VTL-YM-SF05B-PINK,MINI FAN VOTRE SF-05B PINK,YAMENG??,LOCAL,CONTINUE ????,0"
"4.FAN.VTL-YM-SF05B-WHITE,MINI FAN VOTRE SF-05B WHITE,YAMENG??,LOCAL,DISCONTINUE ????,INFO DARI MR LI 20-12-2025"
"4.FAN.VTL-YM-SF05-WHITE,MINI FAN VOTRE SF-05 WHITE,YAMENG??,LOCAL,DISCONTINUE ????,INFO DARI MR LI 20-12-2025"
"4.FAN.VTL-YM-SF06-PINK,MINI FAN VOTRE SF-06 PINK,YAMENG??,LOCAL,DISCONTINUE ????,INFO DARI SUPPLIER 16-08-2024"
"4.FAN.VTL-YM-SF06-WHITE,MINI FAN VOTRE SF-06 WHITE,YAMENG??,LOCAL,DISCONTINUE ????,INFO DARI SUPPLIER 16-08-2024"
"4.FAN.VTL-YM-SF07-BLUE,MINI FAN VOTRE SF-07 BLUE,YAMENG??,LOCAL,DISCONTINUE ????,INFO DARI SUPPLIER 16-08-2024"
"4.FAN.VTL-YM-SF07-PINK,MINI FAN VOTRE SF-07 PINK,YAMENG??,LOCAL,DISCONTINUE ????,INFO DARI SUPPLIER 16-08-2024"
"4.FAN.VTL-YM-SF07-YELLOW,MINI FAN VOTRE SF-07 YELLOW,YAMENG??,LOCAL,DISCONTINUE ????,INFO DARI SUPPLIER 16-08-2024"
"4.FAN.VTL-YM-SF08-BLUE,MINI FAN VOTRE SF-08 BLUE,YAMENG??,LOCAL,DISCONTINUE ????,INFO DARI SUPPLIER 16-08-2024"
"4.FAN.VTL-YM-SF08-GREEN,MINI FAN VOTRE SF-08 GREEN,YAMENG??,LOCAL,DISCONTINUE ????,INFO DARI SUPPLIER 16-08-2024"
"4.FAN.VTL-YM-SF08-PINK,MINI FAN VOTRE SF-08 PINK,YAMENG??,LOCAL,DISCONTINUE ????,INFO DARI SUPPLIER 16-08-2024"
"4.FAN.VTL-YM-SF08-WHITE,MINI FAN VOTRE SF-08 WHITE,YAMENG??,LOCAL,DISCONTINUE ????,INFO DARI SUPPLIER 16-08-2024"
"4.FAN.VTL-YM-SF09-BLUE,MINI FAN VOTRE SF-09 BLUE,YAMENG??,LOCAL,DISCONTINUE ????,INFO DARI SUPPLIER 16-08-2024"
"4.FAN.VTL-YM-SF09-GREEN,MINI FAN VOTRE SF-09 GREEN,YAMENG??,LOCAL,DISCONTINUE ????,INFO DARI SUPPLIER 16-08-2024"
"4.FAN.VTL-YM-SF09-ORANGE,MINI FAN VOTRE SF-09 ORANGE,YAMENG??,LOCAL,DISCONTINUE ????,INFO DARI SUPPLIER 16-08-2024"
"4.FAN.VTL-YM-SF09-PINK,MINI FAN VOTRE SF-09 PINK,YAMENG??,LOCAL,DISCONTINUE ????,INFO DARI SUPPLIER 16-08-2024"
"4.FAN.VTL-YM-SF09-PURPLE,MINI FAN VOTRE SF-09 PURPLE,YAMENG??,LOCAL,DISCONTINUE ????,INFO DARI SUPPLIER 16-08-2024"
"4.FAN.VTL-YM-SF09-YELLOW,MINI FAN VOTRE SF-09 YELLOW,YAMENG??,LOCAL,DISCONTINUE ????,INFO DARI SUPPLIER 16-08-2024"
"4.FAN.VTL-YM-SF10-BLUE,MINI FAN VOTRE SF-10 BLUE,YAMENG??,LOCAL,DISCONTINUE ????,INFO DARI MR LI 20-12-2025"
"4.FAN.VTL-YM-SF10-GREEN,MINI FAN VOTRE SF-10 GREEN,YAMENG??,LOCAL,DISCONTINUE ????,INFO DARI MR LI 20-12-2025"
"4.FAN.VTL-YM-SF10-PINK,MINI FAN VOTRE SF-10 PINK,YAMENG??,LOCAL,DISCONTINUE ????,INFO DARI MR LI 20-12-2025"
"4.FAN.VTL-YM-SF10-RED,MINI FAN VOTRE SF-10 RED,YAMENG??,LOCAL,DISCONTINUE ????,INFO DARI MR LI 20-12-2025"
"4.FAN.VTL-YM-SF11-B,MINI FAN VOTRE SF-11 BLACK,YAMENG??,LOCAL,DISCONTINUE ????,INFO DARI SUPPLIER 16-08-2024"
"4.FAN.VTL-YM-SF11-R,MINI FAN VOTRE SF-11 RED,YAMENG??,LOCAL,DISCONTINUE ????,INFO DARI SUPPLIER 16-08-2024"
"4.FAN.VTL-YM-SF12-BL,MINI FAN VOTRE SF-12 BLUE,YAMENG??,LOCAL,CONTINUE ????,0"
"4.FAN.VTL-YM-SF12-P,MINI FAN VOTRE SF-12 PINK,YAMENG??,LOCAL,CONTINUE ????,0"
"4.FAN.VTL-YM-SF12-W,MINI FAN VOTRE SF-12 WHITE,YAMENG??,LOCAL,CONTINUE ????,0"
"4.FAN.VTL-YM-SF13-BL,MINI FAN VOTRE SF-13 BLUE,YAMENG??,LOCAL,DISCONTINUE ????,INFO DARI SUPPLIER 16-08-2024"
"4.FAN.VTL-YM-SF13-P,MINI FAN VOTRE SF-13 PINK,YAMENG??,LOCAL,DISCONTINUE ????,INFO DARI SUPPLIER 16-08-2024"
"4.FAN.VTL-YM-SF13-W,MINI FAN VOTRE SF-13 WHITE,YAMENG??,LOCAL,DISCONTINUE ????,INFO DARI SUPPLIER 16-08-2024"
"4.FAN.VTL-YM-YFS01-BLACK,MINI FAN VOTRE YFS-01 BLACK,YAMENG??,LOCAL,DISCONTINUE ????,INFO DARI SUPPLIER 16-08-2024"
"4.FAN.VTL-YM-YFS01-BLUE,MINI FAN VOTRE YFS-01 BLUE,YAMENG??,LOCAL,DISCONTINUE ????,INFO DARI SUPPLIER 16-08-2024"
"4.FAN.VTL-YM-YFS01-GREEN,MINI FAN VOTRE YFS-01 GREEN,YAMENG??,LOCAL,DISCONTINUE ????,INFO DARI SUPPLIER 16-08-2024"
"4.FAN.VTL-YM-YFS01-PINK,MINI FAN VOTRE YFS-01 PINK,YAMENG??,LOCAL,DISCONTINUE ????,INFO DARI SUPPLIER 16-08-2024"
"4.FAN.VTL-YM-YFS01-PURPLE,MINI FAN VOTRE YFS-01 PURPLE,YAMENG??,LOCAL,DISCONTINUE ????,0"
"4.FAN.VTL-YM-YFS01-PUTIH,MINI FAN VOTRE YFS-01,YAMENG??,LOCAL,DISCONTINUE ????,INFO DARI SUPPLIER 16-08-2024"
"4.FAN.VTL-YM-YFS01-RED,MINI FAN VOTRE YFS-01 RED,YAMENG??,LOCAL,DISCONTINUE ????,INFO DARI SUPPLIER 16-08-2024"
"4.FAN.VTL-YM-YFS04-BLACK,MINI FAN VOTRE YFS-04 BLACK,YAMENG??,LOCAL,DISCONTINUE ????,INFO DARI SUPPLIER 16-08-2024"
"4.FAN.VTL-YM-YFS04-BLUE,MINI FAN VOTRE YFS-04 BLUE,YAMENG??,LOCAL,DISCONTINUE ????,INFO DARI SUPPLIER 16-08-2024"
"4.FAN.VTL-YM-YFS04-GREEN,MINI FAN VOTRE YFS-04 GREEN,YAMENG??,LOCAL,DISCONTINUE ????,INFO DARI SUPPLIER 16-08-2024"
"4.FAN.VTL-YM-YFS04-PINK,MINI FAN VOTRE YFS-04 PINK,YAMENG??,LOCAL,DISCONTINUE ????,INFO DARI SUPPLIER 16-08-2024"
"4.FAN.VTL-YM-YFS04-WHITE,MINI FAN VOTRE YFS-04 WHITE,YAMENG??,LOCAL,DISCONTINUE ????,INFO DARI SUPPLIER 16-08-2024"
"4.FCH.ADC-YM-CHP06,FOOD CHOPPER ADVANCE CHP-06,YAMENG??,CHINA,DISCONTINUE ????,INFO DARI MR. LI 31-08-2022"
"4.FCH.ADC-YM-CHP12,FOOD CHOPPER ADVANCE CHP-12,YAMENG??,CHINA,DISCONTINUE ????,INFO DARI SUPPLIER 16-08-2024"
"4.FCH.ADC-YM-CHP12-V2,FOOD CHOPPER ADVANCE CHP-12,YAMENG??,CHINA,DISCONTINUE ????,INFO DARI SUPPLIER 16-08-2024"
"4.FCH.ADC-YM-CHP15,FOOD CHOPPER ADVANCE CHP-15,YAMENG??,CHINA,DISCONTINUE ????,INFO DARI SUPPLIER 16-08-2024"
"4.FCH.ADC-YM-CHP15N,FOOD CHOPPER ADVANCE CHP-15N,YAMENG??,CHINA,DISCONTINUE ????,INFO DARI SUPPLIER 16-08-2024"
"4.FCH.ADC-YM-CHP18,FOOD CHOPPER ADVANCE CHP-18,YAMENG??,CHINA,DISCONTINUE ????,INFO DARI SUPPLIER 16-08-2024"
"4.FCH.ADC-YM-CHP18-V2,FOOD CHOPPER ADVANCE CHP-18,YAMENG??,CHINA,DISCONTINUE ????,INFO DARI SUPPLIER 16-08-2024"
"4.FCH.ADC-YM-CHP30,FOOD CHOPPER ADVANCE CHP-30,YAMENG??,CHINA,DISCONTINUE ????,INFO DARI SUPPLIER 16-08-2024"
"4.FCH.ADC-YM-CHP30-V2,FOOD CHOPPER ADVANCE CHP-30,YAMENG??,CHINA,DISCONTINUE ????,INFO DARI SUPPLIER 16-08-2024"
"4.FCH.ADL-JE-CHP30A,FOOD CHOPPER ADVANCE CHP-30A,JINJIE??,LOCAL,DISCONTINUE ????,INFO DARI MR LI 20-12-2025"
"4.FCH.ADL-WT-CHP03A-BL,FOOD CHOPPER ADVANCE CHP-03A Blue,WONISITONG,LOCAL,CONTINUE ????,0"
"4.FCH.ADL-WT-CHP03A-G,FOOD CHOPPER ADVANCE CHP-03A Green,WONISITONG,LOCAL,CONTINUE ????,0"
"4.FCH.ADL-WT-CHP03B,FOOD CHOPPER ADVANCE CHP-03B,WONISITONG,LOCAL,DISCONTINUE ????,INFO MR TAN 05-09-2026"
"4.FCH.ADL-WT-CHP03C-BL,FOOD CHOPPER ADVANCE CHP-03C Blue,WONISITONG,LOCAL,CONTINUE ????,0"
"4.FCH.ADL-WT-CHP03C-G,FOOD CHOPPER ADVANCE CHP-03C Green,WONISITONG,LOCAL,CONTINUE ????,0"
"4.FCH.ADL-XQ-CHP03D-W,FOOD CHOPPER ADVANCE CHP-03D WHITE,XINQINCHENG,LOCAL,CONTINUE ????,0"
"4.FCH.ADL-XQ-CHP03D-Y,FOOD CHOPPER ADVANCE CHP-03D YELLOW,XINQINCHENG,LOCAL,CONTINUE ????,0"
"4.FCH.ADL-XQ-CHP03E-BL,FOOD CHOPPER ADVANCE CHP-03E BLUE,XINQINCHENG,LOCAL,CONTINUE ????,0"
"4.FCH.ADL-XQ-CHP03E-W,FOOD CHOPPER ADVANCE CHP-03E WHITE,XINQINCHENG,LOCAL,CONTINUE ????,0"
"4.FCH.ADL-YM-CHP06,FOOD CHOPPER ADVANCE CHP-06,YAMENG??,LOCAL,CONTINUE ????,0"
"4.FCH.ADL-YM-CHP06-ON,FOOD CHOPPER ADVANCE CHP-06 (ON),YAMENG??,LOCAL,CONTINUE ????,0"
"4.FCH.ADL-YM-CHP12,FOOD CHOPPER ADVANCE CHP-12,YAMENG??,LOCAL,DISCONTINUE ????,INFO DARI SUPPLIER 25-02-2025"
"4.FCH.ADL-YM-CHP12-G,FOOD CHOPPER ADVANCE CHP-12 GREEN,YAMENG??,LOCAL,CONTINUE ????,0"
"4.FCH.ADL-YM-CHP12-G-ON,FOOD CHOPPER ADVANCE CHP-12 GREEN (ON),YAMENG??,LOCAL,DISCONTINUE ????,INFO DARI SUPPLIER 25-02-2025"
"4.FCH.ADL-YM-CHP12-R,FOOD CHOPPER ADVANCE CHP-12 RED,YAMENG??,LOCAL,CONTINUE ????,0"
"4.FCH.ADL-YM-CHP12-R-ON,FOOD CHOPPER ADVANCE CHP-12 RED (ON),YAMENG??,LOCAL,DISCONTINUE ????,INFO DARI SUPPLIER 25-02-2025"
"4.FCH.ADL-YM-CHP12-V2,FOOD CHOPPER ADVANCE CHP-12,YAMENG??,LOCAL,CONTINUE ????,0"
"4.FCH.ADL-YM-CHP12-V2-ON,FOOD CHOPPER ADVANCE CHP-12 (ON),YAMENG??,LOCAL,CONTINUE ????,0"
"4.FCH.ADL-YM-CHP12-V3-R,FOOD CHOPPER ADVANCE CHP-12 RED,YAMENG??,LOCAL,DISCONTINUE ????,INFO DARI SUPPLIER 25-02-2025"
"4.FCH.ADL-YM-CHP18,FOOD CHOPPER ADVANCE CHP-18,YAMENG??,LOCAL,DISCONTINUE ????,INFO DARI MR LI 20-12-2025"
"4.FCH.ADL-YM-CHP18A-G,FOOD CHOPPER ADVANCE CHP-18A Green,YAMENG??,LOCAL,CONTINUE ????,0"
"4.FCH.ADL-YM-CHP18A-W,FOOD CHOPPER ADVANCE CHP-18A White,YAMENG??,LOCAL,CONTINUE ????,0"
"4.FCH.ADL-YM-CHP18-ON,FOOD CHOPPER ADVANCE CHP-18 (ON),YAMENG??,LOCAL,DISCONTINUE ????,INFO DARI MR LI 20-12-2025"
"4.FCH.ADL-YM-CHP30,FOOD CHOPPER ADVANCE CHP-30,YAMENG??,LOCAL,DISCONTINUE ????,INFO DARI SUPPLIER 25-02-2025"
"4.FCH.ADL-YM-CHP30-ON,FOOD CHOPPER ADVANCE CHP-30 (ON),YAMENG??,LOCAL,DISCONTINUE ????,INFO DARI SUPPLIER 25-02-2025"
"4.FCH.VTL-YM-CHP-18-P-ON,FOOD CHOPPER VOTRE CHP-18 PINK (ON),YAMENG??,LOCAL,DISCONTINUE ????,INFO DARI MR TAN 22-07-2026"
"4.FCH.VTL-YM-CHP-18-R-ON,FOOD CHOPPER VOTRE CHP-18 RED (ON),YAMENG??,LOCAL,CONTINUE ????,0"
"4.FDK.C-AI-V050-02GB,FLASDICK VANDISK V50 2GEGABYTE,AISHENG??,CHINA,DISCONTINUE ????,INFO SUPPLIER 13-08-2024"
"4.FDK.VNDC-AI-V100-08GB-S,FLASDICK VANDISK V100 8GEGABYTE SILVER,AISHENG??,CHINA,DISCONTINUE ????,INFO SUPPLIER 13-08-2024"
"4.FDK.VNDC-AI-V60N-08GB-B,FLASDICK VANDISK V60N 8GEGABYTE BLACK,AISHENG??,CHINA,DISCONTINUE ????,INFO SUPPLIER 13-08-2024"
"4.FDK.VNDC-AI-V60N-16GB-B,FLASDICK VANDISK V60N 16GEGABYTE BLACK,AISHENG??,CHINA,DISCONTINUE ????,INFO SUPPLIER 13-08-2024"
"4.FDK.VNDC-YM-V050-04GB-B,FLASDICK VANDISK V50 4GEGABYTE BLACK,YAMENG??,CHINA,DISCONTINUE ????,INFO DARI MR LI 20-12-2025"
"4.FDK.VNDC-YM-V050-08GB-B,FLASDICK VANDISK V50 8GEGABYTE BLACK,YAMENG??,CHINA,DISCONTINUE ????,INFO DARI MR LI 20-12-2025"
"4.FDK.VNDC-YM-V050-16GB-B,FLASDICK VANDISK V50 16GEGABYTE BLACK,YAMENG??,CHINA,DISCONTINUE ????,INFO DARI SUPPLIER 16-08-2024"
"4.FDK.VNDC-YM-V060-08GB-B,FLASDICK VANDISK V60 8GEGABYTE BLACK,YAMENG??,CHINA,DISCONTINUE ????,INFO DARI SUPPLIER 16-08-2024"
"4.FDK.VNDC-YM-V80-08GB-S,FLASDICK VANDISK V80 8GEGABYTE,YAMENG??,CHINA,DISCONTINUE ????,INFO DARI SUPPLIER 16-08-2024"
"4.FDK.VNDC-YM-V80-16GB,FLASDICK VANDISK V80 16GEGABYTE,YAMENG??,CHINA,DISCONTINUE ????,INFO DARI SUPPLIER 16-08-2024"
"4.FSE.CPLE-C-YM-SPW05-PLAST,FISH EYES/ CLIP LENS SPW-05 PLASTIK,YAMENG??,CHINA,DISCONTINUE ????,INFO DARI SUPPLIER 16-08-2024"
"4.FSE.CPLE-C-YM-YL02,FISH EYES/ CLIP LENS YL.02,YAMENG??,CHINA,DISCONTINUE ????,INFO DARI SUPPLIER 16-08-2024"
"4.FSE.CPLE-C-YM-YL03,FISH EYES/ CLIP LENS YL.03,YAMENG??,CHINA,DISCONTINUE ????,INFO DARI SUPPLIER 16-08-2024"
"4.GGR.ADL-YM-GBG1002,GAS GRILL 2 TUNGKU ADVANCE GBG-1002,YAMENG??,LOCAL,DISCONTINUE ????,INFO DARI SUPPLIER 14-10-2023"
"4.GGR.ADL-YM-GBG1003,GAS GRILL 3 TUNGKU ADVANCE GBG-1003,YAMENG??,LOCAL,DISCONTINUE ????,INFO DARI SUPPLIER 14-10-2023"
"4.GGR.ADL-YM-GBG1004,GAS GRILL 4 TUNGKU ADVANCE GBG-1004,YAMENG??,LOCAL,DISCONTINUE ????,INFO DARI SUPPLIER 14-10-2023"
"4.GGR.ADL-YM-GBG1012,GAS GRILL 2 TUNGKU ADVANCE GBG-1012,YAMENG??,LOCAL,CONTINUE ????,0"
"4.GGR.ADL-YM-GBG1013,GAS GRILL 3 TUNGKU ADVANCE GBG-1013,YAMENG??,LOCAL,CONTINUE ????,0"
"4.GGR.ADL-YM-GBG1014,GAS GRILL 4 TUNGKU ADVANCE GBG-1014,YAMENG??,LOCAL,CONTINUE ????,0"
"4.GME.VTC-BITV648,GAME VOTRE BIT V-648,0,CHINA,DISCONTINUE ????,0"
"4.GME.VTC-S168,GAME VOTRE S-168,0,CHINA,DISCONTINUE ????,0"
"4.GME.VTC-V128,GAME VOTRE V-128,0,CHINA,DISCONTINUE ????,0"
"4.GME.VTC-V138,GAME VOTRE V-138,0,CHINA,DISCONTINUE ????,0"
"4.GME.VTC-V328,GAME VOTRE V-328,0,CHINA,DISCONTINUE ????,0"
"4.GRL.ADC-HJ-GM306,GRILL MAKER ADVANCE GM-306,HONG JIAN??,CHINA,DISCONTINUE ????,INFO DARI SUPPLIER 16-10-2023"
"4.GWH.ADC-JS-GWH10,Gas Water Heater ADVANCE GWH-10,JENSEN,CHINA,DISCONTINUE ????,BLM DI KONFIRMASI"
"4.GWH.ADC-JS-GWH20,Gas Water Heater ADVANCE GWH-20,JENSEN,CHINA,DISCONTINUE ????,BLM DI KONFIRMASI"
"4.GWH.ADC-JS-GWH30,Gas Water Heater ADVANCE GWH-30,JENSEN,CHINA,DISCONTINUE ????,BLM DI KONFIRMASI"
"4.GWH.ADC-YM-GWH50,Gas Water Heater ADVANCE GWH-50,YAMENG??,CHINA,CONTINUE ????,0"
"4.GWH.ADC-YM-GWH60,Gas Water Heater ADVANCE GWH-60,YAMENG??,CHINA,CONTINUE ????,0"
"4.GWH.ADC-YM-GWH70,Gas Water Heater ADVANCE GWH-70,YAMENG??,CHINA,CONTINUE ????,0"
"4.HJC.ADC-HJ-HJ370,HAND JUICER ADVANCE HJ-370,HONG JIAN??,CHINA,CONTINUE ????,0"
"4.HST.ADC-YM-GH01,HEADSET ADVANCE GH-01,YAMENG??,CHINA,DISCONTINUE ????,INFO DARI SUPPLIER 16-08-2024"
"4.HST.ADC-YM-MH-001 BLACK,HEADSET MH-001 BLACK,YAMENG??,CHINA,DISCONTINUE ????,INFO DARI SUPPLIER 16-08-2024"
"4.HST.BLUE-C-YM-TOTH-X9,HEADSET BLUE TOOTH X9,YAMENG??,CHINA,DISCONTINUE ????,INFO DARI SUPPLIER 16-08-2024"
"4.HST.BLUE-C-YM-TOTH-X9A,HEADSET BLUE TOOTH X9A,YAMENG??,CHINA,DISCONTINUE ????,INFO DARI SUPPLIER 16-08-2024"
"4.HST.BLUE-C-YM-TOTH-X9B,HEADSET BLUE TOOTH X9B BLACK,YAMENG??,CHINA,DISCONTINUE ????,INFO DARI SUPPLIER 16-08-2024"
"4.HST.BLUE-C-YM-TOTH-X9D,HEADSET BLUE TOOTH X9D,YAMENG??,CHINA,DISCONTINUE ????,INFO DARI SUPPLIER 16-08-2024"
"4.HST.C-MH-002 WHITE,HEADSET MH-002 WHITE,YAMENG??,CHINA,DISCONTINUE ????,INFO DARI SUPPLIER 16-08-2024"
"4.HST.C-MH-004-BLACK RED,HEADSET MH-004 BLACK RED,YAMENG??,CHINA,DISCONTINUE ????,INFO DARI SUPPLIER 16-08-2024"
"4.HST.C-MH-005C,HEADSET MH-005C BLUE,YAMENG??,CHINA,DISCONTINUE ????,INFO DARI SUPPLIER 16-08-2024"
"4.HST.C-MH033-WHITE,HEADSET MH-033 WHITE,0,CHINA,DISCONTINUE ????,INFO DARI MR LI 20-12-2025"
"4.HST.C-MH034C,HEADSET MH-034C,YAMENG??,CHINA,DISCONTINUE ????,INFO DARI SUPPLIER 16-08-2024"
"4.HST.C-MH-061,HEADSET MH-061,YAMENG??,CHINA,DISCONTINUE ????,INFO DARI SUPPLIER 16-08-2024"
"4.HST.C-YM-BLUETOOTH X10,HEADSET BLUE TOOTH X10 BLUE,YAMENG??,CHINA,DISCONTINUE ????,INFO DARI SUPPLIER 16-08-2024"
"4.HST.C-YM-MH031,HEADSET MH-031,YAMENG??,CHINA,DISCONTINUE ????,0"
"4.HST.C-YM-MH031-BLACK,HEADSET MH-031 BLACK,YAMENG??,CHINA,DISCONTINUE ????,0"
"4.HST.C-YM-MH032,HEADSET MH-032,YAMENG??,CHINA,DISCONTINUE ????,INFO DARI SUPPLIER 16-08-2024"
"4.HST.C-YM-MH051G BLACK+BLUE,HEADSET MH-051G BLACK+BLUE,YAMENG??,CHINA,DISCONTINUE ????,INFO DARI SUPPLIER 16-08-2024"
"4.HST.C-YM-MH-061 BLACK,HEADSET MH-061 BLACK,YAMENG??,CHINA,DISCONTINUE ????,INFO DARI SUPPLIER 16-08-2024"
"4.HST.C-YM-SET 9102,HEAD SET 9102,YAMENG??,CHINA,DISCONTINUE ????,INFO DARI SUPPLIER 16-08-2024"
"4.HST.C-YM-SET 9109,HEAD SET 9109,YAMENG??,CHINA,DISCONTINUE ????,INFO DARI SUPPLIER 16-08-2024"
"4.HST.C-YM-SET CM990,HEAD SET CM990,YAMENG??,CHINA,DISCONTINUE ????,INFO DARI MR LI 20-12-2025"
"4.HST.C-YM-SET CM992,HEAD SET CM992,YAMENG??,CHINA,DISCONTINUE ????,INFO DARI MR LI 20-12-2025"
"4.HST.C-YM-X10BT-PLUS,HEADSET BLUE TOOTH PLUS X10,YAMENG??,CHINA,DISCONTINUE ????,INFO DARI SUPPLIER 16-08-2024"
"4.HST.EAPH-ADC-XS-TWS100,HEADSET TWS 100,XIESHOU? ?,CHINA,DISCONTINUE ????,INFO DARI MR. LI 08-07-2024"
"4.HST.EAPH-ADC-XS-TWS100-V2,HEADSET EARPHONE BLUETOOTH ADVANCE TWS-100,XIESHOU? ?,CHINA,DISCONTINUE ????,INFO DARI MR. LI 08-07-2024"
"4.HST.EAPH-C-YM-MU01,HEADSET EARPHONE MU-01,YAMENG??,CHINA,DISCONTINUE ????,INFO DARI SUPPLIER 16-08-2024"
"4.HST.EAPH-C-YM-MU03,HEADSET EARPHONE MU-03 WHITE,YAMENG??,CHINA,DISCONTINUE ????,INFO DARI SUPPLIER 16-08-2024"
"4.HST.EAPH-C-YM-MU04,HEADSET EARPHONE MU04 WHITE,YAMENG??,CHINA,DISCONTINUE ????,INFO DARI SUPPLIER 16-08-2024"
"4.HST.EAPH-C-YM-MU05-BLACK,HEADSET EARPHONE MU05 BLACK,YAMENG??,CHINA,DISCONTINUE ????,INFO DARI MR LI 20-12-2025"
"4.HST.EAPH-C-YM-MU06-BLACK,HEADSET EARPHONE MU06 BLACK,YAMENG??,CHINA,DISCONTINUE ????,INFO DARI SUPPLIER 16-08-2024"
"4.HST.EAPH-C-YM-MU07,HEADSET EARPHONE MU07,YAMENG??,CHINA,DISCONTINUE ????,INFO DARI SUPPLIER 16-08-2024"
"4.HST.EAPH-C-YM-MU08,HEADSET EARPHONE MU08,YAMENG??,CHINA,DISCONTINUE ????,INFO DARI SUPPLIER 16-08-2024"
"4.HST.EAPH-C-YM-MU09,HEADSET EARPHONE MU09 BLACK,YAMENG??,CHINA,DISCONTINUE ????,INFO DARI SUPPLIER 16-08-2024"
"4.HST.EAPH-C-YM-MU10-BLUE,HEADSET EARPHONE MU10 BLUE,YAMENG??,CHINA,DISCONTINUE ????,INFO DARI SUPPLIER 16-08-2024"
"4.HST.EARPHONE-C-AI-ME100,HEADSET EARPHONE ME100,AISHENG??,CHINA,DISCONTINUE ????,INFO SUPPLIER 13-08-2024"
"4.HST.EARPHONE-C-AI-ME200,HEADSET EARPHONE ME200,AISHENG??,CHINA,DISCONTINUE ????,INFO SUPPLIER 13-08-2024"
"4.HST.EARPHONE-C-AI-ME300,HEADSET EARPHONE ME300,AISHENG??,CHINA,DISCONTINUE ????,INFO SUPPLIER 13-08-2024"
"4.HST.EARPHONE-C-YM-ME888,HEADSET EARPHONE ME888,YAMENG??,CHINA,DISCONTINUE ????,INFO DARI SUPPLIER 16-08-2024"
"4.HST.EARPHONE-C-YM-ME888-PLUS,HEADSET EARPHONE ME888 PLUS,YAMENG??,CHINA,DISCONTINUE ????,INFO DARI SUPPLIER 16-08-2024"
"4.HST.EARPHONE-C-YM-ME888-V2,HEADSET EARPHONE ME888,YAMENG??,CHINA,DISCONTINUE ????,INFO DARI SUPPLIER 16-08-2024"
"4.HST.EARPHONE-L-XS-X8L,HEADSET EARPHONE BLUETOOTH X8-L,XIESHOU? ?,CHINA,DISCONTINUE ????,INFO DARI SUPPLIER 16-08-2024"
"4.HST.EARPHONE-L-XS-X8L-V2-B,HEADSET EARPHONE BLUETOOTH MISHOW X8L BLACK,XIESHOU? ?,CHINA,DISCONTINUE ????,INFO DARI MR LI 20-12-2025"
"4.HST.MHC-YM-061 WHITE,HEADSET MH-061 WHITE,YAMENG??,CHINA,DISCONTINUE ????,INFO DARI SUPPLIER 16-08-2024"
"4.ICK.ADC-HJ-IM1018,ICE MAKER ADVANCE IM-1018,HONG JIAN??,CHINA,DISCONTINUE ????,INFO DARI MR LI 20-12-2025"
"4.ICK.ADC-HJ-IM2088,ICE MAKER ADVANCE IM-2088,HONG JIAN??,CHINA,DISCONTINUE ????,INFO DARI MR LI 20-12-2025"
"4.ICM.ADC-HJ-SE201,ICE CRUSHER MACHINE ADVANCE SE-201,HONG JIAN??,CHINA,CONTINUE ????,0"
"4.IDC.ADC-YM-IDC100,INDUCTION COOKER ADVANCE IDC-100,YAMENG??,CHINA,DISCONTINUE ????,INFO DARI SUPPLIER 16-08-2024"
"4.IDC.ADC-YM-IDC200,INDUCTION COOKER ADVANCE IDC-200,YAMENG??,CHINA,DISCONTINUE ????,INFO DARI SUPPLIER 16-08-2024"
"4.IDC.ADC-YM-IDC200-PRO,INDUCTION COOKER ADVANCE IDC-200 PRO,YAMENG??,CHINA,DISCONTINUE ????,INFO DARI SUPPLIER 16-08-2024"
"4.IDC.ADC-YM-IDC300,INDUCTION COOKER ADVANCE IDC-300,YAMENG??,CHINA,DISCONTINUE ????,INFO DARI SUPPLIER 16-08-2024"
"4.IDC.ADC-YM-IDCE1,INDUCTION COOKER ADVANCE IDC-E1,YAMENG??,CHINA,DISCONTINUE ????,INFO DARI SUPPLIER 16-08-2024"
"4.IDC.ADL-YM-IDC100,INDUCTION COOKER ADVANCE IDC-100,YAMENG??,LOCAL,DISCONTINUE ????,INFO DARI MR LI 20-12-2025"
"4.IDC.ADL-YM-IDC100-ON,INDUCTION COOKER ADVANCE IDC-100 (ON),YAMENG??,LOCAL,DISCONTINUE ????,INFO DARI MR LI 20-12-2025"
"4.IDC.ADL-YM-IDC300,INDUCTION COOKER ADVANCE IDC-300,YAMENG??,LOCAL,CONTINUE ????,0"
"4.IDC.ADL-YM-IDC300-ON,INDUCTION COOKER ADVANCE IDC-300 (ON),YAMENG??,LOCAL,DISCONTINUE ????,INFO DARI MR LI 20-12-2025"
"4.IDC.ADL-YM-IDCE1,INDUCTION COOKER ADVANCE IDC-E1,YAMENG??,LOCAL,DISCONTINUE ????,INFO DARI MR LI 20-12-2025"
"4.IDC.ADL-YM-IDCE1-ON,INDUCTION COOKER ADVANCE IDC-E1 (ON),YAMENG??,LOCAL,DISCONTINUE ????,INFO DARI MR LI 20-12-2025"
"4.JUC.ADC-YM-JA401,JUICER EXTRACTOR ADVANCE J-A401,YAMENG??,CHINA,DISCONTINUE ????,INFO DARI SUPPLIER 14-10-2023"
"4.KBL.C-AI-MCB002,KABEL Micro USB Line MISHOW MCB 002,AISHENG??,CHINA,DISCONTINUE ????,INFO DARI SUPPLIER 16-08-2024"
"4.KBL.C-AI-MCB003,KABEL Micro USB Line MISHOW MCB 003,AISHENG??,CHINA,DISCONTINUE ????,INFO SUPPLIER 13-08-2024"
"4.KBL.C-DC11-100,KABEL USB DC11-100,YAMENG??,CHINA,DISCONTINUE ????,INFO DARI SUPPLIER 16-08-2024"
"4.KBL.C-DC11-100G,KABEL USB DC11-100,0,CHINA,DISCONTINUE ????,INFO DARI MR LI 20-12-2025"
"4.KBL.C-MICR-1+1L-50,CABLE 1+1L, 50CM,YAMENG??,CHINA,DISCONTINUE ????,INFO DARI SUPPLIER 16-08-2024"
"4.KBL.C-MICR-3+1L-50,CABLE 3+1L, 50CM,YAMENG??,CHINA,DISCONTINUE ????,INFO DARI SUPPLIER 16-08-2024"
"4.KBL.C-MICR-CC01-30,CABLE MIKRO CC01-30 300mm,YAMENG??,CHINA,DISCONTINUE ????,INFO DARI SUPPLIER 16-08-2024"
"4.KBL.C-YM-DC01,KABEL USB 2IN1 DC01-100 WHITE,YAMENG??,CHINA,DISCONTINUE ????,INFO DARI SUPPLIER 16-08-2024"
"4.KBL.C-YM-DC02-100,KABEL USB DC02-100 WHITE,YAMENG??,CHINA,DISCONTINUE ????,INFO DARI SUPPLIER 16-08-2024"
"4.KBL.C-YM-DC02-IP80,KABEL USB DC02-IP80 PERWARNA,YAMENG??,CHINA,DISCONTINUE ????,INFO DARI SUPPLIER 16-08-2024"
"4.KBL.C-YM-DC03-100B,KABEL USB DC03-100 BLACK,YAMENG??,CHINA,DISCONTINUE ????,INFO DARI MR LI 20-12-2025"
"4.KBL.C-YM-DC04-100,KABEL USB DC04-100 WHITE,YAMENG??,CHINA,DISCONTINUE ????,INFO DARI SUPPLIER 16-08-2024"
"4.KBL.C-YM-DC05-100B,KABEL USB DC05-100 BLACK,YAMENG??,CHINA,DISCONTINUE ????,INFO DARI MR LI 20-12-2025"
"4.KBL.C-YM-DC06-100B,KABEL USB DC06-100 BLACK,YAMENG??,CHINA,DISCONTINUE ????,INFO DARI MR LI 20-12-2025"
"4.KBL.C-YM-DC07-100B,KABEL USB DC07-100 BLACK,YAMENG??,CHINA,DISCONTINUE ????,INFO DARI MR LI 20-12-2025"
"4.KBL.C-YM-DC09-100,KABEL USB DC09-100,YAMENG??,CHINA,DISCONTINUE ????,INFO DARI MR LI 20-12-2025"
"4.KBL.C-YM-DC10-100,KABEL USB DC10-100,YAMENG??,CHINA,DISCONTINUE ????,INFO DARI SUPPLIER 16-08-2024"
"4.KBL.C-YM-KEYB-TABL,KABLE TABLET KEYBOARD,YAMENG??,CHINA,DISCONTINUE ????,INFO DARI SUPPLIER 16-08-2024"
"4.KBL.C-YM-MCB001-TYPE C,KABEL USB Line MISHOW MCB 001 TYPE C,YAMENG??,CHINA,DISCONTINUE ????,INFO DARI SUPPLIER 16-08-2024"
"4.KBL.C-YM-MICR-4+1L-50,CABLE 4+1L, 50CM,YAMENG??,CHINA,DISCONTINUE ????,INFO DARI SUPPLIER 16-08-2024"
"4.KBL.C-YM-MICR-5+1L-50,CABLE 5+1L, 50CM,YAMENG??,CHINA,DISCONTINUE ????,INFO DARI SUPPLIER 16-08-2024"
"4.KBL.C-YM-MICR-CC01-120,CABLE MIKRO CC01-120 1200mm,YAMENG??,CHINA,DISCONTINUE ????,INFO DARI SUPPLIER 16-08-2024"
"4.KBL.C-YM-MICR-CC01-200,CABLE MIKRO CC01-200 2000mm,YAMENG??,CHINA,DISCONTINUE ????,INFO DARI SUPPLIER 16-08-2024"
"4.KBL.C-YM-MICR-CC01-60,CABLE MIKRO CC01-60 600mm,YAMENG??,CHINA,DISCONTINUE ????,INFO DARI SUPPLIER 16-08-2024"
"4.KBL.C-YM-Q10C-BLACK,KABEL USB Q10C BLACK,YAMENG??,CHINA,DISCONTINUE ????,INFO DARI SUPPLIER 16-08-2024"
"4.KBL.C-YM-Q10M,KABEL USB Q10M,YAMENG??,CHINA,DISCONTINUE ????,INFO DARI SUPPLIER 16-08-2024"
"4.KBL.C-YM-Q1-100BL,KABEL USB Q1-100 BLUE,YAMENG??,CHINA,DISCONTINUE ????,INFO DARI SUPPLIER 16-08-2024"
"4.KBL.C-YM-Q1-100PI,KABEL USB Q1-100,YAMENG??,CHINA,DISCONTINUE ????,INFO DARI SUPPLIER 16-08-2024"
"4.KBL.C-YM-Q1L-100,KABEL USB Q1L-100,YAMENG??,CHINA,DISCONTINUE ????,INFO DARI SUPPLIER 16-08-2024"
"4.KBL.C-YM-Q1L-100W,KABEL USB Q1L-100,YAMENG??,CHINA,DISCONTINUE ????,INFO DARI SUPPLIER 16-08-2024"
"4.KBL.C-YM-Q2-100 USB LINE,KABEL USB Q2-100 USB LINE,YAMENG??,CHINA,DISCONTINUE ????,INFO DARI SUPPLIER 16-08-2024"
"4.KBL.DC21-100C,KABEL USB DC21-100C WHITE,0,CHINA,DISCONTINUE ????,BLM DI KONFIRMASI"
"4.KBL.HDMI-C-YM-BLACK-1M,KABEL HDMI BLACK 1 Meter,YAMENG??,CHINA,CONTINUE ????,0"
"4.KBL.HDMI-C-YM-HDC01,KABEL HDMI BLACK ADVANCE HDC-01,YAMENG??,CHINA,DISCONTINUE ????,INFO DARI MR LI 20-12-2025"
"4.KET.ADC-YM-AK151,KETEL/ TEKO LISTRIK ADVANCE AK-151,YAMENG??,CHINA,DISCONTINUE ????,INFO DARI SUPPLIER 16-08-2024"
"4.KET.ADC-YM-AK151-B,KETEL/ TEKO LISTRIK ADVANCE AK-151 BLACK,YAMENG??,CHINA,DISCONTINUE ????,INFO DARI SUPPLIER 16-08-2024"
"4.KET.ADC-YM-AK181,KETEL/ TEKO LISTRIK ADVANCE AK-181,YAMENG??,CHINA,DISCONTINUE ????,INFO DARI SUPPLIER 16-08-2024"
"4.KET.ADC-YM-AK182,KETEL/ TEKO LISTRIK ADVANCE AK-182,YAMENG??,CHINA,DISCONTINUE ????,INFO DARI SUPPLIER 14-07-2025"
"4.KET.ADC-YM-AK183-BLACK,KETEL/ TEKO LISTRIK ADVANCE AK-183 BLACK,YAMENG??,CHINA,DISCONTINUE ????,INFO DARI SUPPLIER 16-08-2024"
"4.KET.ADC-YM-AK183-BROWN,KETEL/ TEKO LISTRIK ADVANCE AK-183 BROWN,YAMENG??,CHINA,DISCONTINUE ????,INFO DARI SUPPLIER 16-08-2024"
"4.KET.ADC-YM-AK183-G,KETEL/ TEKO LISTRIK ADVANCE AK-183,YAMENG??,CHINA,DISCONTINUE ????,INFO DARI SUPPLIER 16-08-2024"
"4.KET.ADC-YM-AK183-LIGHT GREEN,KETEL/ TEKO LISTRIK ADVANCE AK-183 LIGHT GREEN,YAMENG??,CHINA,DISCONTINUE ????,INFO DARI SUPPLIER 16-08-2024"
"4.KET.ADC-YM-AK184,KETEL/ TEKO LISTRIK ADVANCE AK-184,YAMENG??,CHINA,DISCONTINUE ????,INFO DARI MR LI 20-12-2025"
"4.KET.ADC-YM-AK184-BL,KETEL/ TEKO LISTRIK ADVANCE AK-184 BLUE,YAMENG??,CHINA,DISCONTINUE ????,INFO DARI MR LI 20-12-2025"
"4.KET.ADC-YM-AK185,KETEL/ TEKO LISTRIK ADVANCE AK-185,YAMENG??,CHINA,DISCONTINUE ????,INFO DARI MR LI 20-12-2025"
"4.KET.ADC-YM-AK185-BR,KETEL/ TEKO LISTRIK ADVANCE AK-185 BROWN,YAMENG??,CHINA,DISCONTINUE ????,INFO DARI MR LI 20-12-2025"
"4.KET.ADC-YM-AK186-B,KETEL/ TEKO LISTRIK ADVANCE AK-186 BLACK,YAMENG??,CHINA,DISCONTINUE ????,INFO DARI MR LI 20-12-2025"
"4.KET.ADC-YM-AK186-W,KETEL/ TEKO LISTRIK ADVANCE AK-186 WHITE,YAMENG??,CHINA,DISCONTINUE ????,INFO DARI MR LI 20-12-2025"
"4.KET.ADC-YM-AK251,KETEL/ TEKO LISTRIK ADVANCE AK-251,YAMENG??,CHINA,DISCONTINUE ????,INFO DARI SUPPLIER 20-11-2023"
"4.KET.ADL-YM-AK151-B,KETEL/ TEKO LISTRIK ADVANCE AK-151 BLACK,YAMENG??,LOCAL,DISCONTINUE ????,INFO DARI MR LI 20-12-2025"
"4.KET.ADL-YM-AK151-BR,KETEL/ TEKO LISTRIK ADVANCE AK-151 BROWN,YAMENG??,LOCAL,CONTINUE ????,0"
"4.KET.ADL-YM-AK151-BR-ON,KETEL/ TEKO LISTRIK ADVANCE AK-151 BROWN (ON),YAMENG??,LOCAL,DISCONTINUE ????,INFO DARI MR LI 20-12-2025"
"4.KET.ADL-YM-AK151-CR,KETEL/ TEKO LISTRIK ADVANCE AK-151 COLA RED,YAMENG??,LOCAL,CONTINUE ????,0"
"4.KET.ADL-YM-AK151-CR-ON,KETEL/ TEKO LISTRIK ADVANCE AK-151 COLA RED (ON),YAMENG??,LOCAL,DISCONTINUE ????,INFO DARI MR LI 20-12-2025"
"4.KET.ADL-YM-AK151-SB,KETEL/ TEKO LISTRIK ADVANCE AK-151 SKY BLUE,YAMENG??,LOCAL,CONTINUE ????,0"
"4.KET.ADL-YM-AK151-SB-ON,KETEL/ TEKO LISTRIK ADVANCE AK-151 SKY BLUE (ON),YAMENG??,LOCAL,DISCONTINUE ????,INFO DARI MR LI 20-12-2025"
"4.KET.ADL-YM-AK181-B,KETEL/ TEKO LISTRIK ADVANCE AK-181 BLACK,YAMENG??,LOCAL,CONTINUE ????,0"
"4.KET.ADL-YM-AK181-BL,KETEL/ TEKO LISTRIK ADVANCE AK-181 BLUE,YAMENG??,LOCAL,CONTINUE ????,0"
"4.KET.ADL-YM-AK181-BL-ON,KETEL/ TEKO LISTRIK ADVANCE AK-181 BLUE (ON),YAMENG??,LOCAL,DISCONTINUE ????,INFO DARI MR LI 20-12-2025"
"4.KET.ADL-YM-AK181-BR,KETEL/ TEKO LISTRIK ADVANCE AK-181 BROWN,YAMENG??,LOCAL,CONTINUE ????,0"
"4.KET.ADL-YM-AK181-BR-ON,KETEL/ TEKO LISTRIK ADVANCE AK-181 BROWN (ON),YAMENG??,LOCAL,DISCONTINUE ????,INFO DARI MR LI 20-12-2025"
"4.KET.ADL-YM-AK181-R,KETEL/ TEKO LISTRIK ADVANCE AK-181 RED,YAMENG??,LOCAL,CONTINUE ????,0"
"4.KET.ADL-YM-AK181-R-ON,KETEL/ TEKO LISTRIK ADVANCE AK-181 RED (ON),YAMENG??,LOCAL,DISCONTINUE ????,INFO DARI MR LI 20-12-2025"
"4.KET.ADL-YM-AK182,KETEL/ TEKO LISTRIK ADVANCE AK-182,YAMENG??,LOCAL,DISCONTINUE ????,INFO DARI SUPPLIER 25-02-2025"
"4.KET.ADL-YM-AK182-PR,KETEL/ TEKO LISTRIK ADVANCE AK-182 PURPLE,YAMENG??,LOCAL,DISCONTINUE ????,INFO DARI SUPPLIER 25-02-2025"
"4.KET.ADL-YM-AK182-PR-ETP,KETEL/ TEKO LISTRIK ADVANCE AK-182 PURPLE (Es Teh Poci),YAMENG??,LOCAL,CONTINUE ????,0"
"4.KET.ADL-YM-AK182-PR-ON,KETEL/ TEKO LISTRIK ADVANCE AK-182 PURPLE (ON),YAMENG??,LOCAL,DISCONTINUE ????,INFO DARI SUPPLIER 25-02-2025"
"4.KET.ADL-YM-AK182-R,KETEL/ TEKO LISTRIK ADVANCE AK-182 RED,YAMENG??,LOCAL,DISCONTINUE ????,INFO DARI SUPPLIER 25-02-2025"
"4.KET.ADL-YM-AK182-R-ON,KETEL/ TEKO LISTRIK ADVANCE AK-182 RED (ON),YAMENG??,LOCAL,DISCONTINUE ????,INFO DARI SUPPLIER 25-02-2025"
"4.KET.ADL-YM-AK182-V2-BE,KETEL/ TEKO LISTRIK ADVANCE AK-182 BEIGE,YAMENG??,LOCAL,DISCONTINUE ????,INFO DARI MR LI 20-12-2025"
"4.KET.ADL-YM-AK182-V2-G,KETEL/ TEKO LISTRIK ADVANCE AK-182 GREEN,YAMENG??,LOCAL,DISCONTINUE ????,INFO DARI MR LI 20-12-2025"
"4.KET.ADL-YM-AK184-BL,KETEL/ TEKO LISTRIK ADVANCE AK-184 BLUE,YAMENG??,LOCAL,CONTINUE ????,0"
"4.KET.ADL-YM-AK184-BL-ON,KETEL/ TEKO LISTRIK ADVANCE AK-184 BLUE (ON),YAMENG??,LOCAL,DISCONTINUE ????,INFO DARI MR LI 20-12-2025"
"4.KET.ADL-YM-AK184-P,KETEL/ TEKO LISTRIK ADVANCE AK-184 PINK,YAMENG??,LOCAL,CONTINUE ????,0"
"4.KET.ADL-YM-AK184-P-ON,KETEL/ TEKO LISTRIK ADVANCE AK-184 PINK (ON),YAMENG??,LOCAL,DISCONTINUE ????,INFO DARI MR LI 20-12-2025"
"4.KET.ADL-YM-AK184-W,KETEL/ TEKO LISTRIK ADVANCE AK-184 WHITE,YAMENG??,LOCAL,CONTINUE ????,0"
"4.KET.ADL-YM-AK185-BR,KETEL/ TEKO LISTRIK ADVANCE AK-185 BROWN,YAMENG??,LOCAL,CONTINUE ????,0"
"4.KET.ADL-YM-AK185-BR-ON,KETEL/ TEKO LISTRIK ADVANCE AK-185 BROWN (ON),YAMENG??,LOCAL,DISCONTINUE ????,INFO DARI MR LI 20-12-2025"
"4.KET.ADL-YM-AK185-R,KETEL/ TEKO LISTRIK ADVANCE AK-185 RED,YAMENG??,LOCAL,CONTINUE ????,0"
"4.KET.ADL-YM-AK185-R-ON,KETEL/ TEKO LISTRIK ADVANCE AK-185 RED (ON),YAMENG??,LOCAL,DISCONTINUE ????,INFO DARI MR LI 20-12-2025"
"4.KET.ADL-YM-AK186-B,KETEL/ TEKO LISTRIK ADVANCE AK-186 BLACK,YAMENG??,LOCAL,CONTINUE ????,0"
"4.KET.ADL-YM-AK186-B-ON,KETEL/ TEKO LISTRIK ADVANCE AK-186 BLACK (ON),YAMENG??,LOCAL,DISCONTINUE ????,INFO DARI MR LI 20-12-2025"
"4.KET.ADL-YM-AK186-W,KETEL/ TEKO LISTRIK ADVANCE AK-186 WHITE,YAMENG??,LOCAL,CONTINUE ????,0"
"4.KET.ADL-YM-AK186-W-ON,KETEL/ TEKO LISTRIK ADVANCE AK-186 WHITE (ON),YAMENG??,LOCAL,DISCONTINUE ????,INFO DARI MR LI 20-12-2025"
"4.KET.ADL-YM-AK187-B,KETEL/ TEKO LISTRIK ADVANCE AK-187 BLACK,YAMENG??,LOCAL,CONTINUE ????,0"
"4.KET.ADL-YM-AK187-B-ON,KETEL/ TEKO LISTRIK ADVANCE AK-187 BLACK (ON),YAMENG??,LOCAL,DISCONTINUE ????,INFO DARI MR LI 20-12-2025"
"4.KET.ADL-YM-AK187-W,KETEL/ TEKO LISTRIK ADVANCE AK-187 WHITE,YAMENG??,LOCAL,CONTINUE ????,0"
"4.KET.ADL-YM-AK187-W-ON,KETEL/ TEKO LISTRIK ADVANCE AK-187 WHITE (ON),YAMENG??,LOCAL,DISCONTINUE ????,INFO DARI MR LI 20-12-2025"
"4.KET.ADL-YM-AK188-B,KETEL/ TEKO LISTRIK ADVANCE AK-188 BLACK,YAMENG??,LOCAL,CONTINUE ????,0"
"4.KET.ADL-YM-AK188-BE,KETEL/ TEKO LISTRIK ADVANCE AK-188 BEIGE,YAMENG??,LOCAL,CONTINUE ????,0"
"4.KET.ADL-YM-AK220-B,KETEL/ TEKO LISTRIK ADVANCE AK-220 BLACK,YAMENG??,LOCAL,DISCONTINUE ????,INFO DARI MR LI 20-12-2025"
"4.KET.ADL-YM-AK220-B-ON,KETEL/ TEKO LISTRIK ADVANCE AK-220 BLACK (ON),YAMENG??,LOCAL,DISCONTINUE ????,INFO DARI MR LI 20-12-2025"
"4.KET.ADL-YM-AK220-R,KETEL/ TEKO LISTRIK ADVANCE AK-220 RED,YAMENG??,LOCAL,DISCONTINUE ????,INFO DARI MR LI 20-12-2025"
"4.KET.ADL-YM-AK220-R-ON,KETEL/ TEKO LISTRIK ADVANCE AK-220 RED (ON),YAMENG??,LOCAL,DISCONTINUE ????,INFO DARI MR LI 20-12-2025"
"4.KET.ADL-YM-AK301,KETEL/ TEKO LISTRIK ADVANCE AK-301,YAMENG??,LOCAL,CONTINUE ????,0"
"4.KET.ADL-YM-AK302,KETEL/ TEKO LISTRIK ADVANCE AK-302,YAMENG??,LOCAL,CONTINUE ????,0"
"4.KET.ADL-YM-AK303-G,KETEL/ TEKO LISTRIK ADVANCE AK-303 GREEN,YAMENG??,LOCAL,DISCONTINUE ????,INFO DARI SUPPLIER 06-10-2026"
"4.KET.ADL-YM-AK303-W,KETEL/ TEKO LISTRIK ADVANCE AK-303 WHITE,YAMENG??,LOCAL,DISCONTINUE ????,INFO DARI SUPPLIER 06-10-2026"
"4.KET.ADL-YM-AK305,KETEL/ TEKO LISTRIK ADVANCE AK-305,YAMENG??,LOCAL,CONTINUE ????,0"
"4.KMP.ADL-YM-GB100K,Kompor Gas Kaca 1 Tungku ADVANCE GB-100 K,YAMENG??,LOCAL,CONTINUE ????,0"
"4.KMP.ADL-YM-GB101K,Kompor Gas Kaca 1 Tungku ADVANCE GB-101 K,YAMENG??,LOCAL,CONTINUE ????,0"
"4.KMP.ADL-YM-GB101K-MOTIF A,Kompor Gas Kaca 1 Tungku ADVANCE GB-101 K MOTIF A,YAMENG??,LOCAL,DISCONTINUE ????,INFO DARI MR LI 20-12-2025"
"4.KMP.ADL-YM-GB101K-MOTIF B,Kompor Gas Kaca 1 Tungku ADVANCE GB-101 K MOTIF B,YAMENG??,LOCAL,DISCONTINUE ????,INFO DARI MR LI 20-12-2025"
"4.KMP.ADL-YM-GB101K-MOTIF C,Kompor Gas Kaca 1 Tungku ADVANCE GB-101 K MOTIF C,YAMENG??,LOCAL,DISCONTINUE ????,INFO DARI MR LI 20-12-2025"
"4.KMP.ADL-YM-GB200K,Kompor Gas Kaca 2 Tungku ADVANCE GB-200 K,YAMENG??,LOCAL,CONTINUE ????,0"
"4.KMP.ADL-YM-GB201K,Kompor Gas Kaca 2 Tungku ADVANCE GB-201 K RED,YAMENG??,LOCAL,DISCONTINUE ????,INFO DARI MR LI 20-12-2025"
"4.KMP.ADL-YM-GB201K-B,Kompor Gas Kaca 2 Tungku ADVANCE GB-201 K BLACK,YAMENG??,LOCAL,CONTINUE ????,0"
"4.KMP.ADL-YM-GB201K-BL,Kompor Gas Kaca 2 Tungku ADVANCE GB-201 K BLUE,YAMENG??,LOCAL,DISCONTINUE ????,INFO DARI MR LI 20-12-2025"
"4.KMP.ADL-YM-GB6601S,Kompor Gas Stainless 1 Tungku ADVANCE GB-6601 S,YAMENG??,LOCAL,CONTINUE ????,0"
"4.KMP.ADL-YM-GB6602S,Kompor Gas Stainless 2 Tungku ADVANCE GB-6602 S,YAMENG??,LOCAL,CONTINUE ????,0"
"4.KMP.ADL-YM-GB6701S-B,Kompor Gas Stainless 1 Tungku ADVANCE GB-6701 S BLACK,YAMENG??,LOCAL,DISCONTINUE ????,INFO DARI MR HANKE 20-06-2026"
"4.KMP.ADL-YM-GB6701S-R,Kompor Gas Stainless 1 Tungku ADVANCE GB-6701 S RED,YAMENG??,LOCAL,CONTINUE ????,0"
"4.KMP.ADL-YM-GB6702S-B,Kompor Gas Stainless 2 Tungku ADVANCE GB-6702 S BLACK,YAMENG??,LOCAL,DISCONTINUE ????,INFO DARI MR HANKE 20-06-2026"
"4.KMP.ADL-YM-GB6702S-R,Kompor Gas Stainless 2 Tungku ADVANCE GB-6702 S RED,YAMENG??,LOCAL,CONTINUE ????,0"
"4.KMP.ADL-YM-GD8802A,Kompor Gas Tanam Kaca 2 Tungku ADVANCE GD-8802A,YAMENG??,LOCAL,CONTINUE ????,0"
"4.KMP.ADL-YM-GD8803A,Kompor Gas Tanam Kaca 3 Tungku ADVANCE GD-8803A,YAMENG??,LOCAL,CONTINUE ????,0"
"4.KMP.ADL-YM-GD8902A,Kompor Gas Tanam Kaca 2 Tungku ADVANCE GD-8902A,YAMENG??,LOCAL,CONTINUE ????,0"
"4.KMP.ADL-YM-GF21A,Kompor Gas Komersial ADVANCE GF-21A,YAMENG??,LOCAL,CONTINUE ????,0"
"4.KMP.ADL-YM-GF31A,Kompor Gas Komersial ADVANCE GF-31A,YAMENG??,LOCAL,CONTINUE ????,0"
"4.KMP.ADL-YM-KGP102,Kompor Portable ADVANCE KGP-102,YAMENG??,LOCAL,DISCONTINUE ????,INFO DARI MR LI 20-12-2025"
"4.KMP.ADL-YM-KGP102-V2-BL,Kompor Portable ADVANCE KGP-102 BLUE,YAMENG??,LOCAL,DISCONTINUE ????,INFO DARI MR LI 20-12-2025"
"4.KMP.ADL-YM-KGP102-V2-GR,Kompor Portable ADVANCE KGP-102 GRAY,YAMENG??,LOCAL,DISCONTINUE ????,INFO DARI MR LI 20-12-2025"
"4.KMP.ADL-YM-KGP102-V2-R,Kompor Portable ADVANCE KGP-102 RED,YAMENG??,LOCAL,DISCONTINUE ????,INFO DARI MR LI 20-12-2025"
"4.KMP.ADL-YM-KGP102-V3-B,Kompor Portable ADVANCE KGP-102 BLACK,YAMENG??,LOCAL,DISCONTINUE ????,INFO DARI MR LI 20-12-2025"
"4.KMP.ADL-YM-KGP102-V3-BL,Kompor Portable ADVANCE KGP-102 BLUE,YAMENG??,LOCAL,CONTINUE ????,0"
"4.KMP.ADL-YM-KGP102-V3-GR,Kompor Portable ADVANCE KGP-102 GRAY,YAMENG??,LOCAL,CONTINUE ????,0"
"4.KMP.ADL-YM-KGP102-V3-R,Kompor Portable ADVANCE KGP-102 RED,YAMENG??,LOCAL,CONTINUE ????,0"
"4.KPS.ADC-YM-CF-5601,KIPAS ANGIN ADVANCE CF-5601 WHITE ( Motor 4pcs dan Baling-baling 4pcs ),YAMENG??,CHINA,DISCONTINUE ????,INFO DARI MR LI 20-12-2025"
"4.KPS.ADC-YM-CF-5602,KIPAS ANGIN ADVANCE CF-5602 BLACK ( Motor 4pcs dan Baling-baling 16pcs ),YAMENG??,CHINA,DISCONTINUE ????,INFO DARI SUPPLIER 12-06-2025"
"4.KPS.ADL-AD-DF1201-BL,KIPAS ANGIN ADVANCE DF-1201 BLUE,AIDIFANSI????,LOCAL,CONTINUE ????,0"
"4.KPS.ADL-AD-DF1201-P,KIPAS ANGIN ADVANCE DF-1201 PINK,AIDIFANSI????,LOCAL,CONTINUE ????,0"
"4.KPS.ADL-AD-DF1601-BL,KIPAS ANGIN ADVANCE DF-1601 BLUE,AIDIFANSI????,LOCAL,CONTINUE ????,0"
"4.KPS.ADL-AD-OBF16,KIPAS ANGIN ADVANCE OBF-16,AIDIFANSI????,LOCAL,CONTINUE ????,0"
"4.KPS.ADL-AD-SF1220,KIPAS ANGIN ADVANCE SF-1220,AIDIFANSI????,LOCAL,CONTINUE ????,0"
"4.KPS.ADL-AD-SF1230,KIPAS ANGIN ADVANCE SF-1230,AIDIFANSI????,LOCAL,CONTINUE ????,0"
"4.KPS.ADL-AD-STAD-SF1610,KIPAS ANGIN ADVANCE STAND SF-1610,AIDIFANSI????,LOCAL,CONTINUE ????,0"
"4.KPS.ADL-AD-STAD-SF1611,KIPAS ANGIN ADVANCE STAND SF-1611,AIDIFANSI????,LOCAL,CONTINUE ????,0"
"4.KPS.ADL-AD-STAD-SF1611-R,KIPAS ANGIN ADVANCE STAND SF-1611 RED,AIDIFANSI????,LOCAL,CONTINUE ????,0"
"4.KPS.ADL-AD-STAD-SF1615,KIPAS ANGIN ADVANCE STAND SF-1615,AIDIFANSI????,LOCAL,CONTINUE ????,0"
"4.KPS.ADL-AD-STAD-SF1632,KIPAS ANGIN ADVANCE STAND SF-1632,AIDIFANSI????,LOCAL,CONTINUE ????,0"
"4.KPS.ADL-AD-STAD-SF1640,KIPAS ANGIN ADVANCE STAND SF-1640,AIDIFANSI????,LOCAL,CONTINUE ????,0"
"4.KPS.ADL-AD-STAD-SF1666-BE,KIPAS ANGIN ADVANCE STAND SF-1666 BEIGE,AIDIFANSI????,LOCAL,CONTINUE ????,0"
"4.KPS.ADL-AD-STAD-SF1666-W,KIPAS ANGIN ADVANCE STAND SF-1666 WHITE,AIDIFANSI????,LOCAL,CONTINUE ????,0"
"4.KPS.ADL-AD-STAD-SF1670,KIPAS ANGIN ADVANCE STAND SF-1670,AIDIFANSI????,LOCAL,DISCONTINUE ????,INFO DARI MR HANKE 20-06-2026"
"4.KPS.ADL-AD-STAD-SF16A-ON,KIPAS ANGIN ADVANCE STAND SF-16A (ON),AIDIFANSI????,LOCAL,CONTINUE ????,0"
"4.KPS.ADL-AD-STAD-SF1810-BE,KIPAS ANGIN ADVANCE STAND SF-1810 BEIGE,AIDIFANSI????,LOCAL,CONTINUE ????,0"
"4.KPS.ADL-AD-STAD-SF1816,KIPAS ANGIN ADVANCE STAND SF-1816,AIDIFANSI????,LOCAL,CONTINUE ????,0"
"4.KPS.ADL-AD-TDS10,KIPAS ANGIN ADVANCE TDS-10,AIDIFANSI????,LOCAL,CONTINUE ????,0"
"4.KPS.ADL-AD-TDS12,KIPAS ANGIN ADVANCE TDS-12,AIDIFANSI????,LOCAL,CONTINUE ????,0"
"4.KPS.ADL-AD-TDS1205,KIPAS ANGIN ADVANCE TDS-1205,AIDIFANSI????,LOCAL,CONTINUE ????,0"
"4.KPS.ADL-AD-TDS16,KIPAS ANGIN ADVANCE TDS-16,AIDIFANSI????,LOCAL,CONTINUE ????,0"
"4.KPS.ADL-AD-TDS18,KIPAS ANGIN ADVANCE TDS-18,AIDIFANSI????,LOCAL,CONTINUE ????,0"
"4.KPS.ADL-AD-TDS1805,KIPAS ANGIN ADVANCE TDS-1805,AIDIFANSI????,LOCAL,CONTINUE ????,0"
"4.KPS.ADL-AD-TDS18-GL,KIPAS ANGIN ADVANCE TDS-18 GOLD,AIDIFANSI????,LOCAL,CONTINUE ????,0"
"4.KPS.ADL-AD-WF1210-BE,KIPAS ANGIN ADVANCE WF-1210 BEIGE,AIDIFANSI????,LOCAL,CONTINUE ????,0"
"4.KPS.ADL-AD-WF1210-GR,KIPAS ANGIN ADVANCE WF-1210 GRAY,AIDIFANSI????,LOCAL,CONTINUE ????,0"
"4.KPS.ADL-AD-WF1605,KIPAS ANGIN ADVANCE WF-1605,AIDIFANSI????,LOCAL,CONTINUE ????,0"
"4.KPS.ADL-AD-WF1606-G,KIPAS ANGIN ADVANCE WF-1606-GREEN,AIDIFANSI????,LOCAL,CONTINUE ????,0"
"4.KPS.ADL-AD-WF1606-P,KIPAS ANGIN ADVANCE WF-1606-PINK,AIDIFANSI????,LOCAL,CONTINUE ????,0"
"4.KPS.ADL-AD-WF1615,KIPAS ANGIN ADVANCE WF-1615,AIDIFANSI????,LOCAL,CONTINUE ????,0"
"4.KPS.ADL-AD-WF1633,KIPAS ANGIN ADVANCE WF-1633,AIDIFANSI????,LOCAL,CONTINUE ????,0"
"4.KPS.ADL-AD-WF1643,KIPAS ANGIN ADVANCE WF-1643,AIDIFANSI????,LOCAL,CONTINUE ????,0"
"4.KPS.ADL-AD-WF16-BL,KIPAS ANGIN ADVANCE WF-16 BLUE,AIDIFANSI????,LOCAL,CONTINUE ????,0"
"4.KPS.ADL-AD-WF16-P,KIPAS ANGIN ADVANCE WF-16 PINK,AIDIFANSI????,LOCAL,CONTINUE ????,0"
"4.KPS.ADL-AD-WF1835,KIPAS ANGIN ADVANCE WF-1835,AIDIFANSI????,LOCAL,CONTINUE ????,0"
"4.KPS.ADL-AD-WF1836,KIPAS ANGIN ADVANCE WF-1836,AIDIFANSI????,LOCAL,CONTINUE ????,0"
"4.KPS.ADL-AD-WF1846-V2,KIPAS ANGIN ADVANCE WF-1846,AIDIFANSI????,LOCAL,CONTINUE ????,0"
"4.KPS.ADL-AD-WF1856,KIPAS ANGIN ADVANCE WF-1856,AIDIFANSI????,LOCAL,CONTINUE ????,0"
"4.KPS.ADL-BO-SF1610,KIPAS ANGIN ADVANCE STAND SF-1610,BOE???,LOCAL,CONTINUE ????,0"
"4.KPS.ADL-DR-OBF16,KIPAS ANGIN ADVANCE OBF-16,DING RONG??,LOCAL,DISCONTINUE ????,INFO DARI MR. LI 08-07-2024"
"4.KPS.ADL-DR-TDS10,KIPAS ANGIN ADVANCE TDS-10,DING RONG??,LOCAL,DISCONTINUE ????,INFO DARI MR. LI 08-07-2024"
"4.KPS.ADL-DR-TDS18-PLUS,KIPAS ANGIN ADVANCE TDS-18 PLUS,DING RONG??,LOCAL,DISCONTINUE ????,INFO DARI MR. LI 08-07-2024"
"4.KPS.ADL-DR-WF1801,KIPAS ANGIN ADVANCE WF-1801,DING RONG??,LOCAL,DISCONTINUE ????,INFO DARI MR. LI 08-07-2024"
"4.KPS.ADL-DR-WF1802,KIPAS ANGIN ADVANCE WF-1802,DING RONG??,LOCAL,DISCONTINUE ????,INFO DARI MR. LI 08-07-2024"
"4.KPS.ADL-DR-WF1803,KIPAS ANGIN ADVANCE WF-1803-REMOTE,DING RONG??,LOCAL,DISCONTINUE ????,INFO DARI MR. LI 08-07-2024"
"4.KPS.ADL-FH-DF1201-BL,KIPAS ANGIN ADVANCE DF-1201 BLUE,FENGHE,LOCAL,CONTINUE ????,0"
"4.KPS.ADL-FH-FH-WF16-P,KIPAS ANGIN ADVANCE WF-16 PINK,FENGHE,LOCAL,CONTINUE ????,0"
"4.KPS.ADL-FH-GF16,KIPAS ANGIN GROUND FAN ADVANCE GF-16,FENGHE,LOCAL,CONTINUE ????,0"
"4.KPS.ADL-FH-LH-WF1633,KIPAS ANGIN ADVANCE WF-1633,FENGHE X LIHE,LOCAL,CONTINUE ????,0"
"4.KPS.ADL-FH-SF1640,KIPAS ANGIN ADVANCE STAND SF-1640,FENGHE,LOCAL,CONTINUE ????,0"
"4.KPS.ADL-FH-SF1818-BL,KIPAS ANGIN ADVANCE STAND SF-1818 BLUE,FENGHE,LOCAL,CONTINUE ????,0"
"4.KPS.ADL-FH-STAD-SF1620-BL,KIPAS ANGIN ADVANCE STAND SF-1620 BLUE,FENGHE,LOCAL,CONTINUE ????,0"
"4.KPS.ADL-FH-STAD-SF1620-R,KIPAS ANGIN ADVANCE STAND SF-1620 RED,FENGHE,LOCAL,CONTINUE ????,0"
"4.KPS.ADL-JL-GF10A,KIPAS ANGIN ADVANCE GF-10A DESK FAN,JIELI??,LOCAL,DISCONTINUE ????,INFO DARI MR. LI 08-07-2024"
"4.KPS.ADL-JL-GF12A,KIPAS ANGIN ADVANCE GF-12A DESK FAN,JIELI??,LOCAL,DISCONTINUE ????,INFO DARI MR. LI 08-07-2024"
"4.KPS.ADL-JL-GF18,KIPAS ANGIN ADVANCE GF-18 DESK FAN,JIELI??,LOCAL,DISCONTINUE ????,INFO DARI MR. LI 08-07-2024"
"4.KPS.ADL-JL-GF20,KIPAS ANGIN ADVANCE GF-20 DESK FAN,JIELI??,LOCAL,DISCONTINUE ????,INFO DARI MR. LI 08-07-2024"
"4.KPS.ADL-JL-GFT18,KIPAS ANGIN ADVANCE GFT-18 DESK FAN,JIELI??,LOCAL,DISCONTINUE ????,INFO DARI MR. LI 08-07-2024"
"4.KPS.ADL-JL-GFT20,KIPAS ANGIN ADVANCE GFT-20 DESK FAN,JIELI??,LOCAL,DISCONTINUE ????,INFO DARI MR. LI 08-07-2024"
"4.KPS.ADL-JL-TDS10,KIPAS ANGIN ADVANCE TDS-10,JIELI??,LOCAL,DISCONTINUE ????,INFO DARI MR. LI 08-07-2024"
"4.KPS.ADL-JL-TDS12,KIPAS ANGIN ADVANCE TDS-12,JIELI??,LOCAL,DISCONTINUE ????,INFO DARI MR. LI 08-07-2024"
"4.KPS.ADL-JL-WF18A,KIPAS ANGIN ADVANCE WF-18A,JIELI??,LOCAL,DISCONTINUE ????,INFO DARI MR. LI 08-07-2024"
"4.KPS.ADL-JM-TH-WF1835,KIPAS ANGIN ADVANCE WF-1835,JIDIMA X TONGLIHONG,LOCAL,CONTINUE ????,0"
"4.KPS.ADL-JM-TH-WF1836,KIPAS ANGIN ADVANCE WF-1836,JIDIMA X TONGLIHONG,LOCAL,CONTINUE ????,0"
"4.KPS.ADL-JT-DF818A,KIPAS ANGIN ADVANCE DF-818A,JIAHAOTTING???,LOCAL,DISCONTINUE ????,INFO DARI SUPPLIER 27-10-2025"
"4.KPS.ADL-JT-SF1028A,KIPAS ANGIN ADVANCE SF-1028A,JIAHAOTTING???,LOCAL,DISCONTINUE ????,INFO DARI SUPPLIER 27-10-2025"
"4.KPS.ADL-KD-BF10A,KIPAS ANGIN ADVANCE BF-10A,KAI DI??,LOCAL,DISCONTINUE ????,INFO DARI MR. LI 08-07-2024"
"4.KPS.ADL-KD-BF12A,KIPAS ANGIN ADVANCE BF-12A,KAI DI??,LOCAL,DISCONTINUE ????,INFO DARI MR. LI 08-07-2024"
"4.KPS.ADL-KD-CF-5622A,KIPAS ANGIN ADVANCE CF-5622A WHITE,KAI DI??,LOCAL,DISCONTINUE ????,INFO DARI MR. LI 08-07-2024"
"4.KPS.ADL-KD-CF-5622B,KIPAS ANGIN ADVANCE CF-5622B WHITE,KAI DI??,LOCAL,DISCONTINUE ????,INFO DARI MR. LI 08-07-2024"
"4.KPS.ADL-KD-DF-1001,KIPAS ANGIN ADVANCE DF-1001,KAI DI??,LOCAL,DISCONTINUE ????,INFO DARI MR. LI 08-07-2024"
"4.KPS.ADL-KD-DF-1201,KIPAS ANGIN ADVANCE DF-1201 WHITE,KAI DI??,LOCAL,DISCONTINUE ????,INFO DARI MR. LI 08-07-2024"
"4.KPS.ADL-LX-TDS1806,KIPAS ANGIN ADVANCE TDS-1806,LIAN XIN ??,LOCAL,DISCONTINUE ????,INFO DARI MR YIN 05-06-2026"
"4.KPS.ADL-LX-WF1846,KIPAS ANGIN ADVANCE WF-1846,LIAN XIN ??,LOCAL,DISCONTINUE ????,INFO DARI MR YIN 05-06-2026"
"4.KPS.ADL-MS-DF1201-BL,KIPAS ANGIN ADVANCE DF-1201 BLUE,MEISHANG??,LOCAL,DISCONTINUE ????,INFO DARI MR LI 20-12-2025"
"4.KPS.ADL-MS-DF1201-P,KIPAS ANGIN ADVANCE DF-1201 PINK,MEISHANG??,LOCAL,DISCONTINUE ????,INFO DARI MR LI 20-12-2025"
"4.KPS.ADL-MS-DF1201-V3-BL,KIPAS ANGIN ADVANCE DF-1201 BLUE,MEISHANG??,LOCAL,DISCONTINUE ????,INFO DARI MR LI 20-12-2025"
"4.KPS.ADL-MS-DF1201-V3-P,KIPAS ANGIN ADVANCE DF-1201 PINK,MEISHANG??,LOCAL,DISCONTINUE ????,INFO DARI MR LI 20-12-2025"
"4.KPS.ADL-MS-DF-1230-BL,KIPAS ANGIN ADVANCE DF-1230 BLUE,MEISHANG??,LOCAL,DISCONTINUE ????,INFO DARI SUPPLIER 22-10-2022"
"4.KPS.ADL-MS-DF-1230-R,KIPAS ANGIN ADVANCE DF-1230 RED,MEISHANG??,LOCAL,DISCONTINUE ????,INFO DARI SUPPLIER 22-10-2022"
"4.KPS.ADL-MS-DF1601-BL,KIPAS ANGIN ADVANCE DF-1601 BLUE,MEISHANG??,LOCAL,DISCONTINUE ????,INFO DARI MR LI 20-12-2025"
"4.KPS.ADL-MS-DF1601-NEW,KIPAS ANGIN ADVANCE DF-1601 NEW,MEISHANG??,LOCAL,DISCONTINUE ????,INFO DARI MR LI 20-12-2025"
"4.KPS.ADL-MS-DF1601-V2-BL,KIPAS ANGIN ADVANCE DF-1601 BLUE,MEISHANG??,LOCAL,DISCONTINUE ????,INFO DARI MR LI 20-12-2025"
"4.KPS.ADL-MS-OBF16,KIPAS ANGIN ADVANCE OBF-16,MEISHANG??,LOCAL,DISCONTINUE ????,INFO DARI MR LI 20-12-2025"
"4.KPS.ADL-MS-STAD-SF1620 BLUE,KIPAS ANGIN ADVANCE STAND SF-1620 BLUE,MEISHANG??,LOCAL,DISCONTINUE ????,INFO DARI MR LI 20-12-2025"
"4.KPS.ADL-MS-STAD-SF1620 RED,KIPAS ANGIN ADVANCE STAND SF-1620 RED,MEISHANG??,LOCAL,DISCONTINUE ????,INFO DARI MR LI 20-12-2025"
"4.KPS.ADL-MS-STAD-SF1620-V2-BL,KIPAS ANGIN ADVANCE STAND SF-1620 BLUE,MEISHANG??,LOCAL,DISCONTINUE ????,INFO DARI MR TAN 17-06-2026"
"4.KPS.ADL-MS-STAD-SF1620-V2-R,KIPAS ANGIN ADVANCE STAND SF-1620 RED,MEISHANG??,LOCAL,DISCONTINUE ????,INFO DARI MR TAN 17-06-2026"
"4.KPS.ADL-MS-STAD-SF1625-BL,KIPAS ANGIN ADVANCE STAND SF-1625 BLUE,MEISHANG??,LOCAL,DISCONTINUE ????,INFO DARI MR TAN 17-06-2026"
"4.KPS.ADL-MS-STAD-SF1625-R,KIPAS ANGIN ADVANCE STAND SF-1625 RED,MEISHANG??,LOCAL,DISCONTINUE ????,INFO DARI MR TAN 17-06-2026"
"4.KPS.ADL-MS-STAD-SF1630 BLUE,KIPAS ANGIN ADVANCE STAND SF-1630 BLUE,MEISHANG??,LOCAL,DISCONTINUE ????,INFO DARI MR LI 20-12-2025"
"4.KPS.ADL-MS-STAD-SF1630 RED,KIPAS ANGIN ADVANCE STAND SF-1630 RED,MEISHANG??,LOCAL,DISCONTINUE ????,INFO DARI MR LI 20-12-2025"
"4.KPS.ADL-MS-STAD-SF1640,KIPAS ANGIN ADVANCE SF-1640,MEISHANG??,LOCAL,DISCONTINUE ????,INFO DARI MR TAN 17-06-2026"
"4.KPS.ADL-MS-STAD-SF1650-BL,KIPAS ANGIN ADVANCE STAND SF-1650 BL (BLUE),MEISHANG??,LOCAL,DISCONTINUE ????,INFO DARI MR LI 20-12-2025"
"4.KPS.ADL-MS-STAD-SF1650-R,KIPAS ANGIN ADVANCE STAND SF-1650 RD (RED),MEISHANG??,LOCAL,DISCONTINUE ????,INFO DARI MR LI 20-12-2025"
"4.KPS.ADL-MS-STAD-SF16A-ON,KIPAS ANGIN ADVANCE STAND SF-16A (ON),MEISHANG??,LOCAL,DISCONTINUE ????,INFO DARI MR LI 20-12-2025"
"4.KPS.ADL-MS-TDS10,KIPAS ANGIN ADVANCE TDS-10,MEISHANG??,LOCAL,DISCONTINUE ????,INFO DARI MR TAN 17-06-2026"
"4.KPS.ADL-MS-TDS12,KIPAS ANGIN ADVANCE TDS-12,MEISHANG??,LOCAL,DISCONTINUE ????,INFO DARI MR LI 20-12-2025"
"4.KPS.ADL-MS-TDS1205,KIPAS ANGIN ADVANCE TDS-1205,MEISHANG??,LOCAL,DISCONTINUE ????,INFO DARI MR LI 20-12-2025"
"4.KPS.ADL-MS-TDS16,KIPAS ANGIN ADVANCE TDS-16,MEISHANG??,LOCAL,DISCONTINUE ????,INFO DARI MR LI 20-12-2025"
"4.KPS.ADL-MS-TDS16-V2,KIPAS ANGIN ADVANCE TDS-16,MEISHANG??,LOCAL,DISCONTINUE ????,INFO DARI MR LI 20-12-2025"
"4.KPS.ADL-MS-TDS18,KIPAS ANGIN ADVANCE TDS-18,MEISHANG??,LOCAL,DISCONTINUE ????,INFO DARI MR LI 20-12-2025"
"4.KPS.ADL-MS-TDS1805,KIPAS ANGIN ADVANCE TDS-1805,MEISHANG??,LOCAL,DISCONTINUE ????,INFO DARI MR LI 20-12-2025"
"4.KPS.ADL-MS-TDS18-B,KIPAS ANGIN ADVANCE TDS-18 BLACK,MEISHANG??,LOCAL,DISCONTINUE ????,INFO DARI MR LI 20-12-2025"
"4.KPS.ADL-MS-TDS18-GL,KIPAS ANGIN ADVANCE TDS-18 GOLD,MEISHANG??,LOCAL,DISCONTINUE ????,INFO DARI MR LI 20-12-2025"
"4.KPS.ADL-MS-TDS18-PLUS,KIPAS ANGIN ADVANCE TDS-18 PLUS,MEISHANG??,LOCAL,DISCONTINUE ????,INFO DARI MR LI 20-12-2025"
"4.KPS.ADL-MS-TDS18-V2,KIPAS ANGIN ADVANCE TDS-18,MEISHANG??,LOCAL,DISCONTINUE ????,INFO DARI MR LI 20-12-2025"
"4.KPS.ADL-MS-TDS18-V3,KIPAS ANGIN ADVANCE TDS-18,MEISHANG??,LOCAL,DISCONTINUE ????,INFO DARI MR LI 20-12-2025"
"4.KPS.ADL-MS-WF16-BL,KIPAS ANGIN ADVANCE WF-16 BLUE,MEISHANG??,LOCAL,DISCONTINUE ????,INFO DARI MR LI 20-12-2025"
"4.KPS.ADL-MS-WF16-P,KIPAS ANGIN ADVANCE WF-16 PINK,MEISHANG??,LOCAL,DISCONTINUE ????,INFO DARI MR LI 20-12-2025"
"4.KPS.ADL-MS-WF16-V2-BL,KIPAS ANGIN ADVANCE WF-16 BLUE,MEISHANG??,LOCAL,DISCONTINUE ????,INFO DARI MR LI 20-12-2025"
"4.KPS.ADL-MS-WF16-V2-P,KIPAS ANGIN ADVANCE WF-16 PINK,MEISHANG??,LOCAL,DISCONTINUE ????,INFO DARI MR LI 20-12-2025"
"4.KPS.ADL-MS-WF16-V3-BL,KIPAS ANGIN ADVANCE WF-16 BLUE,MEISHANG??,LOCAL,DISCONTINUE ????,INFO DARI MR LI 20-12-2025"
"4.KPS.ADL-MS-WF16-V3-P,KIPAS ANGIN ADVANCE WF-16 PINK,MEISHANG??,LOCAL,DISCONTINUE ????,INFO DARI MR LI 20-12-2025"
"4.KPS.ADL-MS-WF1801,KIPAS ANGIN ADVANCE WF-1801,MEISHANG??,LOCAL,DISCONTINUE ????,INFO DARI MR LI 20-12-2025"
"4.KPS.ADL-MS-WF1830-BL,KIPAS ANGIN ADVANCE WF-1830 BLUE,MEISHANG??,LOCAL,DISCONTINUE ????,INFO DARI MR LI 20-12-2025"
"4.KPS.ADL-MS-WF1830-P,KIPAS ANGIN ADVANCE WF-1830 PINK,MEISHANG??,LOCAL,DISCONTINUE ????,INFO DARI MR LI 20-12-2025"
"4.KPS.ADL-MS-WF1835,KIPAS ANGIN ADVANCE WF-1835,MEISHANG??,LOCAL,DISCONTINUE ????,INFO DARI MR LI 20-12-2025"
"4.KPS.ADL-MS-WFI20,KIPAS ANGIN ADVANCE WFI-20,MEISHANG??,LOCAL,DISCONTINUE ????,INFO DARI SUPPLIER 22-10-2022"
"4.KPS.ADL-TZ-SF1650-BL,KIPAS ANGIN ADVANCE STAND SF-1650 (BLUE),TIANZHOU,LOCAL,CONTINUE ????,0"
"4.KPS.ADL-TZ-SF1650-R,KIPAS ANGIN ADVANCE STAND SF-1650 (RED),TIANZHOU,LOCAL,CONTINUE ????,0"
"4.KPS.ADL-TZ-STAD-SF16A-ON,KIPAS ANGIN ADVANCE STAND SF-16A (ON),TIANZHOU,LOCAL,CONTINUE ????,0"
"4.KPS.ADL-TZ-TDS1807,KIPAS ANGIN ADVANCE TDS-1807,TIANZHOU,LOCAL,CONTINUE ????,0"
"4.KPS.ADL-TZ-WF1605,KIPAS ANGIN ADVANCE WF-1605,TIANZHOU,LOCAL,CONTINUE ????,0"
"4.KPS.ADL-WY- CF-450 CEILING,KIPAS ANGIN ADVANCE CF-450 CEILING 500mm 17W,WEI YE,LOCAL,DISCONTINUE ????,INFO DARI MR LI 20-12-2025"
"4.KPS.ADL-WY- CF-470 CEILING,KIPAS ANGIN ADVANCE CF-470 CEILING 700mm 28W,WEI YE,LOCAL,DISCONTINUE ????,INFO DARI MR LI 20-12-2025"
"4.KPS.ADL-WY- CF-490 CEILING,KIPAS ANGIN ADVANCE CF-490 CEILING 900mm 33W,WEI YE,LOCAL,DISCONTINUE ????,INFO DARI MR LI 20-12-2025"
"4.KPS.ADL-WY- CF-550 CEILING,KIPAS ANGIN ADVANCE CF-550 CEILING 500mm 20W,WEI YE,LOCAL,DISCONTINUE ????,INFO DARI MR LI 20-12-2025"
"4.KPS.ADL-WY- CF-590 CEILING,KIPAS ANGIN ADVANCE CF-590 CEILING 900mm 35W,WEI YE,LOCAL,CONTINUE ????,0"
"4.KPS.ADL-WY- JF-490 CEILING,KIPAS ANGIN ADVANCE JF490 CEILING 320mm 13W,WEI YE,LOCAL,DISCONTINUE ????,INFO DARI MR LI 20-12-2025"
"4.KPS.ADL-YM-BF08A,KIPAS ANGIN ADVANCE BF-08A MINION,YAMENG??,LOCAL,DISCONTINUE ????,INFO DARI MR LI 20-12-2025"
"4.KPS.ADL-YM-BF08A-V2,KIPAS ANGIN ADVANCE BF-08A MINION,YAMENG??,LOCAL,CONTINUE ????,0"
"4.KPS.ADL-YM-BF08B BLUE,KIPAS ANGIN ADVANCE BF-08B SMURF BLUE,YAMENG??,LOCAL,CONTINUE ????,0"
"4.KPS.ADL-YM-BF08B YELLOW,KIPAS ANGIN ADVANCE BF-08B SMURF YELLOW,YAMENG??,LOCAL,DISCONTINUE ????,INFO DARI MR LI 20-12-2025"
"4.KPS.ADL-YM-BF08C,KIPAS ANGIN ADVANCE BF-08C GITA,YAMENG??,LOCAL,DISCONTINUE ????,INFO DARI MR LI 20-12-2025"
"4.KPS.ADL-YM-BF08D,KIPAS ANGIN ADVANCE BF-08D DORAEMON,YAMENG??,LOCAL,CONTINUE ????,0"
"4.KPS.ADL-YM-BF08E,KIPAS ANGIN ADVANCE BF-08E HELLO KITTY,YAMENG??,LOCAL,CONTINUE ????,0"
"4.KPS.ADL-YM-BF08F,KIPAS ANGIN ADVANCE BF-08F PANDA,YAMENG??,LOCAL,DISCONTINUE ????,INFO DARI MR LI 20-12-2025"
"4.KPS.ADL-YM-BF08G,KIPAS ANGIN ADVANCE BF-08G KODOK,YAMENG??,LOCAL,DISCONTINUE ????,INFO DARI MR LI 20-12-2025"
"4.KPS.ADL-YM-BF08H,KIPAS ANGIN ADVANCE BF-08H KUMBANG,YAMENG??,LOCAL,CONTINUE ????,0"
"4.KPS.ADL-YM-BF08H RED,KIPAS ANGIN ADVANCE BF-08H KUMBANG RED,YAMENG??,LOCAL,CONTINUE ????,0"
"4.KPS.ADL-YM-BF08J,KIPAS ANGIN ADVANCE BF-08J HIU,YAMENG??,LOCAL,CONTINUE ????,0"
"4.KPS.ADL-YM-BF08K BLUE,KIPAS ANGIN ADVANCE BF-08K BARBA PAPA BLUE,YAMENG??,LOCAL,DISCONTINUE ????,INFO DARI MR LI 20-12-2025"
"4.KPS.ADL-YM-BF08K PINK,KIPAS ANGIN ADVANCE BF-08K BARBA PAPA PINK,YAMENG??,LOCAL,DISCONTINUE ????,INFO DARI MR LI 20-12-2025"
"4.KPS.ADL-YM-BF08K RED,KIPAS ANGIN ADVANCE BF-08K BARBA PAPA RED,YAMENG??,LOCAL,DISCONTINUE ????,INFO DARI MR LI 20-12-2025"
"4.KPS.ADL-YM-BF08K-V2-BL,KIPAS ANGIN ADVANCE BF-08K BARBA PAPA BLUE,YAMENG??,LOCAL,CONTINUE ????,0"
"4.KPS.ADL-YM-BF08K-V2-P,KIPAS ANGIN ADVANCE BF-08K BARBA PAPA PINK,YAMENG??,LOCAL,CONTINUE ????,0"
"4.KPS.ADL-YM-BF08K-V2-R,KIPAS ANGIN ADVANCE BF-08K BARBA PAPA RED,YAMENG??,LOCAL,CONTINUE ????,0"
"4.KPS.ADL-YM-BF08L BLUE,KIPAS ANGIN ADVANCE BF-08L HAMSTER BLUE,YAMENG??,LOCAL,CONTINUE ????,0"
"4.KPS.ADL-YM-BF08L GREEN,KIPAS ANGIN ADVANCE BF-08L HAMSTER GREEN,YAMENG??,LOCAL,CONTINUE ????,0"
"4.KPS.ADL-YM-BF08M BLUE,KIPAS ANGIN ADVANCE BF-08M BERUANG BLUE,YAMENG??,LOCAL,CONTINUE ????,0"
"4.KPS.ADL-YM-BF08Q,KIPAS ANGIN ADVANCE BF-08Q DONAL BEBEK,YAMENG??,LOCAL,DISCONTINUE ????,INFO DARI MR LI 20-12-2025"
"4.KPS.ADL-YM-BF08R-BL,KIPAS ANGIN ADVANCE BF-08R POKEMON CHANSEY BLUE,YAMENG??,LOCAL,CONTINUE ????,0"
"4.KPS.ADL-YM-BF08R-P,KIPAS ANGIN ADVANCE BF-08R POKEMON CHANSEY PINK,YAMENG??,LOCAL,CONTINUE ????,0"
"4.KPS.ADL-YM-BF08R-P-ON,KIPAS ANGIN ADVANCE BF-08R POKEMON CHANSEY PINK (ON),YAMENG??,LOCAL,DISCONTINUE ????,INFO DARI MR LI 20-12-2025"
"4.KPS.ADL-YM-BF08S-R,KIPAS ANGIN ADVANCE BF-08S MICKEY MOUSE RED,YAMENG??,LOCAL,CONTINUE ????,0"
"4.KPS.ADL-YM-BF888-BLUE,KIPAS ANGIN ADVANCE BF-888 BLUE,YAMENG??,LOCAL,DISCONTINUE ????,INFO DARI SUPPLIER 16-08-2024"
"4.KPS.ADL-YM-BF888-GREEN,KIPAS ANGIN ADVANCE BF-888 GREEN,YAMENG??,LOCAL,DISCONTINUE ????,INFO DARI SUPPLIER 16-08-2024"
"4.KPS.ADL-YM-BF888-ORANGE,KIPAS ANGIN ADVANCE BF-888 ORANGE,YAMENG??,LOCAL,DISCONTINUE ????,INFO DARI SUPPLIER 16-08-2024"
"4.KPS.ADL-YM-BF888-PINK,KIPAS ANGIN ADVANCE BF-888 PINK,YAMENG??,LOCAL,DISCONTINUE ????,INFO DARI SUPPLIER 16-08-2024"
"4.KPS.ADL-YM-BF888-YELLOW,KIPAS ANGIN ADVANCE BF-888 YELLOW,YAMENG??,LOCAL,DISCONTINUE ????,INFO DARI SUPPLIER 16-08-2024"
"4.KPS.ADL-YM-CF-470,KIPAS ANGIN ADVANCE CF-470 (YAMENG),YAMENG??,LOCAL,CONTINUE ????,0"
"4.KPS.ADL-YM-CF5601-BALING,KIPAS ANGIN ADVANCE CF-5601 BALING-BALING WHITE (4pcs),YAMENG??,LOCAL,DISCONTINUE ????,INFO DARI MR LI 20-12-2025"
"4.KPS.ADL-YM-CF5601-V2,KIPAS ANGIN ADVANCE CF-5601,YAMENG??,LOCAL,CONTINUE ????,0"
"4.KPS.ADL-YM-CF5602,KIPAS ANGIN ADVANCE CF-5602,YAMENG??,LOCAL,DISCONTINUE ????,INFO DARI SUPPLIER 12-06-2025"
"4.KPS.ADL-YM-CF-5603,KIPAS ANGIN ADVANCE CF-5603 BLACK ( Motor 4pcs dan Baling-baling 16pcs ),YAMENG??,LOCAL,DISCONTINUE ????,INFO DARI MR LI 20-12-2025"
"4.KPS.ADL-YM-CF-5603-V2,KIPAS ANGIN ADVANCE CF-5603 V.2 BLACK (3 SET ),YAMENG??,LOCAL,CONTINUE ????,0"
"4.KPS.ADL-YM-DF801,KIPAS ANGIN ADVANCE DF-801,YAMENG??,LOCAL,DISCONTINUE ????,0"
"4.KPS.ADL-YM-DF802,KIPAS ANGIN ADVANCE DF-802,YAMENG??,LOCAL,CONTINUE ????,0"
"4.KPS.ADL-YM-DF803,KIPAS ANGIN ADVANCE DF-803,YAMENG??,LOCAL,DISCONTINUE ????,INFO DARI MR LI 20-12-2025"
"4.KPS.ADL-YM-DF803-V2,KIPAS ANGIN ADVANCE DF-803,YAMENG??,LOCAL,CONTINUE ????,0"
"4.KPS.AKL-JR-AK12,KIPAS ANGIN AK AK-12 HOO (N),0,LOCAL,DISCONTINUE ????,INFO DARI MR LI 20-12-2025"
"4.KPS.AKL-MS-KB1831,KIPAS ANGIN AK - KB 1831,MEISHANG??,LOCAL,DISCONTINUE ????,INFO DARI MR LI 20-12-2025"
"4.KPS.AKL-MS-TORNADO,KIPAS ANGIN AK TORNADO 18 inchi,MEISHANG??,LOCAL,DISCONTINUE ????,INFO DARI MR LI 20-12-2025"
"4.KPS.NML-JL-NTF-12A,KIPAS ANGIN NAMITECH NTF-12A,JIELI??,LOCAL,DISCONTINUE ????,INFO DARI MR. LI 08-07-2024"
"4.KPS.NML-MS-NSF16G,KIPAS ANGIN NAMITECH NSF-16G,MEISHANG??,LOCAL,DISCONTINUE ????,INFO DARI MR LI 20-12-2025"
"4.KPS.NML-MS-NSF-18A,KIPAS ANGIN NAMITECH NSF-18A,MEISHANG??,LOCAL,DISCONTINUE ????,INFO DARI MR LI 20-12-2025"
"4.KPS.NML-MS-NSF18G,KIPAS ANGIN NAMITECH NSF-18G,MEISHANG??,LOCAL,DISCONTINUE ????,INFO DARI MR LI 20-12-2025"
"4.KPS.NML-MS-NWF16A-O,KIPAS ANGIN NAMITECH NWF-16A ORANGE,MEISHANG??,LOCAL,DISCONTINUE ????,INFO DARI MR LI 20-12-2025"
"4.KPS.NML-MS-STAD-NSF16A,KIPAS ANGIN NAMITECH NSF-16A,MEISHANG??,LOCAL,DISCONTINUE ????,INFO DARI MR LI 20-12-2025"
"4.KPS.NML-MS-STAD-NSF16G,KIPAS ANGIN NAMITECH NSF-16G STAND,MEISHANG??,LOCAL,DISCONTINUE ????,INFO DARI MR LI 20-12-2025"
"4.KPS.NML-YM-NF-100A,KIPAS ANGIN NAMITECH NF-100A,YAMENG??,LOCAL,DISCONTINUE ????,INFO DARI MR LI 20-12-2025"
"4.KPS.NML-YM-NF-100D,KIPAS ANGIN NAMITECH NF-100D,YAMENG??,LOCAL,DISCONTINUE ????,INFO DARI MR LI 20-12-2025"
"4.KPS.NML-YM-NF-100E,KIPAS ANGIN NAMITECH NF-100E,YAMENG??,LOCAL,DISCONTINUE ????,INFO DARI MR LI 20-12-2025"
"4.KPS.NML-YM-NF-100H,KIPAS ANGIN NAMITECH NF-100H,YAMENG??,LOCAL,DISCONTINUE ????,INFO DARI MR LI 20-12-2025"
"4.KPS.ORNL-AD-OWF1615-BL,KIPAS ANGIN ORENCHI OWF-1615 BLUE,AIDIFANSI????,LOCAL,DISCONTINUE ????,INFO DARI MR LI 20-12-2025"
"4.KPS.ORNL-AD-OWF1615-P,KIPAS ANGIN ORENCHI OWF-1615 PINK,AIDIFANSI????,LOCAL,DISCONTINUE ????,INFO DARI MR LI 20-12-2025"
"4.KPS.ORNL-MS-STAD-OSF1610,KIPAS ANGIN ORENCHI STAND OSF-1610,MEISHANG??,LOCAL,DISCONTINUE ????,INFO DARI MR LI 20-12-2025"
"4.KPS.ORNL-MS-STAD-OSF-1613-BL,KIPAS ANGIN ORENCHI STAND OSF-1613 BLUE,YAMENG??,LOCAL,DISCONTINUE ????,INFO DARI MR LI 20-12-2025"
"4.KPS.ORNL-MS-STAD-OSF-1613-P,KIPAS ANGIN ORENCHI STAND OSF-1613 PINK,MEISHANG??,LOCAL,DISCONTINUE ????,INFO DARI MR LI 20-12-2025"
"4.KPS.ORNL-YM-ODF-MNN-01,KIPAS ANGIN ORENCHI ODF-MNN-01,YAMENG??,LOCAL,DISCONTINUE ????,INFO DARI MR LI 20-12-2025"
"4.KPS.ORNL-YM-ODF-SMF-01,KIPAS ANGIN ORENCHI ODF-SMF-01,YAMENG??,LOCAL,DISCONTINUE ????,INFO DARI MR LI 20-12-2025"
"4.KPS.STL-MS-SF608T,KIPAS ANGIN SELECTRON SF608T,MEISHANG??,LOCAL,DISCONTINUE ????,INFO DARI MR LI 20-12-2025"
"4.KPS.STL-YM-SE102B,KIPAS ANGIN SELECTRON SE-102B,YAMENG??,LOCAL,DISCONTINUE ????,INFO DARI SUPPLIER 16-08-2024"
"4.KPS.STL-YM-SE102B BLUE,KIPAS ANGIN SELECTRON SE-102B BLUE,YAMENG??,LOCAL,DISCONTINUE ????,INFO DARI SUPPLIER 16-08-2024"
"4.KPS.STL-YM-SE102C,KIPAS ANGIN SELECTRON SE-102C,YAMENG??,LOCAL,DISCONTINUE ????,INFO DARI SUPPLIER 16-08-2024"
"4.KPS.STRL-YM-SE102A,KIPAS ANGIN SELECTRON SE-102A,YAMENG??,LOCAL,DISCONTINUE ????,INFO DARI SUPPLIER 16-08-2024"
"4.KPS.VTC-J1504,KIPAS ANGIN VOTRE J1504,WEI YE,LOCAL,DISCONTINUE ????,INFO DARI MR LI 20-12-2025"
"4.KPS.VTC-WY-F1504,KIPAS ANGIN VOTRE F1504,WEI YE,LOCAL,DISCONTINUE ????,INFO DARI MR LI 20-12-2025"
"4.KPS.VTC-WY-F450,KIPAS ANGIN VOTRE F450(15W),WEI YE,LOCAL,DISCONTINUE ????,INFO DARI MR LI 20-12-2025"
"4.KPS.VTC-WY-F470,KIPAS ANGIN VOTRE F470(25W),WEI YE,LOCAL,DISCONTINUE ????,INFO DARI MR LI 20-12-2025"
"4.KPS.VTC-WY-F490,KIPAS ANGIN VOTRE F490(30W),WEI YE,LOCAL,DISCONTINUE ????,INFO DARI MR LI 20-12-2025"
"4.KPS.VTC-WY-FG1434,KIPAS ANGIN VOTRE FG1434,WEI YE,LOCAL,DISCONTINUE ????,INFO DARI MR LI 20-12-2025"
"4.KPS.VTC-WY-FG434,KIPAS ANGIN VOTRE FG434(31W),WEI YE,LOCAL,DISCONTINUE ????,INFO DARI MR LI 20-12-2025"
"4.KPS.VTC-WY-J450,KIPAS ANGIN VOTRE J450(28W),WEI YE,LOCAL,DISCONTINUE ????,INFO DARI MR LI 20-12-2025"
"4.KPS.VTC-WY-JG1434,KIPAS ANGIN VOTRE JG1434,WEI YE,LOCAL,DISCONTINUE ????,INFO DARI MR LI 20-12-2025"
"4.KPS.VTL-MS-STAD-VT1601 BLUE,KIPAS ANGIN VOTRE STAND VT-1601 BLUE,MEISHANG??,LOCAL,DISCONTINUE ????,INFO DARI MR. LI 07-05-2024"
"4.KPS.VTL-MS-STAD-VT1601 RED,KIPAS ANGIN VOTRE STAND VT-1601 RED,MEISHANG??,LOCAL,DISCONTINUE ????,INFO DARI MR. LI 07-05-2024"
"4.KPS.VTL-MS-STAD-VT1601-V2 BLUE,KIPAS ANGIN VOTRE STAND VT-1601 BLUE,MEISHANG??,LOCAL,DISCONTINUE ????,INFO DARI MR. LI 07-05-2024"
"4.KPS.VTL-MS-STAD-VT1601-V2 RED,KIPAS ANGIN VOTRE STAND VT-1601 RED,MEISHANG??,LOCAL,DISCONTINUE ????,INFO DARI MR. LI 07-05-2024"
"4.KPS.VTL-MS-STAD-VT1602 BLUE,KIPAS ANGIN VOTRE STAND VT-1602 BLUE,MEISHANG??,LOCAL,DISCONTINUE ????,INFO DARI MR LI 20-12-2025"
"4.KPS.VTL-MS-STAD-VT1602 RED,KIPAS ANGIN VOTRE STAND VT-1602 RED,MEISHANG??,LOCAL,DISCONTINUE ????,INFO DARI MR LI 20-12-2025"
"4.KPS.VTL-MS-STAD-VT1605-BL,KIPAS ANGIN VOTRE STAND VT-1605 BLUE,MEISHANG??,LOCAL,DISCONTINUE ????,INFO DARI MR TAN 17-06-2026"
"4.KPS.VTL-MS-STAD-VT1605-P,KIPAS ANGIN VOTRE STAND VT-1605 PINK,MEISHANG??,LOCAL,DISCONTINUE ????,INFO DARI MR TAN 17-06-2026"
"4.KPS.VTL-MS-STAD-VT1605-PR,KIPAS ANGIN VOTRE STAND VT-1605 PURPLE,MEISHANG??,LOCAL,DISCONTINUE ????,INFO DARI MR TAN 17-06-2026"
"4.KYB.ADC-XS-3508-USB,KEYBOARD ADV KB-3508 USB,XIESHOU? ?,CHINA,DISCONTINUE ????,0"
"4.KYB.MUSE-ADC-KB2408-KM335,KEYBOARD COMBO KB-2408,KM-335,0,CHINA,DISCONTINUE ????,0"
"4.KYB.MUSE-ADC-XS-3008-M388-ADV,KEYBOARD ADV,KB-3008,MOUSE KM-388,XIESHOU? ?,CHINA,DISCONTINUE ????,INFO DARI MR. LI 08-07-2024"
"4.KYB.MUSE-ADC-XS-3408-M488-ADVU,KEYBOARD MOUSE ADV.USB KB3408+M488,XIESHOU? ?,CHINA,DISCONTINUE ????,INFO DARI MR. LI 08-07-2024"
"4.KYB.MUSE-C-YM-5018-B,KEYBOARD MOUSE WIRELESS WM5018 BLACK,YAMENG??,CHINA,DISCONTINUE ????,INFO DARI SUPPLIER 16-08-2024"
"4.KYB.MUSE-C-YM-GKM01-ADV,KEYBOARD ADV,KB,MOUSE GKM01,YAMENG??,CHINA,DISCONTINUE ????,INFO DARI SUPPLIER 16-08-2024"
"4.KYB.VTC-XS-2208-PS2,KEYBOARD VOTRE KB-2208 PS2,XIESHOU? ?,CHINA,DISCONTINUE ????,INFO DARI SUPPLIER 16-08-2024"
"4.KYB.VTC-XS-2508-PS2,KEYBOARD VOTRE KB-2508 PS2,XIESHOU? ?,CHINA,DISCONTINUE ????,INFO DARI MR. LI 08-07-2024"
"4.KYB.VTC-XS-3700-PS2,KEYBOARD VOTRE KB-3700 PS2,XIESHOU? ?,CHINA,DISCONTINUE ????,INFO DARI MR. LI 08-07-2024"
"4.KYB.VTC-XS-3700-USB,KEYBOARD VOTRE KB-3700 USB,XIESHOU? ?,CHINA,DISCONTINUE ????,INFO DARI MR. LI 08-07-2024"
"4.KYB.VTC-XS-KB2308 USB,KEYBOARD VOTRE KB2308 USB,XIESHOU? ?,CHINA,DISCONTINUE ????,INFO DARI MR. LI 08-07-2024"
"4.KYB.VTC-YM-2108-USB,KEYBOARD VOTRE KB-2108 USB 8A,YAMENG??,CHINA,DISCONTINUE ????,INFO DARI SUPPLIER 16-08-2024"
"4.KYB.VTC-YM-2608,KEYBOARD VOTRE KB-2608,YAMENG??,CHINA,DISCONTINUE ????,INFO DARI SUPPLIER 16-08-2024"
"4.KYB.VTC-YM-KB2308 PS2,KEYBOARD VOTRE KB2308 PS2,YAMENG??,CHINA,DISCONTINUE ????,INFO DARI SUPPLIER 16-08-2024"
"4.KYB.VTC-YM-KB2308N USB,KEYBOARD VOTRE KB2308N USB,YAMENG??,CHINA,DISCONTINUE ????,INFO DARI MR HANKE 20-06-2026"
"4.LET.CASE-C-YM-B07H,SOFTCASE B7-H,YAMENG??,CHINA,DISCONTINUE ????,INFO DARI SUPPLIER 16-08-2024"
"4.LET.CASE-C-YM-KEYB-KT07-MUSB,KEYBOARD KT7+SOFTCASE MIKRO USB,YAMENG??,CHINA,DISCONTINUE ????,INFO DARI SUPPLIER 16-08-2024"
"4.LET.CASE-C-YM-KEYB-KT07-USB,KEYBOARD KT7+SOFTCASE USB,YAMENG??,CHINA,DISCONTINUE ????,INFO DARI SUPPLIER 16-08-2024"
"4.LET.CASE-C-YM-KEYB-KT09-MUSB-B,KEYBOARD KT9+SOFTCASE MIKRO USB BLACK,YAMENG??,CHINA,DISCONTINUE ????,0"
"4.LET.CASE-C-YM-KEYB-KT10-USB,SOFTCASE KEYBOARD USB 10BESAR,YAMENG??,CHINA,DISCONTINUE ????,INFO DARI SUPPLIER 16-08-2024"
"4.LET.CASE-C-YM-S04K,LEATHER CASE S4K,YAMENG??,CHINA,DISCONTINUE ????,INFO DARI SUPPLIER 16-08-2024"
"4.LET.CASE-C-YM-S05C,LEATHER CASE S50C,YAMENG??,CHINA,DISCONTINUE ????,INFO DARI SUPPLIER 16-08-2024"
"4.LMP.ADC-CO-P150,LED SENSOR LIGHTING ADVANCE P150,COCO??,CHINA,DISCONTINUE ????,INFO DARI MR. LI 08-07-2024"
"4.LMP.ADC-CO-P300E,LED SENSOR LIGHTING ADVANCE P300E,COCO??,CHINA,DISCONTINUE ????,INFO DARI MR. LI 08-07-2024"
"4.LMP.C-GW-BT07-BLED,PORTABLE LED ULTRA BRIGHT BT07B,NUO GE WEI???,CHINA,DISCONTINUE ????,INFO DARI MR. LI 08-07-2024"
"4.MDM.ADC-CY-JR109,MODEM ADVAN JR109,0,CHINA,DISCONTINUE ????,INFO DARI MR LI 20-12-2025"
"4.MDM.ADC-DT10-PLUS,MODEM ADVAN DT10 PLUS,NUO GE WEI???,CHINA,DISCONTINUE ????,INFO DARI MR. LI 08-07-2024"
"4.MDM.ADC-GW-DT10,MODEM ADVAN DT10 PLUS,NUO GE WEI???,CHINA,DISCONTINUE ????,INFO DARI MR. LI 08-07-2024"
"4.MDM.ADC-GW-DT100,MODEM ADVAN DT100,NUO GE WEI???,CHINA,DISCONTINUE ????,INFO DARI MR. LI 08-07-2024"
"4.MDM.ADC-GW-JR108,MODEM ADVAN JR108,NUO GE WEI???,CHINA,DISCONTINUE ????,INFO DARI MR. LI 08-07-2024"
"4.MGC.RCK ADC-MO-X6,RICE COOKER ADVANCE X6,MIBAO??,CHINA,DISCONTINUE ????,INFO DARI MR. LI 08-07-2024"
"4.MGC.RCK ADC-MO-X7,RICE COOKER ADVANCE X7,MIBAO??,CHINA,DISCONTINUE ????,INFO DARI MR. LI 08-07-2024"
"4.MGC.RCK ADC-MO-X7-RED,RICE COOKER ADVANCE X7-RED,MIBAO??,CHINA,DISCONTINUE ????,INFO DARI MR. LI 08-07-2024"
"4.MGC.RCK ADL-JD-G15A,RICE COOKER ADVANCE G-15A DORAEMON,JINDUOFU???,LOCAL,CONTINUE ????,0"
"4.MGC.RCK ADL-JD-G15A-ON,RICE COOKER ADVANCE G-15A DORAEMON (ON),JINDUOFU???,LOCAL,DISCONTINUE ????,INFO DARI MR LI 20-12-2025"
"4.MGC.RCK ADL-JD-G15B,RICE COOKER ADVANCE G-15B HELLO KITTY,JINDUOFU???,LOCAL,CONTINUE ????,0"
"4.MGC.RCK ADL-JD-G15-BLUE,RICE COOKER ADVANCE G-15 BLUE,JINDUOFU???,LOCAL,DISCONTINUE ????,INFO DARI MR LI 20-12-2025"
"4.MGC.RCK ADL-JD-G15B-ON,RICE COOKER ADVANCE G-15B HELLO KITTY (ON),JINDUOFU???,LOCAL,DISCONTINUE ????,INFO DARI MR LI 20-12-2025"
"4.MGC.RCK ADL-JD-G15-V2-BLUE,RICE COOKER ADVANCE G-15 BLUE BAKI PENGUKUS,JINDUOFU???,LOCAL,DISCONTINUE ????,INFO DARI MR LI 20-12-2025"
"4.MGC.RCK ADL-JD-G15-V2-PINK,RICE COOKER ADVANCE G-15 PINK BAKI PENGUKUS,JINDUOFU???,LOCAL,DISCONTINUE ????,INFO DARI MR LI 20-12-2025"
"4.MGC.RCK ADL-JD-G20-BLUE,RICE COOKER ADVANCE G-20 BLUE,JINDUOFU???,LOCAL,CONTINUE ????,0"
"4.MGC.RCK ADL-JD-G20-BLUE-ON,RICE COOKER ADVANCE G-20 BLUE (ON),JINDUOFU???,LOCAL,DISCONTINUE ????,INFO DARI MR LI 20-12-2025"
"4.MGC.RCK ADL-JD-G20-PINK,RICE COOKER ADVANCE G-20 PINK,JINDUOFU???,LOCAL,CONTINUE ????,0"
"4.MGC.RCK ADL-JD-G20-PINK-ON,RICE COOKER ADVANCE G-20 PINK (ON),JINDUOFU???,LOCAL,DISCONTINUE ????,INFO DARI MR LI 20-12-2025"
"4.MGC.RCK ADL-JD-G21,RICE COOKER ADVANCE G-21 ANGRY BIRD,JINDUOFU???,LOCAL,CONTINUE ????,0"
"4.MGC.RCK ADL-JD-G21-ON,RICE COOKER ADVANCE G-21 ANGRY BIRD (ON),JINDUOFU???,LOCAL,DISCONTINUE ????,INFO DARI MR LI 20-12-2025"
"4.MGC.RCK ADL-JD-G22,RICE COOKER ADVANCE G-22 BATIK,JINDUOFU???,LOCAL,CONTINUE ????,0"
"4.MGC.RCK ADL-JD-G22-ON,RICE COOKER ADVANCE G-22 BATIK (ON),JINDUOFU???,LOCAL,DISCONTINUE ????,INFO DARI MR LI 20-12-2025"
"4.MGC.RCK ADL-JD-X120-BLUE,RICE COOKER ADVANCE X1-20 BLUE,JINDUOFU???,LOCAL,DISCONTINUE ????,INFO DARI SUPPLIER 13-08-2024"
"4.MGC.RCK ADL-JD-X120-PINK,RICE COOKER ADVANCE X1-20 PINK,JINDUOFU???,LOCAL,DISCONTINUE ????,INFO DARI SUPPLIER 13-08-2024"
"4.MGC.RCK ADL-JD-X220-GRAY,RICE COOKER ADVANCE X2-20 GRAY,JINDUOFU???,LOCAL,DISCONTINUE ????,INFO DARI SUPPLIER 13-08-2024"
"4.MGC.RCK ADL-JD-X220-GREEN,RICE COOKER ADVANCE X2-20 GREEN,JINDUOFU???,LOCAL,DISCONTINUE ????,INFO DARI SUPPLIER 13-08-2024"
"4.MGC.RCK ADL-JD-X320-GOLD,RICE COOKER ADVANCE X3-20 GOLD,JINDUOFU???,LOCAL,DISCONTINUE ????,INFO DARI SUPPLIER 13-08-2024"
"4.MGC.RCK ADL-JD-X320-RED,RICE COOKER ADVANCE X3-20 RED,JINDUOFU???,LOCAL,DISCONTINUE ????,INFO DARI SUPPLIER 13-08-2024"
"4.MGC.RCK ADL-YM-A12,RICE COOKER ADVANCE A-12,YAMENG??,LOCAL,CONTINUE ????,0"
"4.MGC.RCK ADL-YM-A12-ON,RICE COOKER ADVANCE A-12 (ON),YAMENG??,LOCAL,DISCONTINUE ????,INFO DARI MR LI 20-12-2025"
"4.MGC.RCK ADL-YM-A13A,RICE COOKER ADVANCE A-13A,YAMENG??,LOCAL,CONTINUE ????,0"
"4.MGC.RCK ADL-YM-A13A-ON,RICE COOKER ADVANCE A-13A (ON),YAMENG??,LOCAL,DISCONTINUE ????,INFO DARI MR LI 20-12-2025"
"4.MGC.RCK ADL-YM-A13B,RICE COOKER ADVANCE A-13B,YAMENG??,LOCAL,CONTINUE ????,0"
"4.MGC.RCK ADL-YM-A13B-ON,RICE COOKER ADVANCE A-13B (ON),YAMENG??,LOCAL,DISCONTINUE ????,INFO DARI MR LI 20-12-2025"
"4.MGC.RCK ADL-YM-A14,RICE COOKER ADVANCE A-14,YAMENG??,LOCAL,CONTINUE ????,0"
"4.MGC.RCK ADL-YM-A20,RICE COOKER ADVANCE A-20,YAMENG??,LOCAL,CONTINUE ????,0"
"4.MGC.RCK ADL-YM-A20-ON,RICE COOKER ADVANCE A-20 (ON),YAMENG??,LOCAL,DISCONTINUE ????,INFO DARI MR LI 20-12-2025"
"4.MGC.RCK ADL-YM-A21,RICE COOKER ADVANCE A-21,YAMENG??,LOCAL,CONTINUE ????,0"
"4.MGC.RCK ADL-YM-A21-ON,RICE COOKER ADVANCE A-21 (ON),YAMENG??,LOCAL,CONTINUE ????,0"
"4.MGC.RCK ADL-YM-G06,RICE COOKER ADVANCE G-06,YAMENG??,LOCAL,CONTINUE ????,0"
"4.MGC.RCK ADL-YM-G07D,RICE COOKER ADVANCE G-07D,YAMENG??,LOCAL,DISCONTINUE ????,INFO DARI MR HANKE 20-06-2026"
"4.MGC.RCK ADL-YM-G07D-ON,RICE COOKER ADVANCE G-07D (ON),YAMENG??,LOCAL,CONTINUE ????,0"
"4.MGC.RCK ADL-YM-G08-BL,RICE COOKER ADVANCE G-08 BLUE,YAMENG??,LOCAL,CONTINUE ????,0"
"4.MGC.RCK ADL-YM-G08-G,RICE COOKER ADVANCE G-08 GREEN,YAMENG??,LOCAL,DISCONTINUE ????,INFO DARI MR LI 20-12-2025"
"4.MGC.RCK ADL-YM-G08-G-ON,RICE COOKER ADVANCE G-08 GREEN (ONLINE),YAMENG??,LOCAL,CONTINUE ????,0"
"4.MGC.RCK ADL-YM-G08-P,RICE COOKER ADVANCE G-08 PINK,YAMENG??,LOCAL,CONTINUE ????,0"
"4.MGC.RCK ADL-YM-G08-PR,RICE COOKER ADVANCE G-08 PURPLE,YAMENG??,LOCAL,DISCONTINUE ????,INFO DARI MR LI 20-12-2025"
"4.MGC.RCK ADL-YM-G08-PR-ON,RICE COOKER ADVANCE G-08 PURPLE (ONLINE),YAMENG??,LOCAL,CONTINUE ????,0"
"4.MGC.RCK ADL-YM-X100,RICE COOKER ADVANCE X-100,YAMENG??,LOCAL,DISCONTINUE ????,INFO DARI MR LI 20-12-2025"
"4.MGC.RCK ADL-YM-X100-ON,RICE COOKER ADVANCE X-100 (ON),YAMENG??,LOCAL,DISCONTINUE ????,INFO DARI MR LI 20-12-2025"
"4.MGC.RCK ADL-YM-X200-BR,RICE COOKER ADVANCE X-200 BROWN,YAMENG??,LOCAL,DISCONTINUE ????,INFO DARI MR LI 20-12-2025"
"4.MGC.RCK ADL-YM-X200-BR-ON,RICE COOKER ADVANCE X-200 BROWN (ON),YAMENG??,LOCAL,DISCONTINUE ????,INFO DARI MR LI 20-12-2025"
"4.MGC.RCK ADL-YM-X200-PR,RICE COOKER ADVANCE X-200 PURPLE,YAMENG??,LOCAL,DISCONTINUE ????,INFO DARI MR LI 20-12-2025"
"4.MGC.RCK ADL-YM-X200-PR-ON,RICE COOKER ADVANCE X-200 PURPLE (ON),YAMENG??,LOCAL,DISCONTINUE ????,INFO DARI MR LI 20-12-2025"
"4.MGC.RCK ADL-YM-X7-BL,RICE COOKER ADVANCE X7 BLUE,YAMENG??,LOCAL,CONTINUE ????,0"
"4.MGC.RCK ADL-YM-X7-BL-ON,RICE COOKER ADVANCE X7 BLUE (ONLINE),YAMENG??,LOCAL,CONTINUE ????,0"
"4.MGC.RCK ADL-YM-X7-G,RICE COOKER ADVANCE X7 GREEN,YAMENG??,LOCAL,CONTINUE ????,0"
"4.MGC.RCK ADL-YM-X7-G-ON,RICE COOKER ADVANCE X7 GREEN (ONLINE),YAMENG??,LOCAL,CONTINUE ????,0"
"4.MGC.RCK NML-JD-NMC-012A,RICE COOKER NAMITECH NMC-012A,JINDUOFU???,LOCAL,DISCONTINUE ????,INFO DARI SUPPLIER 13-08-2024"
"4.MGC.RCK NML-JD-NMC018A-BLUE,RICE COOKER NAMITECH NMC-018A BLUE,JINDUOFU???,LOCAL,DISCONTINUE ????,INFO DARI SUPPLIER 13-08-2024"
"4.MGC.RCK NML-JD-NMC018A-PINK,RICE COOKER NAMITECH NMC-018A PINK,JINDUOFU???,LOCAL,DISCONTINUE ????,INFO DARI MR LI 20-12-2025"
"4.MGC.RCK STRL-JD-SE802,RICE COOKER SELECTRON SE-802,JINDUOFU???,LOCAL,DISCONTINUE ????,INFO DARI MR LI 20-12-2025"
"4.MGC.RCK VTL-JD-G10,RICE COOKER VOTRE G-10,JINDUOFU???,LOCAL,DISCONTINUE ????,INFO DARI MR LI 20-12-2025"
"4.MGC.RCK VTL-JD-G10-ON,RICE COOKER VOTRE G-10 BAKI PENGUKUS (ON),JINDUOFU???,LOCAL,DISCONTINUE ????,INFO DARI MR LI 20-12-2025"
"4.MGC.RCK VTL-JD-G10-V2,RICE COOKER VOTRE G-10 BAKI PENGUKUS,JINDUOFU???,LOCAL,DISCONTINUE ????,INFO DARI MR LI 20-12-2025"
"4.MGC.RCK VTL-JD-G11,RICE COOKER VOTRE G-11,JINDUOFU???,LOCAL,CONTINUE ????,0"
"4.MGC.RCK VTL-JD-G11-ON,RICE COOKER VOTRE G-11 (ON),JINDUOFU???,LOCAL,CONTINUE ????,0"
"4.MGC.RCK VTL-JD-G12-A,RICE COOKER VOTRE G-12A BAKI PENGUKUS,JINDUOFU???,LOCAL,CONTINUE ????,0"
"4.MGC.RCK VTL-JD-G12-A-ON,RICE COOKER VOTRE G-12A BAKI PENGUKUS (ON),JINDUOFU???,LOCAL,DISCONTINUE ????,INFO DARI MR LI 20-12-2025"
"4.MGC.RCK VTL-JD-G12-B,RICE COOKER VOTRE G-12B BAKI PENGUKUS,JINDUOFU???,LOCAL,CONTINUE ????,0"
"4.MGC.RCK VTL-JD-G12-B-ON,RICE COOKER VOTRE G-12B BAKI PENGUKUS (ON),JINDUOFU???,LOCAL,DISCONTINUE ????,INFO DARI MR LI 20-12-2025"
"4.MGC.RCK VTL-YM-G10,RICE COOKER VOTRE G-10,YAMENG??,LOCAL,CONTINUE ????,0"
"4.MGC.RCK VTL-YM-G10-ON,RICE COOKER VOTRE G-10 (ON),YAMENG??,LOCAL,DISCONTINUE ????,INFO DARI MR LI 20-12-2025"
"4.MIC.ADC-AY-MIC101,ADVANCE MIC WIRELESS MIC-101,AOYUAN??,CHINA,DISCONTINUE ????,INFO MR YIN 11-12-2025"
"4.MIC.ADC-AY-MIC101-PRO,ADVANCE MIC WIRELESS MIC-101 PRO,AOYUAN??,CHINA,DISCONTINUE ????,INFO MR YIN 11-12-2025"
"4.MIC.ADC-AY-MIC102,ADVANCE MIC WIRELESS MIC-102,AOYUAN??,CHINA,DISCONTINUE ????,INFO MR YIN 11-12-2025"
"4.MIC.ADC-AY-MIC103,ADVANCE MIC WIRELESS MIC-103,AOYUAN??,CHINA,DISCONTINUE ????,INFO MR YIN 11-12-2025"
"4.MIC.ADC-AY-MIC104,ADVANCE MIC WIRELESS MIC-104,AOYUAN??,CHINA,DISCONTINUE ????,INFO MR YIN 11-12-2025"
"4.MIC.ADC-AY-MIC105,ADVANCE MIC WIRELESS MIC-105,AOYUAN??,CHINA,CONTINUE ????,0"
"4.MIC.ADC-AY-MIC106,ADVANCE MIC WIRELESS MIC-106,AOYUAN??,CHINA,CONTINUE ????,0"
"4.MIC.ADC-AY-MIC201,ADVANCE MIC WIRELESS MIC-201,AOYUAN??,CHINA,DISCONTINUE ????,INFO MR YIN 11-12-2025"
"4.MIC.ADC-AY-MIC202,ADVANCE MIC WIRELESS MIC-202,AOYUAN??,CHINA,DISCONTINUE ????,INFO MR YIN 11-12-2025"
"4.MIC.ADC-AY-MIC203,ADVANCE MIC WIRELESS MIC-203,AOYUAN??,CHINA,DISCONTINUE ????,INFO MR YIN 11-12-2025"
"4.MIC.ADC-AY-MIC206,ADVANCE MIC WIRELESS MIC-206,AOYUAN??,CHINA,DISCONTINUE ????,INFO MR YIN 11-12-2025"
"4.MIC.ADC-AY-MIC206-V2,ADVANCE MIC WIRELESS MIC-206,AOYUAN??,CHINA,CONTINUE ????,0"
"4.MIC.ADC-AY-MIC210,ADVANCE MIC WIRELESS MIC-210,AOYUAN??,CHINA,CONTINUE ????,0"
"4.MIC.ADC-AY-MIC301,ADVANCE MIC WIRELESS MIC-301,AOYUAN??,CHINA,DISCONTINUE ????,INFO MR YIN 11-12-2025"
"4.MIC.ADC-AY-MIC401,ADVANCE MIC WIRELESS MIC-401,AOYUAN??,CHINA,DISCONTINUE ????,INFO MR YIN 11-12-2025"
"4.MIC.ADC-AY-MIC500,ADVANCE MIC WIRELESS MIC-500,AOYUAN??,CHINA,DISCONTINUE ????,INFO MR YIN 11-12-2025"
"4.MIC.ADC-AY-MIC501,ADVANCE MIC WIRELESS MIC-501,AOYUAN??,CHINA,DISCONTINUE ????,INFO MR YIN 11-12-2025"
"4.MIC.ADC-AY-MIC601,ADVANCE MIC WIRELESS MIC-601,AOYUAN??,CHINA,DISCONTINUE ????,INFO MR YIN 11-12-2025"
"4.MIC.ADC-AY-MIC602,ADVANCE MIC WIRELESS MIC-602,AOYUAN??,CHINA,DISCONTINUE ????,INFO DARI MR HANKE 20-06-2026"
"4.MIC.ADC-AY-MIC884,ADVANCE MIC KABEL MIC884,AOYUAN??,CHINA,DISCONTINUE ????,INFO MR YIN 11-12-2025"
"4.MIC.ADC-AY-MIC885,ADVANCE MIC KABEL MIC 885,AOYUAN??,CHINA,DISCONTINUE ????,INFO MR YIN 11-12-2025"
"4.MIC.ADC-AY-MIC888,ADVANCE MIC KABEL MIC888,AOYUAN??,CHINA,DISCONTINUE ????,INFO MR YIN 11-12-2025"
"4.MIC.ADC-AY-W1061,ADVANCE MIC WIRELESS W-1061,AOYUAN??,CHINA,CONTINUE ????,0"
"4.MIC.ADC-AY-W1062,ADVANCE MIC WIRELESS W-1062,AOYUAN??,CHINA,DISCONTINUE ????,INFO MR YIN 11-12-2025"
"4.MIC.ADC-AY-W2066,ADVANCE MIC WIRELESS W-2066,AOYUAN??,CHINA,DISCONTINUE ????,INFO MR YIN 11-12-2025"
"4.MIC.ADC-CK-CK5022,ADVANCE MIC WIRELESS CK-5022,COK,CHINA,DISCONTINUE ????,INFO DARI MR LI 20-12-2025"
"4.MIC.ADC-JC-MIC101-PRO,ADVANCE MIC WIRELESS MIC-101 PRO,JIN HE CHEN???,CHINA,CONTINUE ????,0"
"4.MIC.ADC-JC-MIC101-PRO-V2,ADVANCE MIC WIRELESS MIC-101 PRO V.2,JIN HE CHEN???,CHINA,CONTINUE ????,0"
"4.MIC.ADC-JC-MIC206,ADVANCE MIC WIRELESS MIC-206,JIN HE CHEN???,CHINA,DISCONTINUE ????,INFO DARI MR LI 20-12-2025"
"4.MIC.ADC-JC-MIC206-V2,ADVANCE MIC WIRELESS MIC-206,JIN HE CHEN???,CHINA,CONTINUE ????,0"
"4.MIC.ADC-JC-MIC208,ADVANCE MIC WIRELESS MIC-208,JIN HE CHEN???,CHINA,CONTINUE ????,0"
"4.MIC.ADC-JC-MIC208-PLUS,ADVANCE MIC WIRELESS MIC-208 PLUS,JIN HE CHEN???,CHINA,DISCONTINUE ????,INFO DARI MR HANKE 20-06-2026"
"4.MIC.ADC-JC-MIC2217,ADVANCE MIC WIRELESS MIC-2217,JIN HE CHEN???,CHINA,CONTINUE ????,0"
"4.MIC.ADC-JC-MICD2,ADVANCE MIC WIRELESS MIC-D2,JIN HE CHEN???,CHINA,DISCONTINUE ????,INFO MR TAN 05-09-2026"
"4.MIC.ADC-JC-MICU10,ADVANCE MIC WIRELESS MIC-U10,JIN HE CHEN???,CHINA,DISCONTINUE ????,INFO DARI MR HANKE 20-06-2026"
"4.MIC.ADC-JT-MIC101,ADVANCE MIC WIRELESS MIC-101,JIAHAOTTING???,CHINA,DISCONTINUE ????,INFO DARI SUPPLIER 28-11-2025"
"4.MIC.ADC-JT-MIC101-PRO,ADVANCE MIC WIRELESS MIC-101 PRO,JIAHAOTTING???,CHINA,CONTINUE ????,0"
"4.MIC.ADC-JT-MIC102,ADVANCE MIC WIRELESS MIC-102,JIAHAOTTING???,CHINA,CONTINUE ????,0"
"4.MIC.ADC-JT-MIC103,ADVANCE MIC WIRELESS MIC-103,JIAHAOTTING???,CHINA,DISCONTINUE ????,INFO DARI MR TAN 22-07-2026"
"4.MIC.ADC-JT-MIC103PRO,ADVANCE MIC WIRELESS MIC-103 PRO,JIAHAOTTING???,CHINA,CONTINUE ????,0"
"4.MIC.ADC-JT-MIC201,ADVANCE MIC WIRELESS MIC-201,JIAHAOTTING???,CHINA,DISCONTINUE ????,INFO DARI MR TAN 22-07-2026"
"4.MIC.ADC-JT-MIC203,ADVANCE MIC WIRELESS MIC-203,JIAHAOTTING???,CHINA,DISCONTINUE ????,INFO DARI MR TAN 22-07-2026"
"4.MIC.ADC-JT-MIC205,ADVANCE MIC WIRELESS MIC-205,JIAHAOTTING???,CHINA,DISCONTINUE ????,INFO DARI MR HANKE 20-06-2026"
"4.MIC.ADC-JT-MIC206,ADVANCE MIC WIRELESS MIC-206,JIAHAOTTING???,CHINA,DISCONTINUE ????,INFO DARI MR LI 20-12-2025"
"4.MIC.ADC-JT-MIC206-V2,ADVANCE MIC WIRELESS MIC-206,JIAHAOTTING???,CHINA,CONTINUE ????,0"
"4.MIC.ADC-JT-MIC207,ADVANCE MIC WIRELESS MIC-207,JIAHAOTTING???,CHINA,CONTINUE ????,0"
"4.MIC.ADC-JT-MIC209,ADVANCE MIC WIRELESS MIC-209,JIAHAOTTING???,CHINA,CONTINUE ????,0"
"4.MIC.ADC-JT-MIC218,ADVANCE MIC WIRELESS MIC-218,JIAHAOTTING???,CHINA,CONTINUE ????,0"
"4.MIC.ADC-JT-MIC2238,ADVANCE MIC WIRELESS MIC-2238,JIAHAOTTING???,CHINA,CONTINUE ????,0"
"4.MIC.ADC-JT-MIC301,ADVANCE MIC WIRELESS MIC-301,JIAHAOTTING???,CHINA,DISCONTINUE ????,INFO DARI MR TAN 22-07-2026"
"4.MIC.ADC-JT-MIC302,ADVANCE MIC WIRELESS MIC-302,JIAHAOTTING???,CHINA,CONTINUE ????,0"
"4.MIC.ADC-JT-MIC303,ADVANCE MIC WIRELESS MIC-303,JIAHAOTTING???,CHINA,CONTINUE ????,0"
"4.MIC.ADC-JT-MIC401,ADVANCE MIC WIRELESS MIC-401,JIAHAOTTING???,CHINA,CONTINUE ????,0"
"4.MIC.ADC-JT-MIC402,ADVANCE MIC WIRELESS MIC-402,JIAHAOTTING???,CHINA,CONTINUE ????,0"
"4.MIC.ADC-JT-MIC403,ADVANCE MIC WIRELESS MIC-403,JIAHAOTTING???,CHINA,CONTINUE ????,0"
"4.MIC.ADC-JT-MIC404,ADVANCE MIC WIRELESS MIC-404,JIAHAOTTING???,CHINA,CONTINUE ????,0"
"4.MIC.ADC-JT-MIC500,ADVANCE MIC WIRELESS MIC-500,JIAHAOTTING???,CHINA,CONTINUE ????,0"
"4.MIC.ADC-JT-MIC500-LED,ADVANCE MIC WIRELESS MIC-500 LED,JIAHAOTTING???,CHINA,DISCONTINUE ????,UPGRADE KE MIC-500 INFO SUPPLIER 16-09-2025"
"4.MIC.ADC-JT-MIC884,ADVANCE MIC KABEL MIC 884 JAK 6.5mm,JIAHAOTTING???,CHINA,CONTINUE ????,0"
"4.MIC.ADC-JT-MIC884-35,ADVANCE MIC KABEL MIC 884 JAK 3.5mm,JIAHAOTTING???,CHINA,CONTINUE ????,0"
"4.MIC.ADC-JT-MIC885,ADVANCE MIC KABEL MIC 885,JIAHAOTTING???,CHINA,CONTINUE ????,0"
"4.MIC.ADC-JT-MIC886,ADVANCE MIC KABEL MIC 886,JIAHAOTTING???,CHINA,DISCONTINUE ????,INFO DARI MR LI 20-12-2025"
"4.MIC.ADC-JT-MIC886N,ADVANCE MIC KABEL MIC-886N,JIAHAOTTING???,CHINA,CONTINUE ????,0"
"4.MIC.ADC-JT-MIC888-V2,ADVANCE MIC KABEL MIC888 V.2,JIAHAOTTING???,CHINA,CONTINUE ????,0"
"4.MIC.ADC-JT-MIC901,ADVANCE MIC KABEL MIC-901,JIAHAOTTING???,CHINA,CONTINUE ????,0"
"4.MIC.ADC-JT-MIC909,ADVANCE MIC KABEL,JIAHAOTTING???,CHINA,DISCONTINUE ????,INFO DARI MR LI 20-12-2025"
"4.MIC.ADC-JT-MIC909-BG,ADVANCE MIC KABEL MIC-909,JIAHAOTTING???,CHINA,CONTINUE ????,0"
"4.MIC.ADC-JT-MIC909-GL,ADVANCE MIC KABEL,JIAHAOTTING???,CHINA,DISCONTINUE ????,INFO DARI MR LI 20-12-2025"
"4.MIC.ADC-JT-MIC910,ADVANCE MIC KABEL MIC-910,JIAHAOTTING???,CHINA,CONTINUE ????,0"
"4.MIC.ADC-JT-MIC912,ADVANCE MIC KABEL MIC-912,JIAHAOTTING???,CHINA,CONTINUE ????,0"
"4.MIC.ADC-JT-W1060,ADVANCE MIC WIRELESS W-1060,JIAHAOTTING???,CHINA,CONTINUE ????,0"
"4.MIC.ADC-LT-MIC883-2307,ADVANCE MIC WIRELESS MIC883 FREKUENSI 230.7MHz,LANGTING??,CHINA,DISCONTINUE ????,INFO DARI MR LI 20-12-2025"
"4.MIC.ADC-LT-MIC883-2618,ADVANCE MIC WIRELESS MIC883 FREKUENSI 261.8MHz,LANGTING??,CHINA,DISCONTINUE ????,INFO DARI MR LI 20-12-2025"
"4.MIC.ADC-YX-MIC101,ADVANCE MIC WIRELESS MIC-101,YAXUAN??,CHINA,DISCONTINUE ????,INFO DARI SUPPLIER 14-08-2024"
"4.MIC.ADC-YX-MIC881,ADVANCE MIC KABEL MIC 881,YAXUAN??,CHINA,DISCONTINUE ????,INFO DARI SUPPLIER 14-08-2024"
"4.MIC.ADC-YX-MIC882,ADVANCE MIC KABEL MIC 882,YAXUAN??,CHINA,DISCONTINUE ????,INFO DARI SUPPLIER 29-09-2025"
"4.MIC.ADC-YX-MICD2,ADVANCE MIC WIRELESS MIC-D2,YAXUAN??,CHINA,CONTINUE ????,0"
"4.MIC.ADC-YX-MICL6A-A,ADVANCE MIC WIRELESS MIC-L6A MICROPHONE A,YAXUAN??,CHINA,DISCONTINUE ????,INFO DARI MR HANKE 20-06-2026"
"4.MIC.ADC-YX-MICL6-B,ADVANCE MIC WIRELESS MIC-L6 MICROPHONE B,YAXUAN??,CHINA,DISCONTINUE ????,INFO DARI MR HANKE 20-06-2026"
"4.MIC.VTC-JT-MICS331,VOTRE MIC KABEL MIC-S331,JIAHAOTTING???,CHINA,DISCONTINUE ????,INFO DARI MR LI 20-12-2025"
"4.MP3.0001-VTC-OH,MP3 PLAYER VOTRE 01 BLACK,OUCHENGFENG???,CHINA,DISCONTINUE ????,INFO DARI MR. LI 08-07-2024"
"4.MP3.0002-VTC-OH-B,MP3 PLAYER VOTRE 02 BLACK,OUCHENGFENG???,CHINA,DISCONTINUE ????,INFO DARI MR LI 20-12-2025"
"4.MP3.0004-VTC-OH-B,MP3 PLAYER VOTRE -04 BLACK,OUCHENGFENG???,CHINA,DISCONTINUE ????,INFO DARI MR LI 20-12-2025"
"4.MP3.0005-VTC-OH-FM,MP3 PLAYER VOTREFM -05,OUCHENGFENG???,CHINA,DISCONTINUE ????,INFO DARI MR. LI 08-07-2024"
"4.MP3.0006-VTC-OH-B,MP3 PLAYER VOTRE-06 BLACK,OUCHENGFENG???,CHINA,DISCONTINUE ????,INFO DARI MR LI 20-12-2025"
"4.MP3.0007-VTC-OH-B,MP3 PLAYER VOTRE-07 BLACK,OUCHENGFENG???,CHINA,DISCONTINUE ????,INFO DARI MR LI 20-12-2025"
"4.MP3.0008-VTC-OH-B,MP3 PLAYER VOTRE-08 BLACK,OUCHENGFENG???,CHINA,DISCONTINUE ????,INFO DARI MR LI 20-12-2025"
"4.MP3.0010-VTC-OH-BL,MP3 PLAYER VOTRE-10 BLUE,OUCHENGFENG???,CHINA,DISCONTINUE ????,INFO DARI MR LI 20-12-2025"
"4.MP3.0011-VTC-OH-B,MP3 PLAYER VOTRE-11 BLACK,OUCHENGFENG???,CHINA,DISCONTINUE ????,INFO DARI MR LI 20-12-2025"
"4.MP3.0012-VTC-OH-B,MP3 PLAYER VOTRE-12 BLACK,OUCHENGFENG???,CHINA,DISCONTINUE ????,INFO DARI MR LI 20-12-2025"
"4.MP3.0014-VTC-OH,MP3 PLAYER VOTRE-14,0,CHINA,DISCONTINUE ????,INFO DARI MR LI 20-12-2025"
"4.MP3.0014-VTC-OH-B,MP3 PLAYER VOTRE-14 BLACK,OUCHENGFENG???,CHINA,DISCONTINUE ????,INFO DARI MR LI 20-12-2025"
"4.MP3.0021-VTC-KX-BL-W,MP3 PLAYER VOTRE-21 WHITE BOLA,KALMAX USB,CHINA,DISCONTINUE ????,INFO DARI MR LI 20-12-2025"
"4.MP3.0022-VTC-XS-B,MP3 PLAYER VOTRE-22 BLACK,XIESHOU? ?,CHINA,DISCONTINUE ????,INFO DARI MR. LI 08-07-2024"
"4.MP4.0010-VTC-XS,MP4 PLAYER VOTRE 10,XIESHOU? ?,CHINA,DISCONTINUE ????,INFO DARI MR. LI 08-07-2024"
"4.MTB.ADC-AMD880,MOTHERBOARD AMD-880,0,CHINA,DISCONTINUE ????,0"
"4.MTR.FH-SF6612G-8*150-80/9,5*58,5,Motor Kipas Berdiri SF6612G-A1,FENGHE,CHINA,CONTINUE ????,0"
"4.MTR.FH-WF6612N-8*150-80/9,5*58,5,Motor Kipas Dinding WF6612N-A1,FENGHE,CHINA,CONTINUE ????,0"
"4.MTR.FH-WF7116N-8*150-80/9,5*58,5,Motor Kipas Dinding WF7116N-A1,FENGHE,CHINA,CONTINUE ????,0"
"4.MTR.FH-WF7120N-8*155-80/9,5*58,5,Motor Kipas Dinding WF7120N-F1,FENGHE,CHINA,CONTINUE ????,0"
"4.MUS.ADC-KBL-WM401,MOUSE KABEL ADVANCE WM401,0,CHINA,DISCONTINUE ????,INFO DARI MR LI 20-12-2025"
"4.MUS.ADC-KBL-WM-401,MOUSE KABEL ADVANCE WM-401,0,CHINA,DISCONTINUE ????,INFO DARI MR LI 20-12-2025"
"4.MUS.ADC-KBL-WM402,MOUSE KABEL ADVANCE WM402,0,CHINA,DISCONTINUE ????,INFO DARI MR LI 20-12-2025"
"4.MUS.ADC-KM702,WIRE MOUSE ADVANCE KM-702,XIESHOU? ?,CHINA,DISCONTINUE ????,INFO DARI MR. LI 08-07-2024"
"4.MUS.ADC-M301,MOUSE ADVANCE KM 301,0,CHINA,DISCONTINUE ????,INFO DARI MR LI 20-12-2025"
"4.MUS.ADC-MOUSE-WM402,MOUSE KABEL ADVANCE WM-402,0,CHINA,DISCONTINUE ????,INFO DARI MR LI 20-12-2025"
"4.MUS.ADC-WILS-WM503-B,MOUSE WIRELESS ADVANCE WM503 BLACK,XIESHOU? ?,CHINA,DISCONTINUE ????,INFO DARI MR. LI 08-07-2024"
"4.MUS.ADC-XS-KM701,WIRE MOUSE ADVANCE KM-701,XIESHOU? ?,CHINA,DISCONTINUE ????,INFO DARI MR. LI 08-07-2024"
"4.MUS.ADC-XS-MG888A,MOUSE MG-888A ADVANCE GAMING,XIESHOU? ?,CHINA,DISCONTINUE ????,INFO DARI MR. LI 08-07-2024"
"4.MUS.ADC-YM-MG888B,MOUSE MG-888B ADVANCE GAMING,YAMENG??,CHINA,DISCONTINUE ????,INFO DARI SUPPLIER 16-08-2024"
"4.MUS.C-WILS-501A,MOUSE WIRELESS 501A,XIESHOU? ?,CHINA,DISCONTINUE ????,INFO DARI MR. LI 08-07-2024"
"4.MUS.C-WILS-501B,MOUSE WIRELESS 501B,XIESHOU? ?,CHINA,DISCONTINUE ????,INFO DARI MR. LI 08-07-2024"
"4.MUS.C-WILS-501C,MOUSE WIRELESS 501C,XIESHOU? ?,CHINA,DISCONTINUE ????,INFO DARI MR. LI 08-07-2024"
"4.MUS.C-WILS-501D,MOUSE WIRELESS 501D,XIESHOU? ?,CHINA,DISCONTINUE ????,INFO DARI MR. LI 08-07-2024"
"4.MUS.C-WILS-501E,MOUSE WIRELESS 501E,XIESHOU? ?,CHINA,DISCONTINUE ????,INFO DARI MR. LI 08-07-2024"
"4.MUS.C-WILS-502A,MOUSE WIRELESS 502A 8F,XIESHOU? ?,CHINA,DISCONTINUE ????,INFO DARI MR. LI 08-07-2024"
"4.MUS.C-WILS-502B,MOUSE WIRELESS 502B 8F,XIESHOU? ?,CHINA,DISCONTINUE ????,INFO DARI MR. LI 08-07-2024"
"4.MUS.C-WILS-502C,MOUSE WIRELESS 502C 8F,XIESHOU? ?,CHINA,DISCONTINUE ????,INFO DARI MR. LI 08-07-2024"
"4.MUS.C-WILS-502D,MOUSE WIRELESS 502D 8F,XIESHOU? ?,CHINA,DISCONTINUE ????,INFO DARI MR. LI 08-07-2024"
"4.MUS.C-WILS-502E,MOUSE WIRELESS WM502E,XIESHOU? ?,CHINA,DISCONTINUE ????,INFO DARI MR. LI 08-07-2024"
"4.MUS.C-WILS-502F,MOUSE WIRELESS WM502F,XIESHOU? ?,CHINA,DISCONTINUE ????,INFO DARI MR. LI 08-07-2024"
"4.MUS.C-WILS-W10,MOUSE WIRELESS W10 8F,XIESHOU? ?,CHINA,DISCONTINUE ????,INFO DARI MR. LI 08-07-2024"
"4.MUS.NO LOGO-C-XS-KM-309 USB BLACK,MOUSE NO LOGO KM-309 USB,XIESHOU? ?,CHINA,DISCONTINUE ????,INFO DARI MR. LI 08-07-2024"
"4.MUS.TMCC-XS-KM108-USB,MOUSE TOMICO KM-108,XIESHOU? ?,CHINA,DISCONTINUE ????,INFO DARI MR. LI 08-07-2024"
"4.MUS.VTC-M082-USB,MOUSE VOTRE USB 082,0,CHINA,DISCONTINUE ????,INFO DARI MR LI 20-12-2025"
"4.MUS.VTC-M309-PS2,MOUSE VOTRE 309 PS2,XIESHOU? ?,CHINA,DISCONTINUE ????,INFO DARI MR. LI 08-07-2024"
"4.MUS.VTC-M604-USB,MOUSE VOTRE 604 USB,XIESHOU? ?,CHINA,DISCONTINUE ????,INFO DARI MR. LI 08-07-2024"
"4.MUS.VTC-M605-USB,MOUSE VOTRE 605 USB,XIESHOU? ?,CHINA,DISCONTINUE ????,INFO DARI MR. LI 08-07-2024"
"4.MUS.VTC-M609-USB,MOUSE VOTRE 609 USB,XIESHOU? ?,CHINA,DISCONTINUE ????,INFO DARI MR. LI 08-07-2024"
"4.MUS.VTC-M610-USB,MOUSE VOTRE 610 USB,XIESHOU? ?,CHINA,DISCONTINUE ????,INFO DARI MR. LI 08-07-2024"
"4.MUS.VTC-M611-USB,MOUSE VOTRE 611 USB,XIESHOU? ?,CHINA,DISCONTINUE ????,INFO DARI MR. LI 08-07-2024"
"4.MUS.VTC-XS-KM-309 USB BLACK,MOUSE VOTRE KM-309 USB,XIESHOU? ?,CHINA,DISCONTINUE ????,INFO DARI MR. LI 08-07-2024"
"4.MUS.VTC-XS-KM-309 USB BLUE,MOUSE VOTRE KM-309 USB,XIESHOU? ?,CHINA,DISCONTINUE ????,INFO DARI MR. LI 08-07-2024"
"4.MUS.VTC-XS-KM-309 USB RED,MOUSE VOTRE KM-309 USB RED,XIESHOU? ?,CHINA,DISCONTINUE ????,INFO DARI MR LI 20-12-2025"
"4.MUS.VTC-YM-KM-309 USB,MOUSE VOTRE KM-309 USB,YAMENG??,CHINA,DISCONTINUE ????,INFO DARI MR HANKE 20-06-2026"
"4.MUS.VTL-KM-310 USB,MOUSE VOTRE KM-310 USB,XIESHOU? ?,CHINA,DISCONTINUE ????,INFO DARI MR. LI 08-07-2024"
"4.MUS.VTL-XS-KM-310 USB RED,MOUSE VOTRE KM-310 USB RED,XIESHOU? ?,CHINA,DISCONTINUE ????,INFO DARI MR. LI 08-07-2024"
"4.MXR.ADC-YM-MX1002T,MIXER ADVANCE MX-1002T,YAMENG??,CHINA,DISCONTINUE ????,INFO DARI SUPPLIER 14-10-2023"
"4.MXR.ADC-YM-MX133,MIXER ADVANCE MX-133,YAMENG??,CHINA,DISCONTINUE ????,INFO DARI SUPPLIER 16-08-2024"
"4.MXR.ADC-YM-SMX35,MIXER ADVANCE SMX-35 RED,YAMENG??,CHINA,DISCONTINUE ????,INFO DARI SUPPLIER 14-10-2023"
"4.MXR.ADC-YM-SMX50,MIXER ADVANCE SMX-50,YAMENG??,CHINA,DISCONTINUE ????,INFO DARI SUPPLIER 14-10-2023"
"4.MXR.ADC-YM-SMX55,MIXER ADVANCE SMX-55,YAMENG??,CHINA,DISCONTINUE ????,INFO DARI MR LI 20-12-2025"
"4.MXR.ADL-AD-MX133-BL,MIXER ADVANCE MX-133 BLUE,AIDIFANSI????,LOCAL,CONTINUE ????,0"
"4.MXR.ADL-AD-MX133-BL-ON,MIXER ADVANCE MX-133 BLUE (ON),AIDIFANSI????,LOCAL,CONTINUE ????,0"
"4.MXR.ADL-AD-MX133-G,MIXER ADVANCE MX-133 GREEN,AIDIFANSI????,LOCAL,CONTINUE ????,0"
"4.MXR.ADL-AD-MX133-G-ON,MIXER ADVANCE MX-133 GREEN (ON),AIDIFANSI????,LOCAL,CONTINUE ????,0"
"4.MXR.ADL-AD-MX133-P,MIXER ADVANCE MX-133 PINK,AIDIFANSI????,LOCAL,CONTINUE ????,0"
"4.MXR.ADL-AD-MX133-PE-ON,MIXER ADVANCE MX-133 PEACH (ON),AIDIFANSI????,LOCAL,DISCONTINUE ????,INFO DARI MR LI 20-12-2025"
"4.MXR.ADL-AD-MX133-P-ON,MIXER ADVANCE MX-133 PINK (ON),AIDIFANSI????,LOCAL,CONTINUE ????,0"
"4.MXR.ADL-AD-MX133-W,MIXER ADVANCE MX-133 WHITE,AIDIFANSI????,LOCAL,CONTINUE ????,0"
"4.MXR.ADL-AD-MX133-W-ON,MIXER ADVANCE MX-133 WHITE (ON),AIDIFANSI????,LOCAL,CONTINUE ????,0"
"4.MXR.ADL-YM-MX1003T-BL,MIXER ADVANCE MX-1003T BLUE,YAMENG??,LOCAL,CONTINUE ????,0"
"4.MXR.ADL-YM-MX1003T-BL-ON,MIXER ADVANCE MX-1003T BLUE (ON),YAMENG??,LOCAL,DISCONTINUE ????,INFO DARI MR LI 20-12-2025"
"4.MXR.ADL-YM-MX1003T-P,MIXER ADVANCE MX-1003T PINK,YAMENG??,LOCAL,CONTINUE ????,0"
"4.MXR.ADL-YM-MX1003T-P-ON,MIXER ADVANCE MX-1003T PINK (ON),YAMENG??,LOCAL,DISCONTINUE ????,INFO DARI MR LI 20-12-2025"
"4.MXR.ADL-YM-MX133,MIXER ADVANCE MX-133,YAMENG??,LOCAL,DISCONTINUE ????,INFO DARI MR LI 20-12-2025"
"4.MXR.ADL-YM-MX133-BL,MIXER ADVANCE MX-133 BLUE,YAMENG??,LOCAL,DISCONTINUE ????,INFO DARI MR LI 20-12-2025"
"4.MXR.ADL-YM-MX133-BL-ON,MIXER ADVANCE MX-133 BLUE (ON),YAMENG??,LOCAL,DISCONTINUE ????,INFO DARI MR LI 20-12-2025"
"4.MXR.ADL-YM-MX133-G,MIXER ADVANCE MX-133 GREEN,YAMENG??,LOCAL,DISCONTINUE ????,INFO DARI MR LI 20-12-2025"
"4.MXR.ADL-YM-MX133-G-ON,MIXER ADVANCE MX-133 GREEN (ON),YAMENG??,LOCAL,DISCONTINUE ????,INFO DARI MR LI 20-12-2025"
"4.MXR.ADL-YM-MX133-P,MIXER ADVANCE MX-133 PINK,YAMENG??,LOCAL,DISCONTINUE ????,INFO DARI MR LI 20-12-2025"
"4.MXR.ADL-YM-MX133-P-ON,MIXER ADVANCE MX-133 PINK (ON),YAMENG??,LOCAL,DISCONTINUE ????,INFO DARI MR LI 20-12-2025"
"4.MXR.ADL-YM-MX133-W-ON,MIXER ADVANCE MX-133 WHITE (ON),YAMENG??,LOCAL,DISCONTINUE ????,INFO DARI MR LI 20-12-2025"
"4.MXR.ADL-YM-MX233-BL,MIXER ADVANCE MX-233 BLUE,YAMENG??,LOCAL,CONTINUE ????,0"
"4.MXR.ADL-YM-MX333-B,MIXER ADVANCE MX-333 BLACK,YAMENG??,LOCAL,DISCONTINUE ????,INFO DARI SUPPLIER 16-08-2024"
"4.MXR.ADL-YM-MX333-W,MIXER ADVANCE MX-333 WHITE,YAMENG??,LOCAL,DISCONTINUE ????,INFO DARI SUPPLIER 16-08-2024"
"4.MXR.ADL-YM-MX333-W-ON,MIXER ADVANCE MX-333 WHITE (ON),YAMENG??,LOCAL,DISCONTINUE ????,INFO DARI SUPPLIER 16-08-2024"
"4.MXR.ADL-YM-SMX45-B,MIXER ADVANCE SMX-45 BLACK,YAMENG??,LOCAL,CONTINUE ????,0"
"4.MXR.ADL-YM-SMX45-BE,MIXER ADVANCE SMX-45 BEIGE,YAMENG??,LOCAL,CONTINUE ????,0"
"4.MXR.ADL-YM-SMX45-R,MIXER ADVANCE SMX-45 RED,YAMENG??,LOCAL,CONTINUE ????,0"
"4.MXR.ADL-YM-SMX55A-B,MIXER ADVANCE SMX-55A BLACK,YAMENG??,LOCAL,CONTINUE ????,0"
"4.MXR.ADL-YM-SMX55A-BE,MIXER ADVANCE SMX-55A BEIGE,YAMENG??,LOCAL,CONTINUE ????,0"
"4.MXR.ADL-YM-SMX55-B,MIXER ADVANCE SMX-55 BLACK,YAMENG??,LOCAL,DISCONTINUE ????,INFO DARI MR LI 20-12-2025"
"4.MXR.ADL-YM-SMX55-R,MIXER ADVANCE SMX-55 RED,YAMENG??,LOCAL,DISCONTINUE ????,INFO DARI MR LI 20-12-2025"
"4.MXR.ADL-YM-SMX75,MIXER ADVANCE SMX-75,YAMENG??,LOCAL,CONTINUE ????,0"
"4.MXR.VTC-HY-MX302,MIXER VOTRE MX-302,HENG YU??,CHINA,DISCONTINUE ????,INFO DARI MR. YIN 06-10-2025"
"4.OVN.ADC-BS-AOV300,OVEN LISTRIK ADVANCE AOV-300 20L BLACK,BAOSIJIA,CHINA,CONTINUE ????,0"
"4.OVN.ADC-HL-AOV500,OVEN LISTRIK ADVANCE AOV-500 33L,HANLI,CHINA,DISCONTINUE ????,INFO MR TAN 05-09-2026"
"4.OVN.ADC-YM-AOV100-B,OVEN LISTRIK ADVANCE AOV-100 9L BLACK,YAMENG??,CHINA,DISCONTINUE ????,INFO DARI SUPPLIER 16-08-2024"
"4.OVN.ADC-YM-AOV200,OVEN LISTRIK ADVANCE AOV-200 12L BLACK,YAMENG??,CHINA,DISCONTINUE ????,INFO DARI SUPPLIER 14-10-2023"
"4.OVN.ADC-YM-AOV222,OVEN LISTRIK ADVANCE AOV-222,YAMENG??,CHINA,CONTINUE ????,0"
"4.OVN.ADC-YM-AOV300,OVEN LISTRIK ADVANCE AOV-300 20L BLACK,YAMENG??,CHINA,CONTINUE ????,0"
"4.OVN.ADC-YM-AOV300-V2,OVEN LISTRIK ADVANCE AOV-300 20L,YAMENG??,CHINA,CONTINUE ????,0"
"4.OVN.ADC-YM-AOV311,OVEN LISTRIK ADVANCE AOV-311,YAMENG??,CHINA,DISCONTINUE ????,INFO DARI MR HANKE 20-06-2026"
"4.OVN.ADC-YM-AOV400,OVEN LISTRIK ADVANCE AOV-400 20L WHITE,YAMENG??,CHINA,DISCONTINUE ????,INFO DARI MR LI 20-12-2025"
"4.OVN.ADC-YM-AOV500,OVEN LISTRIK ADVANCE AOV-500 33L,YAMENG??,CHINA,DISCONTINUE ????,INFO DARI MR LI 20-12-2025"
"4.OVN.ADC-YM-AOV500-V2,OVEN LISTRIK ADVANCE AOV-500 33L WHITE,YAMENG??,CHINA,CONTINUE ????,0"
"4.OVN.ADC-YM-AOV600,OVEN LISTRIK ADVANCE AOV-600,YAMENG??,CHINA,CONTINUE ????,0"
"4.OVN.ADL-YM-AOV100-B,OVEN LISTRIK ADVANCE AOV-100 9L BLACK,YAMENG??,LOCAL,DISCONTINUE ????,INFO DARI MR LI 20-12-2025"
"4.OVN.ADL-YM-AOV100-B-ON,OVEN LISTRIK ADVANCE AOV-100 9L BLACK (ON),YAMENG??,LOCAL,DISCONTINUE ????,INFO DARI MR LI 20-12-2025"
"4.OVN.ADL-YM-AOV100-G,OVEN LISTRIK ADVANCE AOV-100 9L GREEN,YAMENG??,LOCAL,DISCONTINUE ????,INFO DARI MR LI 20-12-2025"
"4.OVN.ADL-YM-AOV100-G-ON,OVEN LISTRIK ADVANCE AOV-100 GREEN (ON),YAMENG??,LOCAL,DISCONTINUE ????,INFO DARI MR LI 20-12-2025"
"4.OVN.ADL-YM-AOV100-P,OVEN LISTRIK ADVANCE AOV-100 9L PINK,YAMENG??,LOCAL,DISCONTINUE ????,INFO DARI MR LI 20-12-2025"
"4.OVN.ADL-YM-AOV100-P-ON,OVEN LISTRIK ADVANCE AOV-100 9L PINK (ON),YAMENG??,LOCAL,DISCONTINUE ????,INFO DARI MR LI 20-12-2025"
"4.OVN.ADL-YM-AOV100-V4-B,OVEN LISTRIK ADVANCE AOV-100 9L BLACK,YAMENG??,LOCAL,DISCONTINUE ????,INFO DARI MR LI 20-12-2025"
"4.OVN.ADL-YM-AOV100-V4-G,OVEN LISTRIK ADVANCE AOV-100 9L GREEN,YAMENG??,LOCAL,DISCONTINUE ????,INFO DARI MR LI 20-12-2025"
"4.OVN.ADL-YM-AOV100-V4-P,OVEN LISTRIK ADVANCE AOV-100 9L PINK,YAMENG??,LOCAL,DISCONTINUE ????,INFO DARI MR LI 20-12-2025"
"4.OVN.ADL-YM-AOV100-V5-B-ON,OVEN LISTRIK ADVANCE AOV-100 9L BLACK (ON),YAMENG??,LOCAL,DISCONTINUE ????,INFO DARI MR LI 20-12-2025"
"4.OVN.ADL-YM-AOV300-B,OVEN LISTRIK ADVANCE AOV-300 20L BLACK,YAMENG??,LOCAL,DISCONTINUE ????,INFO DARI MR LI 20-12-2025"
"4.OVN.ADL-YM-AOV300-B-ON,OVEN LISTRIK ADVANCE AOV-300 20L BLACK (ON),YAMENG??,LOCAL,DISCONTINUE ????,INFO DARI MR LI 20-12-2025"
"4.OVN.VTC-YM-V120-ON,OVEN LISTRIK VOTRE V-120 12L (ON),YAMENG??,CHINA,CONTINUE ????,0"
"4.OVN.VTC-YM-V120-V2-G-ON,OVEN LISTRIK VOTRE V-120 12L GREEN (ON),YAMENG??,CHINA,DISCONTINUE ????,INFO DARI MR LI 20-12-2025"
"4.OVN.VTC-YM-V120-V3-ON,OVEN LISTRIK VOTRE V-120 12L (ON),YAMENG??,CHINA,DISCONTINUE ????,INFO DARI MR HANKE 20-06-2026"
"4.OVN.VTC-YM-V3320-ON,OVEN LISTRIK VOTRE V-3320 22L (ON),YAMENG??,CHINA,CONTINUE ????,0"
"4.PBK.ADC-YM-0021-9000-B-BL,POWER BANK ADV. 9000mAh BLACK BLUE,YAMENG??,CHINA,DISCONTINUE ????,INFO DARI MR LI 20-12-2025"
"4.PBK.ADC-YM-0050-5000-BR,POWER BANK ADV. 5000mAh 050 BROWN,YAMENG??,CHINA,DISCONTINUE ????,INFO DARI SUPPLIER 16-08-2024"
"4.PBK.ADC-YM-0060-5800,POWER BANK ADV. 5800mAh 060,YAMENG??,CHINA,DISCONTINUE ????,INFO DARI MR LI 20-12-2025"
"4.PBK.ADC-YM-0060-5800-Y,POWER BANK ADV. 5800mAh 060 YELLOW,YAMENG??,CHINA,DISCONTINUE ????,INFO DARI MR LI 20-12-2025"
"4.PBK.ADC-YM-0070-2600-NB,POWERBANK ADV.2600Mah NEW BLACK,YAMENG??,CHINA,DISCONTINUE ????,INFO DARI MR LI 20-12-2025"
"4.PBK.ADC-YM-0100-2600-B,POWER BANK ADV. 2600mAh BLACK,YAMENG??,CHINA,DISCONTINUE ????,INFO DARI MR LI 20-12-2025"
"4.PBK.ADC-YM-0101-5600,POWER BANK ADV. 5600mAh,YAMENG??,CHINA,DISCONTINUE ????,INFO DARI MR LI 20-12-2025"
"4.PBK.ADC-YM-0101-5600-YL,POWER BANK ADV. 5600mAh YELLOW LAMA,YAMENG??,CHINA,DISCONTINUE ????,INFO DARI MR LI 20-12-2025"
"4.PBK.ADC-YM-0101-5800,POWER BANK ADV. 5800mAh,YAMENG??,CHINA,DISCONTINUE ????,INFO DARI MR LI 20-12-2025"
"4.PBK.ADC-YM-0101-5800-B,POWER BANK ADV. 5800mAh BLACK,YAMENG??,CHINA,DISCONTINUE ????,INFO DARI MR LI 20-12-2025"
"4.PBK.ADC-YM-0102-8800,POWER BANK ADV. 8800mAh,YAMENG??,CHINA,DISCONTINUE ????,INFO DARI MR LI 20-12-2025"
"4.PBK.ADC-YM-0102-8800-B,POWER BANK ADV. 8800mAh BLACK,YAMENG??,CHINA,DISCONTINUE ????,INFO DARI MR LI 20-12-2025"
"4.PBK.ADC-YM-0200-5000-BL,POWERBANK ADV.5000 BLUE,YAMENG??,CHINA,DISCONTINUE ????,INFO DARI MR LI 20-12-2025"
"4.PBK.ADC-YM-0201-5000-NB,POWER BANK ADV. 5000mAh NEW BLACK,YAMENG??,CHINA,DISCONTINUE ????,INFO DARI MR LI 20-12-2025"
"4.PBK.ADC-YM-101A-5600-B,POWER BANK ADV. 5600mAh 101A BLACK,YAMENG??,CHINA,DISCONTINUE ????,INFO DARI MR LI 20-12-2025"
"4.PBK.ADC-YM-101B-5600-B,POWER BANK ADV. 5600mAh 101B BLACK,YAMENG??,CHINA,DISCONTINUE ????,INFO DARI MR LI 20-12-2025"
"4.PBK.ADC-YM-101C-5800,POWER BANK ADV. 5800mAh C,YAMENG??,CHINA,DISCONTINUE ????,INFO DARI MR LI 20-12-2025"
"4.PBK.ADC-YM-101C-5800-B,POWER BANK ADV. 5800mAh C BLACK,YAMENG??,CHINA,DISCONTINUE ????,INFO DARI MR LI 20-12-2025"
"4.PBK.ADC-YM-102B-7800,POWER BANK ADV. 7800mAh,YAMENG??,CHINA,DISCONTINUE ????,INFO DARI MR LI 20-12-2025"
"4.PBK.ADC-YM-102B-7800-B,POWER BANK ADV. 7800mAh BLACK,YAMENG??,CHINA,DISCONTINUE ????,INFO DARI MR LI 20-12-2025"
"4.PBK.ADC-YM-102C-8800-LED-AG,POWER BANK ADV. 8800mAh LED ARGENTINA,YAMENG??,CHINA,DISCONTINUE ????,INFO DARI MR LI 20-12-2025"
"4.PBK.ADC-YM-102C-8800-LEDB,POWER BANK ADV. 8800mAh LED BLACK,YAMENG??,CHINA,DISCONTINUE ????,INFO DARI MR LI 20-12-2025"
"4.PBK.ADC-YM-A021-5800,POWERBANK ADV.A21 5800mAH,YAMENG??,CHINA,DISCONTINUE ????,INFO DARI MR LI 20-12-2025"
"4.PBK.ADC-YM-A021-5800-B,POWERBANK ADV.A21 5800mAH BLACK,YAMENG??,CHINA,DISCONTINUE ????,INFO DARI MR LI 20-12-2025"
"4.PBK.ADC-YM-A023-5800,POWERBANK ADV.A23 5800maH,YAMENG??,CHINA,DISCONTINUE ????,INFO DARI MR LI 20-12-2025"
"4.PBK.ADC-YM-A023-5800-B,POWERBANK ADV.A23 5800maH BLACK,YAMENG??,CHINA,DISCONTINUE ????,INFO DARI MR LI 20-12-2025"
"4.PBK.ADC-YM-AM20-5800-B,PWR BANK ADV.5800mAh ALUMUNIUM BLACK,YAMENG??,CHINA,DISCONTINUE ????,INFO DARI MR LI 20-12-2025"
"4.PBK.ADC-YM-AM20-5800-BL,PWR BANK ADV.5800mAh ALUMUNIUM BLUE,YAMENG??,CHINA,DISCONTINUE ????,INFO DARI MR LI 20-12-2025"
"4.PBK.ADC-YM-AM30-8800,PWR BANK ADV.8800mAh ALUMUNIUM,YAMENG??,CHINA,DISCONTINUE ????,INFO DARI MR LI 20-12-2025"
"4.PBK.ADC-YM-AM30-8800-B,PWR BANK ADV.8800mAh ALUMUNIUM BLACK,YAMENG??,CHINA,DISCONTINUE ????,INFO DARI MR LI 20-12-2025"
"4.PBK.ADC-YM-AM30-8800-BL,PWR BANK ADV.8800mAh ALUMUNIUM BLUE,YAMENG??,CHINA,DISCONTINUE ????,INFO DARI MR LI 20-12-2025"
"4.PBK.ADC-YM-C1-7000-W,POWER BANK ADV.C1.7000mAh WHITE,YAMENG??,CHINA,DISCONTINUE ????,INFO DARI MR LI 20-12-2025"
"4.PBK.ADC-YM-D21-WHITE,POWER BANK ADV.D21.5200mAh WHITE,YAMENG??,CHINA,DISCONTINUE ????,INFO DARI MR LI 20-12-2025"
"4.PBK.ADC-YM-D31,POWER BANK ADV.D-31.5500mAh WHITE,YAMENG??,CHINA,DISCONTINUE ????,INFO DARI MR LI 20-12-2025"
"4.PBK.ADC-YM-E1-5200,POWER BANK ADV.E1. 5200mAh,YAMENG??,CHINA,DISCONTINUE ????,INFO DARI MR LI 20-12-2025"
"4.PBK.ADC-YM-E1-5200-B,POWER BANK ADV.E1. 5200mAh BLACK,YAMENG??,CHINA,DISCONTINUE ????,INFO DARI MR LI 20-12-2025"
"4.PBK.ADC-YM-J3-7800,POWER BANK ADV.J3-7800mAh,YAMENG??,CHINA,DISCONTINUE ????,INFO DARI MR LI 20-12-2025"
"4.PBK.ADC-YM-J3-7800-BLACK,POWER BANK ADV.J3-7800mAh BLACK,YAMENG??,CHINA,DISCONTINUE ????,INFO DARI MR LI 20-12-2025"
"4.PBK.ADC-YM-P010-5000-B,POWER BANK ADV. P10. 5000mAh BLACK,YAMENG??,CHINA,DISCONTINUE ????,INFO DARI MR LI 20-12-2025"
"4.PBK.ADC-YM-P011-5500-B,POWER BANK ADV. 5500mAh POLYMER BLACK,YAMENG??,CHINA,DISCONTINUE ????,INFO DARI MR LI 20-12-2025"
"4.PBK.ADC-YM-P013-5800-B,POWER BANK ADV. P13. 5800mAh BLACK,YAMENG??,CHINA,DISCONTINUE ????,INFO DARI MR LI 20-12-2025"
"4.PBK.ADC-YM-P022-15000-BL/W,POWER BANK ADV. 15.000mAh POLYMER 022 BLUE-WHITE,YAMENG??,CHINA,DISCONTINUE ????,INFO DARI MR LI 20-12-2025"
"4.PBK.ADC-YM-P023-10000-B,POWER BANK ADV. 10.000mAh P23 BLACK,YAMENG??,CHINA,DISCONTINUE ????,INFO DARI MR LI 20-12-2025"
"4.PBK.ADC-YM-P024-12000-B,POWER BANK ADV. 12000mAh P24 BLACK,YAMENG??,CHINA,DISCONTINUE ????,INFO DARI MR LI 20-12-2025"
"4.PBK.ADC-YM-P040-5200,POWER BANK ADV. 5200mAH,YAMENG??,CHINA,DISCONTINUE ????,INFO DARI MR LI 20-12-2025"
"4.PBK.ADC-YM-P040-5200-BL,POWER BANK ADV. 5200mAH BLACK LAMA,YAMENG??,CHINA,DISCONTINUE ????,INFO DARI MR LI 20-12-2025"
"4.PBK.ADC-YM-P103-10000-B,POWER BANK ADV. 10000mAh POLYMER BLACK,YAMENG??,CHINA,DISCONTINUE ????,INFO DARI MR LI 20-12-2025"
"4.PBK.ADC-YM-P151-15000-B,POWER BANK ADV. 15.000mAh POLYMER BLACK,YAMENG??,CHINA,DISCONTINUE ????,INFO DARI MR LI 20-12-2025"
"4.PBK.ADC-YM-P21-6800,POWER BANK ADV. 6800mAh POLYMER BLACK,YAMENG??,CHINA,DISCONTINUE ????,INFO DARI MR LI 20-12-2025"
"4.PBK.ADC-YM-PA10-6000-BL,POWER BANK ADV.PA10 6.000mAh BLUE,YAMENG??,CHINA,DISCONTINUE ????,INFO DARI MR LI 20-12-2025"
"4.PBK.ADC-YM-PA12-10000-GL,POWER BANK ADV.PA12 10000mAh GOLD,YAMENG??,CHINA,DISCONTINUE ????,INFO DARI MR LI 20-12-2025"
"4.PBK.ADC-YM-PA21-11000-B,POWER BANK ADV. 11.000mAh PA21 BLACK,YAMENG??,CHINA,DISCONTINUE ????,INFO DARI MR LI 20-12-2025"
"4.PBK.ADC-YM-PA22-12000-BL,POWER BANK ADV.PA22 12.000mAh BLUE,YAMENG??,CHINA,DISCONTINUE ????,INFO DARI MR LI 20-12-2025"
"4.PBK.ADC-YM-PA23-14000,POWER BANK ADV.PA23 14.000mAh,YAMENG??,CHINA,DISCONTINUE ????,INFO DARI MR LI 20-12-2025"
"4.PBK.ADC-YM-PA30-12000,POWER BANK ADV. 12.000mAh PA30,YAMENG??,CHINA,DISCONTINUE ????,INFO DARI MR LI 20-12-2025"
"4.PBK.ADC-YM-PBJ2-5200,POWER BANK ADV. J2 5.200mAh,YAMENG??,CHINA,DISCONTINUE ????,INFO DARI MR LI 20-12-2025"
"4.PBK.ADC-YM-PBJ2-5200-B,POWER BANK ADV. J2 5.200mAh BLACK,YAMENG??,CHINA,DISCONTINUE ????,INFO DARI MR LI 20-12-2025"
"4.PBK.ADC-YM-PBJ2-5200-BL,POWER BANK ADV. J2 5.200mAh BLUE,YAMENG??,CHINA,DISCONTINUE ????,0"
"4.PBK.ADC-YM-PBJ3-7800,POWER BANK ADV. J3 7.800mAh WHITE,YAMENG??,CHINA,DISCONTINUE ????,INFO DARI MR LI 20-12-2025"
"4.PBK.ADC-YM-PBJ6-18000-B,POWER BANK ADV.J6.18000mAh BLACK,YAMENG??,CHINA,DISCONTINUE ????,INFO DARI MR LI 20-12-2025"
"4.PBK.ADC-YM-PO05-5000-B,POWER BANK ADV. 5000mAh POLIMER BLACK,YAMENG??,CHINA,DISCONTINUE ????,INFO DARI MR LI 20-12-2025"
"4.PBK.ADC-YM-PO12-6800-B,POWER BANK ADV. 6800mAh POLYMER BLACK,YAMENG??,CHINA,DISCONTINUE ????,INFO DARI MR LI 20-12-2025"
"4.PBK.ADC-YM-S011-3000,POWER BANK ADV. S11 3000mAh,YAMENG??,CHINA,DISCONTINUE ????,INFO DARI MR LI 20-12-2025"
"4.PBK.ADC-YM-S012-3000-B,POWER BANK ADV. S12-3000mAh BLACK 8A,YAMENG??,CHINA,DISCONTINUE ????,INFO DARI MR LI 20-12-2025"
"4.PBK.ADC-YM-S013-3000-B,POWER BANK ADV. S13 3000mAh BLACK,YAMENG??,CHINA,DISCONTINUE ????,INFO DARI MR LI 20-12-2025"
"4.PBK.ADC-YM-S014A-3200,POWER BANK ADV. S14A 3200mAh,YAMENG??,CHINA,DISCONTINUE ????,INFO DARI MR LI 20-12-2025"
"4.PBK.ADC-YM-S015-3200,POWER BANK ADV. S15 3200mAh RED,YAMENG??,CHINA,DISCONTINUE ????,INFO DARI MR LI 20-12-2025"
"4.PBK.ADC-YM-S016-3200,POWER BANK ADV. S16 3200mAh,YAMENG??,CHINA,DISCONTINUE ????,INFO DARI MR LI 20-12-2025"
"4.PBK.ADC-YM-S016-3200-BL,POWER BANK 3200 S16 BLUE,YAMENG??,CHINA,DISCONTINUE ????,INFO DARI MR LI 20-12-2025"
"4.PBK.ADC-YM-S022-6000,POWER BANK ADV. 6000mAh,YAMENG??,CHINA,DISCONTINUE ????,INFO DARI MR LI 20-12-2025"
"4.PBK.ADC-YM-S022-6000-B,POWER BANK ADV. 6000mAh BLACK,YAMENG??,CHINA,DISCONTINUE ????,INFO DARI MR LI 20-12-2025"
"4.PBK.ADC-YM-S023-5800,POWER BANK ADV.S23 5800mAh,YAMENG??,CHINA,DISCONTINUE ????,INFO DARI MR LI 20-12-2025"
"4.PBK.ADC-YM-S023-5800-B,POWER BANK ADV.S23 5800mAh BLACK,YAMENG??,CHINA,DISCONTINUE ????,INFO DARI MR LI 20-12-2025"
"4.PBK.ADC-YM-S023-5800-BL,POWER BANK ADV.S23 5800mAh BLUE,YAMENG??,CHINA,DISCONTINUE ????,INFO DARI MR LI 20-12-2025"
"4.PBK.ADC-YM-S024-5800-B,POWER BANK ADV.S24 5800mAh BLACK,YAMENG??,CHINA,DISCONTINUE ????,INFO DARI MR LI 20-12-2025"
"4.PBK.ADC-YM-S025-5600,POWER BANK ADV.S25 5600mAh,YAMENG??,CHINA,DISCONTINUE ????,INFO DARI MR LI 20-12-2025"
"4.PBK.ADC-YM-S031-8800,POWERBANK ADV.S31 8800mAH,YAMENG??,CHINA,DISCONTINUE ????,INFO DARI MR LI 20-12-2025"
"4.PBK.ADC-YM-S033-8200-B,POWER BANK ADV. 8200mAh BLACK,YAMENG??,CHINA,DISCONTINUE ????,INFO DARI MR LI 20-12-2025"
"4.PBK.ADC-YM-S033A-8200,POWER BANK ADV. 8200mAh S33A,YAMENG??,CHINA,DISCONTINUE ????,INFO DARI MR LI 20-12-2025"
"4.PBK.ADC-YM-S034-8800,POWERBANK ADV.S34 8800mAH,YAMENG??,CHINA,DISCONTINUE ????,INFO DARI MR LI 20-12-2025"
"4.PBK.ADC-YM-S041-10400,POWER BANK ADV. 10400mAh,YAMENG??,CHINA,DISCONTINUE ????,INFO DARI MR LI 20-12-2025"
"4.PBK.ADC-YM-S041-10400-B,POWER BANK ADV. 10400mAh BLACK,YAMENG??,CHINA,DISCONTINUE ????,INFO DARI MR LI 20-12-2025"
"4.PBK.ADC-YM-S042-10000,POWER BANK ADVS42. 10000mAh,YAMENG??,CHINA,DISCONTINUE ????,INFO DARI MR LI 20-12-2025"
"4.PBK.ADC-YM-S043-11000-B,POWER BANK ADV. S43 11000mAh BLACK,YAMENG??,CHINA,DISCONTINUE ????,INFO DARI MR LI 20-12-2025"
"4.PBK.ADC-YM-S051-13000-BL,POWER BANK ADV. 13.000mAh BLUE,YAMENG??,CHINA,DISCONTINUE ????,INFO DARI MR LI 20-12-2025"
"4.PBK.ADC-YM-S061-18000-B,POWER BANK ADV. 18.000mAh BLACK,YAMENG??,CHINA,DISCONTINUE ????,INFO DARI MR LI 20-12-2025"
"4.PBK.ADC-YM-S100-3000-MP3,SPEAKER PB 3000mAh ADV LS100,YAMENG??,CHINA,DISCONTINUE ????,INFO DARI MR LI 20-12-2025"
"4.PBK.ADC-YM-S100-3000-MP3-B,SPEAKER PB 3000mAh ADV LS100 BLACK,YAMENG??,CHINA,DISCONTINUE ????,INFO DARI MR LI 20-12-2025"
"4.PBK.ADC-YM-S13B-3000-B,POWER BANK ADV. S13B 3000mAh BLACK,YAMENG??,CHINA,DISCONTINUE ????,INFO DARI MR LI 20-12-2025"
"4.PBK.ADC-YM-S21-5200,POWER BANK ADV. S21 5200mAH,YAMENG??,CHINA,DISCONTINUE ????,INFO DARI MR LI 20-12-2025"
"4.PBK.ADC-YM-S21N-5200-B,POWER BANK ADV. S21NEW 5200mAH BLACK,YAMENG??,CHINA,DISCONTINUE ????,INFO DARI MR LI 20-12-2025"
"4.PBK.ADC-YM-S31A-8800,POWER BANK ADV. S31A 8800mAH,YAMENG??,CHINA,DISCONTINUE ????,INFO DARI MR LI 20-12-2025"
"4.PBK.ADC-YM-S31A-8800-B,POWER BANK ADV. S31A 8800mAH BLACK,YAMENG??,CHINA,DISCONTINUE ????,INFO DARI MR LI 20-12-2025"
"4.PBK.ADC-YM-S41A-12000-B,POWER BANK ADV. S41A 12000mAH BLACK,YAMENG??,CHINA,DISCONTINUE ????,INFO DARI MR LI 20-12-2025"
"4.PBK.ADC-YM-S52A-15000,POWER BANK ADV. 15.000mAh S52A,YAMENG??,CHINA,DISCONTINUE ????,INFO DARI MR LI 20-12-2025"
"4.PBK.ADC-YM-S52A-15000-BL,POWER BANK ADV. 15.000mAh S52A BLUE,YAMENG??,CHINA,DISCONTINUE ????,INFO DARI MR LI 20-12-2025"
"4.PBK.MSHC-AI-MPB04,POWER BANK MISHOW MPB04 10000mAh WHITE,AISHENG??,CHINA,DISCONTINUE ????,INFO DARI MR LI 20-12-2025"
"4.PBK.MSHC-AI-MPB04-W,POWER BANK MISHOW MPB04 10000mAh WHITE,AISHENG??,CHINA,DISCONTINUE ????,INFO DARI MR LI 20-12-2025"
"4.PBK.RLC-YM-R1-15000-BL,POWER BANK ROLSE R1.15000mAh BLUE,YAMENG??,CHINA,DISCONTINUE ????,INFO DARI MR LI 20-12-2025"
"4.PBK.RLC-YM-R12-20000,POWER BANK ROLES. R12.20000mAh,YAMENG??,CHINA,DISCONTINUE ????,INFO DARI MR LI 20-12-2025"
"4.PBK.RLC-YM-R12-20000-W,POWER BANK ROLES. R12.20000mAh WHITE,YAMENG??,CHINA,DISCONTINUE ????,INFO DARI MR LI 20-12-2025"
"4.PBK.RLC-YM-R20-8000,POWER BANK ROLES. R20.8000mAh,YAMENG??,CHINA,DISCONTINUE ????,INFO DARI MR LI 20-12-2025"
"4.PBK.RLC-YM-R2-3500-B,POWER BANK ROLES. R2-3500mAh BLACK,YAMENG??,CHINA,DISCONTINUE ????,INFO DARI MR LI 20-12-2025"
"4.PBK.RLC-YM-R3-12000,POWER BANK ROLES R3.12000mAh,YAMENG??,CHINA,DISCONTINUE ????,INFO DARI MR LI 20-12-2025"
"4.PBK.RLC-YM-R3-12000-BL,POWER BANK ROLES R3.12000mAh BLUE,YAMENG??,CHINA,DISCONTINUE ????,INFO DARI MR LI 20-12-2025"
"4.PBK.VOTR-V10-3500,POWER BANK VOTRE V10 3500mAh,YAMENG??,CHINA,DISCONTINUE ????,INFO DARI MR LI 20-12-2025"
"4.PJR.ADL-YM-AP01,PROJECTOR ADVANCE AP-01,YAMENG??,LOCAL,DISCONTINUE ????,INFO DARI MR LI 20-12-2025"
"4.PKG.GAME-C-JK-AG-366,POCKET GAME AG-366,Jin ke tài/nán jing,CHINA,DISCONTINUE ????,INFO DARI MR LI 20-12-2025"
"4.PKG.GAME-C-JK-AG-V160A,POCKET GAME AG-V160A,Jin ke tài/nán jing,CHINA,DISCONTINUE ????,INFO DARI MR LI 20-12-2025"
"4.PKG.GAME-C-JK-AG-V98A,POCKET GAME AG-V98A,Jin ke tài/nán jing,CHINA,DISCONTINUE ????,INFO DARI MR LI 20-12-2025"
"4.PNS.ADC-HF-APS-2016,PANCI SET ADVANCE APS-2016,HAIFA,CHINA,DISCONTINUE ????,INFO DARI MR LI 20-12-2025"
"4.PPR.ADL-WJ-PC-08,PANCI PRESTO ADVANCE PC-08 8Lit,WAN JIAFU???,LOCAL,DISCONTINUE ????,INFO DARI MR. LI 08-07-2024"
"4.PPR.ADL-WJ-PC-20,PANCI PRESTO ADVANCE PC-20 20Lit,WAN JIAFU???,LOCAL,DISCONTINUE ????,INFO DARI MR. LI 08-07-2024"
"4.PSU.ADC-ANTN-VT850-950,POWER ANTENA VT850/950,XING XI DI???,CHINA,DISCONTINUE ????,INFO DARI MR. LI 08-07-2024"
"4.PSU.VTC-SUPL-500W,POWER SUPLY 500 WATT,DEEN??,LOCAL,DISCONTINUE ????,INFO DARI MR LI 20-12-2025"
"4.PSU.VTL-SUPL-450W,POWER SUPLY 450 WATT,DEEN??,LOCAL,DISCONTINUE ????,INFO DARI MR LI 20-12-2025"
"4.PSV.ADC-XP-PSV1401,Portable Smart Video ADVANCE PSV-1401,XIPU??,CHINA,DISCONTINUE ????,INFO DARI MR LI 20-12-2025"
"4.PWC.CBC-YM-00YM-05100,ADAPTOR YM 05100,YAMENG??,CHINA,DISCONTINUE ????,INFO DARI SUPPLIER 16-08-2024"
"4.PWC.CUBE-ADC-LITK-AC02,POWER CUBE ADV.DOUBLE OUT USB AC02 WHITE,YAMENG??,CHINA,DISCONTINUE ????,INFO DARI SUPPLIER 16-08-2024"
"4.PWC.CUBE-C-00YM-05100B,ADAPTOR YM 05100 BLACK,YAMENG??,CHINA,DISCONTINUE ????,INFO DARI MR LI 20-12-2025"
"4.PWC.CUBE-C-510A-MBPH,MOBILE PHONE CHARGER AD-510A,YAMENG??,CHINA,DISCONTINUE ????,INFO DARI SUPPLIER 16-08-2024"
"4.PWC.CUBE-C-LI01-KP5,POWER CUBE LISTRIK 01 BLUE (KEPALA 5),YAMENG??,CHINA,DISCONTINUE ????,INFO DARI SUPPLIER 16-08-2024"
"4.PWC.CUBE-C-LITK-AC01,POWER CUBE LISTRIK AC01 WHITE,YAMENG??,CHINA,DISCONTINUE ????,INFO DARI SUPPLIER 16-08-2024"
"4.PWC.CUBE-C-LITK-AC01A,POWER CUBE LISTRIK AC01A WHITE,YAMENG??,CHINA,DISCONTINUE ????,INFO DARI SUPPLIER 16-08-2024"
"4.PWC.CUBE-C-LITK-AC03-B,POWER CUBE LISTRIK AC03 BLACK,0,CHINA,DISCONTINUE ????,INFO DARI MR LI 20-12-2025"
"4.PWC.CUBE-C-LITK-AC03N,POWER CUBE LISTRIK AC03N WHITE,YAMENG??,CHINA,DISCONTINUE ????,INFO DARI SUPPLIER 16-08-2024"
"4.PWC.CUBE-C-LITK-AC04,POWER CUBE LISTRIK AC04,0,CHINA,DISCONTINUE ????,INFO DARI MR LI 20-12-2025"
"4.PWC.CUBE-C-LITK-AC04-B,POWER CUBE LISTRIK AC04 BLACK,YAMENG??,CHINA,DISCONTINUE ????,INFO DARI SUPPLIER 16-08-2024"
"4.PWC.CUBE-C-LITK-AC11-BL,POWER CUBE LISTRIK AC11 BLUE,0,CHINA,DISCONTINUE ????,INFO DARI MR LI 20-12-2025"
"4.PWC.CUBE-C-LITK-AC21 WHITE,POWER CUBE LISTRIK AC21 WHITE,YAMENG??,CHINA,DISCONTINUE ????,INFO DARI SUPPLIER 16-08-2024"
"4.PWC.CUBE-C-LITK-AC22-S,POWER CUBE LISTRIK AC22 SILVER,0,CHINA,DISCONTINUE ????,INFO DARI MR LI 20-12-2025"
"4.PWC.CUBE-C-LITK-FC100,POWER CUBE LISTRIK FC-100,YAMENG??,CHINA,DISCONTINUE ????,INFO DARI SUPPLIER 16-08-2024"
"4.PWC.CUBE-C-LITK-FC200,POWER CUBE LISTRIK FC-200 15W WHITE,0,CHINA,DISCONTINUE ????,INFO DARI MR LI 20-12-2025"
"4.PWC.CUBE-C-MOBL-CM100-W,POWER CUBE (MOBIL) CM-100 15W WHITE,0,CHINA,DISCONTINUE ????,INFO DARI MR LI 20-12-2025"
"4.PWC.CUBE-C-MOBL-CM242A-B,POWER CUBE (MOBIL) CM-242A BLACK,YAMENG??,CHINA,DISCONTINUE ????,INFO DARI SUPPLIER 16-08-2024"
"4.PWC.CUBE-C-MOBL-CY01 WHITE,POWER CUBE (MOBIL) CY01 WHITE,0,CHINA,DISCONTINUE ????,INFO DARI MR LI 20-12-2025"
"4.PWC.CUBE-C-MOBL-CY02,POWER CUBE (MOBIL) CY02 BLACK,YAMENG??,CHINA,DISCONTINUE ????,INFO DARI SUPPLIER 16-08-2024"
"4.PWC.CUBE-C-MOBL-CY03 WHITE,POWER CUBE (MOBIL) CY03 WHITE,YAMENG??,CHINA,DISCONTINUE ????,INFO DARI SUPPLIER 16-08-2024"
"4.PWC.CUBE-C-MOBL-CY04,POWER CUBE (MOBIL) CY04,YAMENG??,CHINA,DISCONTINUE ????,INFO DARI SUPPLIER 16-08-2024"
"4.PWC.CUBE-C-MOBL-CY100,POWER CUBE (MOBIL) CY-100 WHITE,YAMENG??,CHINA,DISCONTINUE ????,INFO DARI SUPPLIER 16-08-2024"
"4.PWC.CUBE-C-MOBL-CY21,POWER CUBE (MOBIL) CY21 WHITE,YAMENG??,CHINA,DISCONTINUE ????,INFO DARI SUPPLIER 16-08-2024"
"4.PWC.CUBE-C-MOBL-KP3,POWER CUBE (MOBIL)WHITE (KEPALA 3),YAMENG??,CHINA,DISCONTINUE ????,INFO DARI SUPPLIER 16-08-2024"
"4.PWC.CUBE-C-MOBL-KP5,POWER CUBE (MOBIL) (KEPALA5),YAMENG??,CHINA,DISCONTINUE ????,INFO DARI SUPPLIER 16-08-2024"
"4.PWC.CUBE-MSC-AI-LITK-MC300-B,POWER CUBE LISTRIK MISHOW MC 300 BLACK,AISHENG??,CHINA,DISCONTINUE ????,INFO DARI SUPPLIER 16-08-2024"
"4.PWC.CUBE-MSC-AI-LITK-MQC30,POWER CUBE LISTRIK MISHOW MQC 30 WHITE,AISHENG??,CHINA,DISCONTINUE ????,INFO DARI SUPPLIER 16-08-2024"
"4.PWC.CUBE-VTC-CV01W-V,ADAPTOR LISTRIK VOTRE CV01WHITE,YAMENG??,CHINA,DISCONTINUE ????,INFO DARI SUPPLIER 16-08-2024"
"4.PWC.MSC-CUBE-LITK-MC200,POWER CUBE LISTRIK MISHOW MC 200 WHITE,YAMENG??,CHINA,DISCONTINUE ????,INFO DARI SUPPLIER 16-08-2024"
"4.RKN.NYAM-LG678,RAKET NYAMUK LEGEND LG-678,BAOTIAN??,LOCAL,DISCONTINUE ????,INFO DARI MR. LI 08-07-2024"
"4.RKN.NYAM-LGL-BA-LG818-BL,RAKET NYAMUK LG818-BLUE,BAOTIAN??,LOCAL,DISCONTINUE ????,INFO DARI MR. LI 08-07-2024"
"4.RKN.NYAM-NTL-BA-109-B,RAKET NYAMUK NTR 109 BLACK,BAOTIAN??,LOCAL,DISCONTINUE ????,INFO DARI MR. LI 08-07-2024"
"4.RKN.NYAM-SCL-BA-DH26-B,RAKET NYAMUK SCORE SC-DH26 BLACK,BAOTIAN??,LOCAL,DISCONTINUE ????,INFO DARI MR LI 20-12-2025"
"4.RKN.NYAM-SCL-BA-DH26-BL,RAKET NYAMUK SCORE SC-DH26 BLUE,BAOTIAN??,LOCAL,DISCONTINUE ????,INFO DARI MR. LI 08-07-2024"
"4.RKN.NYAM-SCL-BA-DH26-G,RAKET NYAMUK SCORE SC-DH26 GREEN,BAOTIAN??,LOCAL,DISCONTINUE ????,INFO DARI MR LI 20-12-2025"
"4.RKN.NYAM-VRL-BA-01,RAKET NYAMUK VOTRE VR-001,BAOTIAN??,LOCAL,DISCONTINUE ????,INFO DARI MR. LI 08-07-2024"
"4.RKN.NYAM-VRL-BA-02,RAKET NYAMUK VOTRE VR-002,BAOTIAN??,LOCAL,DISCONTINUE ????,INFO DARI MR. LI 08-07-2024"
"4.RKN.NYAM-VRL-BA-03,RAKET NYAMUK VOTRE VR-003,BAOTIAN??,LOCAL,DISCONTINUE ????,INFO DARI MR. LI 08-07-2024"
"4.RKN.NYAM-VTL-BA-001,RAKET NYAMUK VOTRE VR-001 PURPLE,BAOTIAN??,LOCAL,DISCONTINUE ????,INFO DARI MR LI 20-12-2025"
"4.SLC.ADC-HJ-SLC100,MANUAL CUP SEALING MACHINE ADVANCE SLC-100,HONG JIAN??,CHINA,CONTINUE ????,0"
"4.SLC.ADC-HJ-SLC100PRO,MANUAL CUP SEALING MACHINE ADVANCE SLC-100 PRO,HONG JIAN??,CHINA,CONTINUE ????,0"
"4.SLC.ADC-HJ-SLC200,MANUAL CUP SEALING MACHINE ADVANCE SLC-200,HONG JIAN??,CHINA,CONTINUE ????,0"
"4.SLC.ADC-HJ-SLC200PRO,MANUAL CUP SEALING MACHINE ADVANCE SLC-200 PRO,HONG JIAN??,CHINA,CONTINUE ????,0"
"4.SLC.ADC-HJ-SLC300,MANUAL CUP SEALING MACHINE ADVANCE SLC-300,HONG JIAN??,CHINA,CONTINUE ????,0"
"4.SLS.VNC-JT-T8017S,SOLAR LIGHTING SYSTEM VANSOLAR T-8017S,JIAHAOTTING???,CHINA,DISCONTINUE ????,INFO DARI MR LI 20-12-2025"
"4.SLS.VNC-JT-T8018S,SOLAR LIGHTING SYSTEM VANSOLAR T-8018S,JIAHAOTTING???,CHINA,DISCONTINUE ????,INFO DARI MR LI 20-12-2025"
"4.SNW.ADC-HJ-SW101,SANDWICH MAKER ADVANCE SW-101,HONG JIAN??,CHINA,CONTINUE ????,0"
"4.SNW.ADC-HJ-SW206,SANDWICH MAKER ADVANCE SW-206,HONG JIAN??,CHINA,DISCONTINUE ????,INFO DARI SUPPLIER 20-08-2024"
"4.SPK.ADC-A007-BL,SPEAKER ADVANCE A7 BLUE,0,CHINA,DISCONTINUE ????,INFO DARI MR LI 20-12-2025"
"4.SPK.ADC-A015-B,SPEAKER ADVANCE A15 BLACK,0,CHINA,DISCONTINUE ????,INFO DARI MR LI 20-12-2025"
"4.SPK.ADC-A019,SPEAKER ADVANCE A19,WEI DE SEN???,CHINA,DISCONTINUE ????,INFO DARI MR. LI 08-07-2024"
"4.SPK.ADC-A024-234,SPEAKER ADVANCE A24 DJISAMSU 234,WEI DE SEN???,CHINA,DISCONTINUE ????,INFO DARI MR. LI 08-07-2024"
"4.SPK.ADC-A026,SPEAKER ADVANCE A26,WEI DE SEN???,CHINA,DISCONTINUE ????,INFO DARI MR. LI 08-07-2024"
"4.SPK.ADC-AB-DUO090,SPEAKER ADVANCE DUO-090,AOBO,CHINA,DISCONTINUE ????,INFO DARI MR LI 20-12-2025"
"4.SPK.ADC-AI-ES050,SPEAKER ADVANCE ES050,AISHENG??,CHINA,DISCONTINUE ????,INFO SUPPLIER 13-08-2024"
"4.SPK.ADC-AI-ES050A,SPEAKER ADVANCE ES050A(mic),AISHENG??,CHINA,DISCONTINUE ????,INFO SUPPLIER 13-08-2024"
"4.SPK.ADC-AI-ES050B,SPEAKER ADVANCE ES050B(mic),AISHENG??,CHINA,DISCONTINUE ????,INFO SUPPLIER 13-08-2024"
"4.SPK.ADC-AI-K200-BL,SPEAKER ADVANCE L200 BLUE,AISHENG??,CHINA,DISCONTINUE ????,INFO DARI MR LI 20-12-2025"
"4.SPK.ADC-AI-K310-B,SPEAKER ADVANCE K310 BLACK,AISHENG??,CHINA,DISCONTINUE ????,INFO SUPPLIER 13-08-2024"
"4.SPK.ADC-AI-L100,SPEAKER ADVANCE L100,AISHENG??,CHINA,DISCONTINUE ????,INFO SUPPLIER 13-08-2024"
"4.SPK.ADC-AI-L200,SPEAKER ADVANCE L200,AISHENG??,CHINA,DISCONTINUE ????,INFO SUPPLIER 13-08-2024"
"4.SPK.ADC-AI-MS52,SPEAKER ADVANCE MS-52,AISHENG??,CHINA,DISCONTINUE ????,INFO DARI SUPPLIER 14-08-2024"
"4.SPK.ADC-AI-MS52 BT,SPEAKER ADVANCE MS-52 BLUETOOTH,AISHENG??,CHINA,DISCONTINUE ????,INFO DARI SUPPLIER 14-08-2024"
"4.SPK.ADC-AK-B100,SPEAKER ADVANCE B100,AOKE,CHINA,DISCONTINUE ????,INFO DARI MR LI 20-12-2025"
"4.SPK.ADC-AK-B200,SPEAKER ADVANCE B200 BLACK GRAY,AOKE,CHINA,DISCONTINUE ????,INFO DARI MR LI 20-12-2025"
"4.SPK.ADC-AK-B300,SPEAKER ADVANCE B300,AOKE,CHINA,DISCONTINUE ????,INFO DARI MR LI 20-12-2025"
"4.SPK.ADC-AK-B300-BB,SPEAKER ADVANCE B300 BLACK+BLACK,AOKE,CHINA,DISCONTINUE ????,INFO DARI MR LI 20-12-2025"
"4.SPK.ADC-AL-K8D-E,SPEAKER ADVANCE K8D-E,AILIANG,CHINA,CONTINUE ????,0"
"4.SPK.ADC-BZ-V005,SPEAKER ADVANCE V5,BIAOZHENG,CHINA,CONTINUE ????,0"
"4.SPK.ADC-BZ-V2,SPEAKER ADVANCE V2,BIAOZHENG,CHINA,CONTINUE ????,0"
"4.SPK.ADC-BZ-V3,SPEAKER ADVANCE V3,BIAOZHENG,CHINA,CONTINUE ????,0"
"4.SPK.ADC-CH-KL12A,SPEAKER ADVANCE VIDEO KARAOKE KL-12-A,CHUANGHUI??,CHINA,DISCONTINUE ????,INFO DARI MR. LI 08-07-2024"
"4.SPK.ADC-CV260,SPEAKER ADVANCE CV260,0,CHINA,DISCONTINUE ????,INFO DARI MR LI 20-12-2025"
"4.SPK.ADC-CY-K100,SPEAKER ADVANCE K100,0,CHINA,DISCONTINUE ????,INFO DARI MR LI 20-12-2025"
"4.SPK.ADC-CY-K100-B,SPEAKER ADVANCE K100 BLACK,CHAOYUE,CHINA,DISCONTINUE ????,INFO DARI MR LI 20-12-2025"
"4.SPK.ADC-CY-K100-R,SPEAKER ADVANCE K100 RED,CHAOYUE,CHINA,DISCONTINUE ????,INFO DARI MR LI 20-12-2025"
"4.SPK.ADC-CY-K1012A,SPEAKER ADVANCE K1012A,CHAOYUE,CHINA,DISCONTINUE ????,INFO DARI MR LI 20-12-2025"
"4.SPK.ADC-CY-K1012B,SPEAKER ADVANCE K1012B,CHAOYUE,CHINA,DISCONTINUE ????,INFO DARI MR LI 20-12-2025"
"4.SPK.ADC-D005-W,SPEAKER ADVANCE D5 WHITE,0,CHINA,DISCONTINUE ????,INFO DARI MR LI 20-12-2025"
"4.SPK.ADC-D006-A,SPEAKER ADVANCE D6 AFA ARGENTINA,0,CHINA,DISCONTINUE ????,INFO DARI MR LI 20-12-2025"
"4.SPK.ADC-D007,SPEAKER ADVANCE D7,0,CHINA,DISCONTINUE ????,INFO DARI MR LI 20-12-2025"
"4.SPK.ADC-D008,SPEAKER ADVANCE D8,0,CHINA,DISCONTINUE ????,INFO DARI MR LI 20-12-2025"
"4.SPK.ADC-D01-E,SPEAKER ADVANCE D01,0,CHINA,DISCONTINUE ????,INFO DARI MR LI 20-12-2025"
"4.SPK.ADC-D055,SPEAKER ADVANCE DUO-055,YAXUAN??,CHINA,DISCONTINUE ????,INFO DARI SUPPLIER 14-08-2024"
"4.SPK.ADC-D100,SPEAKER ADVANCE DUO100,0,CHINA,DISCONTINUE ????,INFO DARI MR LI 20-12-2025"
"4.SPK.ADC-DU033,SPEAKER ADVANCE DUO-033,WEI DE SEN???,CHINA,DISCONTINUE ????,INFO DARI MR. LI 08-07-2024"
"4.SPK.ADC-DU05,SPEAKER ADVANCE DUO-05,YAXUAN??,CHINA,DISCONTINUE ????,INFO DARI SUPPLIER 14-08-2024"
"4.SPK.ADC-DU15-GREEN,SPEAKER ADVANCE DUO-15 GREEN,YAXUAN??,CHINA,DISCONTINUE ????,INFO DARI SUPPLIER 14-08-2024"
"4.SPK.ADC-DU30-GREEN,SPEAKER ADVANCE DUO-30 GREEN,YAXUAN??,CHINA,DISCONTINUE ????,INFO DARI SUPPLIER 14-08-2024"
"4.SPK.ADC-DU30-RED,SPEAKER ADVANCE DUO-30 RED,YAXUAN??,CHINA,DISCONTINUE ????,INFO DARI SUPPLIER 14-08-2024"
"4.SPK.ADC-DU60,SPEAKER ADVANCE DUO-060,YAXUAN??,CHINA,DISCONTINUE ????,INFO DARI SUPPLIER 14-08-2024"
"4.SPK.ADC-DUO500,SPEAKER ADVANCE DUO500 PURPLE,0,CHINA,DISCONTINUE ????,INFO DARI MR LI 20-12-2025"
"4.SPK.ADC-DUO66,SPEAKER ADVANCE DUO-066,YAXUAN??,CHINA,DISCONTINUE ????,INFO DARI SUPPLIER 14-08-2024"
"4.SPK.ADC-ELFN-BLUE,SPEAKER ADVANCE ELFIN BLUE,YAXUAN??,CHINA,DISCONTINUE ????,INFO DARI SUPPLIER 14-08-2024"
"4.SPK.ADC-ES030D,SPEAKER ADVANCE ES030D,WEI DE SEN???,CHINA,DISCONTINUE ????,INFO DARI MR. LI 08-07-2024"
"4.SPK.ADC-ES030J-N,SPEAKER ADVANCE ES030J NEW,WEI DE SEN???,CHINA,DISCONTINUE ????,INFO DARI MR. LI 08-07-2024"
"4.SPK.ADC-ES030-META,SPEAKER ADVANCE ES030 METAL,WEI DE SEN???,CHINA,DISCONTINUE ????,INFO DARI MR. LI 08-07-2024"
"4.SPK.ADC-ES040A-GRAY,SPEAKER ADVANCE ES040A GRAY,WEI DE SEN???,CHINA,DISCONTINUE ????,INFO DARI MR. LI 08-07-2024"
"4.SPK.ADC-ES040A-WHITE,SPEAKER ADVANCE ES040A WHITE,WEI DE SEN???,CHINA,DISCONTINUE ????,INFO DARI MR. LI 08-07-2024"
"4.SPK.ADC-ES040B,SPEAKER ADVANCE ES040B GOLD,WEI DE SEN???,CHINA,DISCONTINUE ????,INFO DARI MR. LI 08-07-2024"
"4.SPK.ADC-ES040J,SPEAKER ADVANCE ES040J,WEI DE SEN???,CHINA,DISCONTINUE ????,INFO DARI MR. LI 08-07-2024"
"4.SPK.ADC-F005-W,SPEAKER ADVANCE F005-W,0,CHINA,DISCONTINUE ????,INFO DARI MR LI 20-12-2025"
"4.SPK.ADC-FX6,SPEAKER ADVANCE F-X6,0,CHINA,DISCONTINUE ????,INFO DARI MR LI 20-12-2025"
"4.SPK.ADC-GD-K10D-B,SPEAKER ADVANCE K10D-B,GEARDON,CHINA,DISCONTINUE ????,INFO DARI MR HANKE 20-06-2026"
"4.SPK.ADC-H401,SPEAKER ADVANCE H401,YAXUAN??,CHINA,DISCONTINUE ????,INFO DARI SUPPLIER 14-10-2023"
"4.SPK.ADC-HB-V6,SPEAKER ADVANCE V6 2MIC,HUABISHENG,CHINA,CONTINUE ????,0"
"4.SPK.ADC-JT-AS210,SPEAKER ADVANCE SOUND CARD AS-210,JIAHAOTTING???,CHINA,DISCONTINUE ????,INFO DARI MR LI 20-12-2025"
"4.SPK.ADC-JT-AS220,SPEAKER ADVANCE SOUND CARD AS-220,JIAHAOTTING???,CHINA,DISCONTINUE ????,INFO DARI SUPPLIER 04-12-2025"
"4.SPK.ADC-JT-RBS805,SPEAKER ADVANCE RBS-805,JIAHAOTTING???,CHINA,DISCONTINUE ????,INFO DARI SUPPLIER 04-09-2025"
"4.SPK.ADC-JT-RBS805B,SPEAKER ADVANCE RBS-805B,JIAHAOTTING???,CHINA,DISCONTINUE ????,INFO DARI SUPPLIER 04-09-2025"
"4.SPK.ADC-JT-RBS809,SPEAKER ADVANCE RBS-809,JIAHAOTTING???,CHINA,CONTINUE ????,0"
"4.SPK.ADC-JT-RBS810,SPEAKER ADVANCE RBS-810,JIAHAOTTING???,CHINA,DISCONTINUE ????,INFO DARI SUPPLIER 06-05-2025"
"4.SPK.ADC-JT-RBS810-B,SPEAKER ADVANCE RBS-810 BLACK,JIAHAOTTING???,CHINA,DISCONTINUE ????,INFO DARI SUPPLIER 06-05-2025"
"4.SPK.ADC-JT-RBS816,SPEAKER ADVANCE RBS-816 WOODEN,JIAHAOTTING???,CHINA,DISCONTINUE ????,INFO DARI SUPPLIER 06-05-2025"
"4.SPK.ADC-JT-RBS820,SPEAKER ADVANCE RBS-820,JIAHAOTTING???,CHINA,DISCONTINUE ????,INFO DARI SUPPLIER 16-10-2023"
"4.SPK.ADC-JT-RBS826,SPEAKER ADVANCE RBS-826,JIAHAOTTING???,CHINA,DISCONTINUE ????,INFO DARI SUPPLIER 06-05-2025"
"4.SPK.ADC-JT-RBS826-BGR,SPEAKER ADVANCE RBS-826 BLACK GRAY,JIAHAOTTING???,CHINA,DISCONTINUE ????,INFO DARI SUPPLIER 06-05-2025"
"4.SPK.ADC-JT-RBS836,SPEAKER ADVANCE RBS-836,JIAHAOTTING???,CHINA,DISCONTINUE ????,INFO DARI SUPPLIER 06-05-2025"
"4.SPK.ADC-JT-RBS856,SPEAKER ADVANCE RBS-856 ANTIQUE BRASS,JIAHAOTTING???,CHINA,DISCONTINUE ????,INFO DARI SUPPLIER 06-05-2025"
"4.SPK.ADC-JT-RBS857,SPEAKER ADVANCE RBS-857,JIAHAOTTING???,CHINA,CONTINUE ????,0"
"4.SPK.ADC-JT-RBS868,SPEAKER ADVANCE RBS-868,JIAHAOTTING???,CHINA,DISCONTINUE ????,INFO DARI SUPPLIER 06-05-2025"
"4.SPK.ADC-JT-RBS880,SPEAKER ADVANCE RBS-880,JIAHAOTTING???,CHINA,DISCONTINUE ????,INFO DARI SUPPLIER 17-12-2024"
"4.SPK.ADC-JT-RBSF10,SPEAKER ADVANCE RBS-F10,JIAHAOTTING???,CHINA,DISCONTINUE ????,INFO DARI SUPPLIER 06-05-2025"
"4.SPK.ADC-JT-RBSF18,SPEAKER ADVANCE RBS-F18,JIAHAOTTING???,CHINA,DISCONTINUE ????,INFO DARI SUPPLIER 06-05-2025"
"4.SPK.ADC-JT-S10,SPEAKER ADVANCE S-10,JIAHAOTTING???,CHINA,DISCONTINUE ????,INFO DARI SUPPLIER 16-10-2023"
"4.SPK.ADC-JT-S10-B,SPEAKER ADVANCE S-10 BLACK,JIAHAOTTING???,CHINA,DISCONTINUE ????,INFO DARI SUPPLIER 16-10-2023"
"4.SPK.ADC-JT-S20,SPEAKER ADVANCE S-20,JIAHAOTTING???,CHINA,DISCONTINUE ????,INFO DARI SUPPLIER 16-10-2023"
"4.SPK.ADC-JT-S55,SPEAKER ADVANCE S-55,JIAHAOTTING???,CHINA,CONTINUE ????,0"
"4.SPK.ADC-JT-S56,SPEAKER ADVANCE S-56,JIAHAOTTING???,CHINA,CONTINUE ????,0"
"4.SPK.ADC-JT-S66,SPEAKER ADVANCE S-66,JIAHAOTTING???,CHINA,CONTINUE ????,0"
"4.SPK.ADC-JT-S70,SPEAKER ADVANCE S-70,JIAHAOTTING???,CHINA,CONTINUE ????,0"
"4.SPK.ADC-JT-S80,SPEAKER PORTABLE ADVANCE S-80,JIAHAOTTING???,CHINA,CONTINUE ????,0"
"4.SPK.ADC-JT-T411,SPEAKER ADVANCE T-411,JIAHAOTTING???,CHINA,DISCONTINUE ????,INFO DARI SUPPLIER 22-10-2024"
"4.SPK.ADC-JT-T522,SPEAKER ADVANCE T-522,JIAHAOTTING???,CHINA,DISCONTINUE ????,INFO DARI SUPPLIER 20-08-2025"
"4.SPK.ADC-JT-T527,SPEAKER ADVANCE T-527,JIAHAOTTING???,CHINA,DISCONTINUE ????,INFO DARI SUPPLIER 16-10-2023"
"4.SPK.ADC-JT-T530,SPEAKER ADVANCE T-530,JIAHAOTTING???,CHINA,DISCONTINUE ????,INFO DARI SUPPLIER 16-10-2023"
"4.SPK.ADC-JT-T550,SPEAKER ADVANCE T-550,JIAHAOTTING???,CHINA,DISCONTINUE ????,INFO DARI SUPPLIER 16-10-2023"
"4.SPK.ADC-JT-T551,SPEAKER ADVANCE T-551,JIAHAOTTING???,CHINA,DISCONTINUE ????,INFO DARI SUPPLIER 16-10-2023"
"4.SPK.ADC-JT-T552,SPEAKER ADVANCE T-552,JIAHAOTTING???,CHINA,DISCONTINUE ????,INFO DARI SUPPLIER 16-10-2023"
"4.SPK.ADC-JT-V1,SPEAKER ADVANCE V1,JIAHAOTTING???,CHINA,CONTINUE ????,0"
"4.SPK.ADC-JT-V10,SPEAKER ADVANCE V10,JIAHAOTTING???,CHINA,DISCONTINUE ????,INFO DARI SUPPLIER 04-12-2025"
"4.SPK.ADC-JT-V11,SPEAKER ADVANCE V11,JIAHAOTTING???,CHINA,DISCONTINUE ????,INFO MR TAN 05-09-2026"
"4.SPK.ADC-JT-V4,SPEAKER ADVANCE V4,JIAHAOTTING???,CHINA,CONTINUE ????,0"
"4.SPK.ADC-JT-V6,SPEAKER ADVANCE V6,JIAHAOTTING???,CHINA,DISCONTINUE ????,INFO DARI SUPPLIER 19-09-2025"
"4.SPK.ADC-JT-V6-V2,SPEAKER ADVANCE V6 2MIC,JIAHAOTTING???,CHINA,DISCONTINUE ????,INFO DARI SUPPLIER 19-09-2025"
"4.SPK.ADC-JT-V8,SPEAKER ADVANCE V8,JIAHAOTTING???,CHINA,DISCONTINUE ????,INFO DARI SUPPLIER 11-11-2025"
"4.SPK.ADC-K108,SPEAKER ADVANCE K-108,0,CHINA,DISCONTINUE ????,INFO DARI MR LI 20-12-2025"
"4.SPK.ADC-K400-W,SPEAKER ADVANCE K-400 WHITE,0,CHINA,DISCONTINUE ????,INFO DARI MR LI 20-12-2025"
"4.SPK.ADC-KN-K12D-B,SPEAKER ADVANCE K12D-B,KANIAN??,CHINA,CONTINUE ????,0"
"4.SPK.ADC-KN-K1506,SPEAKER ADVANCE K1506,KANIAN??,CHINA,CONTINUE ????,0"
"4.SPK.ADC-KN-K1512H,SPEAKER ADVANCE K1512-H,KANIAN??,CHINA,CONTINUE ????,0"
"4.SPK.ADC-KN-K1512H-V2,SPEAKER ADVANCE K1512-H,KANIAN??,CHINA,CONTINUE ????,0"
"4.SPK.ADC-KN-K1512J,SPEAKER ADVANCE K1512-J,KANIAN??,CHINA,CONTINUE ????,0"
"4.SPK.ADC-KN-K1512J-V2,SPEAKER ADVANCE K1512-J,KANIAN??,CHINA,CONTINUE ????,0"
"4.SPK.ADC-KN-K1512K,SPEAKER ADVANCE K1512-K,KANIAN??,CHINA,CONTINUE ????,0"
"4.SPK.ADC-KN-K1512K-V2,SPEAKER ADVANCE K1512-K,KANIAN??,CHINA,CONTINUE ????,0"
"4.SPK.ADC-KN-K1512N,SPEAKER ADVANCE K1512-N,KANIAN??,CHINA,CONTINUE ????,0"
"4.SPK.ADC-KN-K1812C,SPEAKER ADVANCE K1812-C,KANIAN??,CHINA,CONTINUE ????,0"
"4.SPK.ADC-KN-K1812C-ON,SPEAKER ADVANCE K1812-C (ON),KANIAN??,CHINA,CONTINUE ????,0"
"4.SPK.ADC-KN-KK1038,SPEAKER ADVANCE KK-1038,KANIAN??,CHINA,CONTINUE ????,0"
"4.SPK.ADC-KN-KK1800,SPEAKER ADVANCE KK-1800,KANIAN??,CHINA,CONTINUE ????,0"
"4.SPK.ADC-KN-KK1900,SPEAKER ADVANCE KK-1900,KANIAN??,CHINA,CONTINUE ????,0"
"4.SPK.ADC-KO-KK1800,SPEAKER ADVANCE KK-1800,KODA,CHINA,DISCONTINUE ????,INFO DARI MR TAN 22-07-2026"
"4.SPK.ADC-KY-K10D-A,SPEAKER ADVANCE K10D-A,KEYUANLONG,CHINA,CONTINUE ????,0"
"4.SPK.ADC-KY-K12D-A,SPEAKER ADVANCE K12D-A,KEYUANLONG,CHINA,CONTINUE ????,0"
"4.SPK.ADC-KY-KK1028,SPEAKER ADVANCE KK-1028,KEYUANLONG,CHINA,CONTINUE ????,0"
"4.SPK.ADC-KY-KK1028-ON,SPEAKER ADVANCE KK-1028 (ON),KEYUANLONG,CHINA,CONTINUE ????,0"
"4.SPK.ADC-LE-AS120,SPEAKER ADVANCE AS-120,LETU??,CHINA,DISCONTINUE ????,INFO DARI MR HANKE 20-06-2026"
"4.SPK.ADC-LE-V12,SPEAKER ADVANCE V12,LETU??,CHINA,CONTINUE ????,0"
"4.SPK.ADC-LE-V17,SPEAKER ADVANCE V17,LETU??,CHINA,CONTINUE ????,0"
"4.SPK.ADC-LE-V18,SPEAKER ADVANCE V18,LETU??,CHINA,CONTINUE ????,0"
"4.SPK.ADC-LJ-CLS110,SPEAKER ADVANCE CLS-110,LANGJING,CHINA,CONTINUE ????,0"
"4.SPK.ADC-LT-K1012A,SPEAKER ADVANCE K1012A,LANGTING??,CHINA,DISCONTINUE ????,INFO DARI SUPPLIER 29-09-2025"
"4.SPK.ADC-LT-K10D,SPEAKER ADVANCE K10D,LANGTING??,CHINA,DISCONTINUE ????,INFO DARI MR LI 20-12-2025"
"4.SPK.ADC-LT-K10D-E,SPEAKER ADVANCE K10D-E,LANGTING??,CHINA,CONTINUE ????,0"
"4.SPK.ADC-LT-K10D-V2,SPEAKER ADVANCE K10D,LANGTING??,CHINA,DISCONTINUE ????,INFO DARI MR LI 20-12-2025"
"4.SPK.ADC-LT-K1202,SPEAKER ADVANCE K1202,LANGTING??,CHINA,DISCONTINUE ????,INFO DARI MR LI 20-12-2025"
"4.SPK.ADC-LT-K1203,SPEAKER ADVANCE K1203,LANGTING??,CHINA,DISCONTINUE ????,INFO DARI SUPPLIER 29-04-2026"
"4.SPK.ADC-LT-K1204,SPEAKER ADVANCE K1204,LANGTING??,CHINA,DISCONTINUE ????,INFO DARI MR LI 20-12-2025"
"4.SPK.ADC-LT-K1212,SPEAKER ADVANCE K1212,LANGTING??,CHINA,CONTINUE ????,0"
"4.SPK.ADC-LT-K1212(S),SPEAKER ADVANCE K1212(S),LANGTING??,CHINA,DISCONTINUE ????,INFO Ms. Huang 18-12-2025"
"4.SPK.ADC-LT-K1212-A,SPEAKER ADVANCE K1212-A,LANGTING??,CHINA,DISCONTINUE ????,INFO DARI MR HANKE 20-06-2026"
"4.SPK.ADC-LT-K1212E,SPEAKER ADVANCE K1212-E,LANGTING??,CHINA,CONTINUE ????,0"
"4.SPK.ADC-LT-K1212-G,SPEAKER ADVANCE K1212-G,LANGTING??,CHINA,DISCONTINUE ????,INFO DARI SUPPLIER 29-04-2026"
"4.SPK.ADC-LT-K12D,SPEAKER ADVANCE K12D,LANGTING??,CHINA,DISCONTINUE ????,INFO DARI MR LI 20-12-2025"
"4.SPK.ADC-LT-K12D-A,SPEAKER ADVANCE K12D-A,LANGTING??,CHINA,DISCONTINUE ????,INFO DARI MR LI 20-12-2025"
"4.SPK.ADC-LT-K1502,SPEAKER ADVANCE K1502,LANGTING??,CHINA,DISCONTINUE ????,INFO DARI MR LI 20-12-2025"
"4.SPK.ADC-LT-K1502-2MIC,SPEAKER ADVANCE K1502 (2 MIC),LANGTING??,CHINA,CONTINUE ????,0"
"4.SPK.ADC-LT-K1503,SPEAKER ADVANCE K1503,LANGTING??,CHINA,CONTINUE ????,0"
"4.SPK.ADC-LT-K1504,SPEAKER ADVANCE K1504,LANGTING??,CHINA,DISCONTINUE ????,INFO DARI MR LI 20-12-2025"
"4.SPK.ADC-LT-K1504-V2,SPEAKER ADVANCE K1504,LANGTING??,CHINA,DISCONTINUE ????,INFO DARI MR LI 20-12-2025"
"4.SPK.ADC-LT-K1504-V2-2MIC,SPEAKER ADVANCE K1504 (2 MIC),LANGTING??,CHINA,DISCONTINUE ????,INFO DARI MR HANKE 20-06-2026"
"4.SPK.ADC-LT-K1505,SPEAKER ADVANCE K1505,LANGTING??,CHINA,CONTINUE ????,0"
"4.SPK.ADC-LT-K1512,SPEAKER ADVANCE K1512,LANGTING??,CHINA,CONTINUE ????,0"
"4.SPK.ADC-LT-K1512-A,SPEAKER ADVANCE K1512-A,LANGTING??,CHINA,CONTINUE ????,0"
"4.SPK.ADC-LT-K1512E,SPEAKER ADVANCE K1512-E,LANGTING??,CHINA,DISCONTINUE ????,INFO DARI MR HANKE 20-06-2026"
"4.SPK.ADC-LT-K1512-G,SPEAKER ADVANCE K1512-G,LANGTING??,CHINA,DISCONTINUE ????,INFO DARI SUPPLIER 29-04-2026"
"4.SPK.ADC-LT-K15D-E,SPEAKER ADVANCE K15D-E,LANGTING??,CHINA,CONTINUE ????,0"
"4.SPK.ADC-LT-K1812 2mic,SPEAKER ADVANCE K1812 2mic,LANGTING??,CHINA,CONTINUE ????,0"
"4.SPK.ADC-LT-K1812D,SPEAKER ADVANCE K1812D,LANGTING??,CHINA,CONTINUE ????,0"
"4.SPK.ADC-LT-K1812E,SPEAKER ADVANCE K1812-E,LANGTING??,CHINA,CONTINUE ????,0"
"4.SPK.ADC-LT-K883,SPEAKER ADVANCE K883,LANGTING??,CHINA,DISCONTINUE ????,INFO DARI MR HANKE 20-06-2026"
"4.SPK.ADC-LT-K8D-B,SPEAKER ADVANCE K8D-B,LANGTING??,CHINA,CONTINUE ????,0"
"4.SPK.ADC-LT-KK1000,SPEAKER ADVANCE KK-1000,LANGTING??,CHINA,DISCONTINUE ????,INFO DARI MR LI 20-12-2025"
"4.SPK.ADC-LT-KK1000-V2,SPEAKER ADVANCE KK-1000,LANGTING??,CHINA,DISCONTINUE ????,INFO DARI MR LI 20-12-2025"
"4.SPK.ADC-LT-KK1018,SPEAKER ADVANCE KK-1018,LANGTING??,CHINA,DISCONTINUE ????,INFO DARI MR HANKE 20-06-2026"
"4.SPK.ADC-LT-KK1400,SPEAKER ADVANCE KK-1400,LANGTING??,CHINA,DISCONTINUE ????,INFO DARI MR LI 20-12-2025"
"4.SPK.ADC-LT-KK1500,SPEAKER ADVANCE KK-1500,LANGTING??,CHINA,DISCONTINUE ????,INFO DARI MR LI 20-12-2025"
"4.SPK.ADC-LT-KK1700,SPEAKER ADVANCE KK-1700,LANGTING??,CHINA,DISCONTINUE ????,INFO DARI MR LI 20-12-2025"
"4.SPK.ADC-LT-KK1730,SPEAKER ADVANCE KK-1730,LANGTING??,CHINA,DISCONTINUE ????,INFO DARI MR LI 20-12-2025"
"4.SPK.ADC-LT-KK1770,SPEAKER ADVANCE KK-1770,LANGTING??,CHINA,DISCONTINUE ????,INFO DARI MR LI 20-12-2025"
"4.SPK.ADC-LT-KK1790,SPEAKER ADVANCE KK-1790,LANGTING??,CHINA,DISCONTINUE ????,INFO DARI MR HANKE 20-06-2026"
"4.SPK.ADC-LX-VS30BT,SPEAKER ADVANCE VS-30BT,LIAN XIN ??,CHINA,DISCONTINUE ????,INFO DARI MR LI 20-12-2025"
"4.SPK.ADC-M988-FM,SPEAKER ADVANCE M988-FM,0,CHINA,DISCONTINUE ????,INFO DARI MR LI 20-12-2025"
"4.SPK.ADC-PL-PROS126,SPEAKER ADVANCE PRO-S126,POLINATA,CHINA,DISCONTINUE ????,INFO DARI MR HANKE 20-06-2026"
"4.SPK.ADC-S500-USB-N,SPEAKER ADVANCE S500 USB-N,0,CHINA,DISCONTINUE ????,INFO DARI MR LI 20-12-2025"
"4.SPK.ADC-S600-N,SPEAKER ADVANCE S600 NEW,0,CHINA,DISCONTINUE ????,INFO DARI MR LI 20-12-2025"
"4.SPK.ADC-S700-N,SPEAKER ADVANCE S700-N,0,CHINA,DISCONTINUE ????,INFO DARI MR LI 20-12-2025"
"4.SPK.ADC-S820,SPEAKER ADVANCE S820,0,CHINA,DISCONTINUE ????,INFO DARI MR LI 20-12-2025"
"4.SPK.ADC-SN-KK1600,SPEAKER ADVANCE KK-1600,SENNAN??,CHINA,DISCONTINUE ????,INFO DARI MR. LI 08-07-2024"
"4.SPK.ADC-SPD1,SPEAKER ADVANCE SPEED-01,0,CHINA,DISCONTINUE ????,INFO DARI MR LI 20-12-2025"
"4.SPK.ADC-SPD1-B,SPEAKER ADVANCE SPEED-01 BLACK,0,CHINA,DISCONTINUE ????,INFO DARI MR LI 20-12-2025"
"4.SPK.ADC-ST100B,SPEAKER ADVANCE ST100 BLACK,0,CHINA,DISCONTINUE ????,INFO DARI MR LI 20-12-2025"
"4.SPK.ADC-ST200-B,SPEAKER ADVANCE ST200 BLACK,0,CHINA,DISCONTINUE ????,INFO DARI MR LI 20-12-2025"
"4.SPK.ADC-ST-KK1780,SPEAKER ADVANCE KK-1780,SHENGTIANLONG???,CHINA,DISCONTINUE ????,INFO DARI MR HANKE 20-06-2026"
"4.SPK.ADC-ST-KK1780-D,SPEAKER ADVANCE KK-1780 (INNER KRAFT),SHENGTIANLONG???,CHINA,DISCONTINUE ????,INFO DARI MR HANKE 20-06-2026"
"4.SPK.ADC-SZ-PRO-S91,SPEAKER ADVANCE PRO-S91,SHENGZHOU,CHINA,CONTINUE ????,0"
"4.SPK.ADC-TP500-B,SPEAKER ADVANCE TP-500 BLACK,0,CHINA,DISCONTINUE ????,INFO DARI MR LI 20-12-2025"
"4.SPK.ADC-TP-K-H1271N,SPEAKER ADVANCE K-H1271N,TIAN PU??,CHINA,DISCONTINUE ????,INFO DARI MR. LI 08-07-2024"
"4.SPK.ADC-WE-SR11,SPEAKER ADVANCE SR11,WAN SHENG??,CHINA,DISCONTINUE ????,INFO DARI MR HANKE 20-06-2026"
"4.SPK.ADC-WH-V13,SPEAKER ADVANCE V13,WANSHENG,CHINA,DISCONTINUE ????,INFO MR TAN 05-09-2026"
"4.SPK.ADC-WH-V16,SPEAKER ADVANCE V16,WANSHENG,CHINA,CONTINUE ????,0"
"4.SPK.ADC-WS-033,SPEAKER ADVANCE DUO-033 PURPLE,WEI DE SEN???,CHINA,DISCONTINUE ????,INFO DARI MR. LI 08-07-2024"
"4.SPK.ADC-WS-055,SPEAKER ADVANCE DUO-055 PURPLE,WEI DE SEN???,CHINA,DISCONTINUE ????,INFO DARI SUPPLIER 14-08-2024"
"4.SPK.ADC-WS-200BT,SPEAKER ADVANCE DUO-200BT PURPLE,WEI DE SEN???,CHINA,DISCONTINUE ????,INFO DARI MR. LI 08-07-2024"
"4.SPK.ADC-WS-A001-B,SPEAKER ADVANCE A1 BLACK,WEI DE SEN???,CHINA,DISCONTINUE ????,INFO DARI MR. LI 08-07-2024"
"4.SPK.ADC-WS-A002-B,SPEAKER ADVANCE A2 BLACK,WEI DE SEN???,CHINA,DISCONTINUE ????,INFO DARI MR. LI 08-07-2024"
"4.SPK.ADC-WS-A003-B,SPEAKER ADVANCE A3 BLACK,WEI DE SEN???,CHINA,DISCONTINUE ????,INFO DARI MR. LI 08-07-2024"
"4.SPK.ADC-WS-A004-B,SPEAKER ADVANCE A4 BLACK,WEI DE SEN???,CHINA,DISCONTINUE ????,INFO DARI MR LI 20-12-2025"
"4.SPK.ADC-WS-A006-B,SPEAKER ADVANCE A6 BLACK,WEI DE SEN???,CHINA,DISCONTINUE ????,INFO DARI MR LI 20-12-2025"
"4.SPK.ADC-WS-A008-O,SPEAKER ADVANCE A8-ORANGE,WEI DE SEN???,CHINA,DISCONTINUE ????,INFO DARI MR LI 20-12-2025"
"4.SPK.ADC-WS-A009-G,SPEAKER ADVANCE A9 GREEN,WEI DE SEN???,CHINA,DISCONTINUE ????,INFO DARI MR LI 20-12-2025"
"4.SPK.ADC-WS-A010-B,SPEAKER ADVANCE A10 BLACK,WEI DE SEN???,CHINA,DISCONTINUE ????,INFO DARI MR LI 20-12-2025"
"4.SPK.ADC-WS-A011-B,SPEAKER ADVANCE A11 BLACK,WEI DE SEN???,CHINA,DISCONTINUE ????,INFO DARI MR. LI 08-07-2024"
"4.SPK.ADC-WS-A012,SPEAKER ADVANCE A12,WEI DE SEN???,CHINA,DISCONTINUE ????,INFO DARI MR. LI 08-07-2024"
"4.SPK.ADC-WS-A012-7UP,SPEAKER ADVANCE A12 7UP,WEI DE SEN???,CHINA,DISCONTINUE ????,INFO DARI MR. LI 08-07-2024"
"4.SPK.ADC-WS-A013-B,SPEAKER ADVANCE A13 BLACK,WEI DE SEN???,CHINA,DISCONTINUE ????,INFO DARI MR LI 20-12-2025"
"4.SPK.ADC-WS-A014-G,SPEAKER ADVANCE A14 GREEN,WEI DE SEN???,CHINA,DISCONTINUE ????,INFO DARI MR LI 20-12-2025"
"4.SPK.ADC-WS-A016,SPEAKER ADVANCE A16,WEI DE SEN???,CHINA,DISCONTINUE ????,INFO DARI MR. LI 08-07-2024"
"4.SPK.ADC-WS-A017-B,SPEAKER ADVANCE A17 BLACK,WEI DE SEN???,CHINA,DISCONTINUE ????,INFO DARI MR. LI 08-07-2024"
"4.SPK.ADC-WS-A018,SPEAKER ADVANCE A18,WEI DE SEN???,CHINA,DISCONTINUE ????,INFO DARI MR. LI 08-07-2024"
"4.SPK.ADC-WS-A019-KFC,SPEAKER ADVANCE A19 KFC,WEI DE SEN???,CHINA,DISCONTINUE ????,INFO DARI MR. LI 08-07-2024"
"4.SPK.ADC-WS-A01N-B,SPEAKER ADVANCE A1 NEW BLACK,WEI DE SEN???,CHINA,DISCONTINUE ????,INFO DARI MR. LI 08-07-2024"
"4.SPK.ADC-WS-A020-B,SPEAKER ADVANCE A20 BLACK,WEI DE SEN???,CHINA,DISCONTINUE ????,INFO DARI MR. LI 08-07-2024"
"4.SPK.ADC-WS-A021,SPEAKER ADVANCE A21,WEI DE SEN???,CHINA,DISCONTINUE ????,INFO DARI MR LI 20-12-2025"
"4.SPK.ADC-WS-A021-GL,SPEAKER ADVANCE A21 GOLD,WEI DE SEN???,CHINA,DISCONTINUE ????,INFO DARI MR LI 20-12-2025"
"4.SPK.ADC-WS-A022,SPEAKER ADVANCE A022,WEI DE SEN???,CHINA,DISCONTINUE ????,INFO DARI MR LI 20-12-2025"
"4.SPK.ADC-WS-A022-BL,SPEAKER ADVANCE A022 BLUE,WEI DE SEN???,CHINA,DISCONTINUE ????,INFO DARI MR LI 20-12-2025"
"4.SPK.ADC-WS-A023,SPEAKER ADVANCE A23,WEI DE SEN???,CHINA,DISCONTINUE ????,INFO DARI MR LI 20-12-2025"
"4.SPK.ADC-WS-A024,SPEAKER ADVANCE A24,WEI DE SEN???,CHINA,DISCONTINUE ????,INFO DARI MR LI 20-12-2025"
"4.SPK.ADC-WS-A025,SPEAKER ADVANCE A25,WEI DE SEN???,CHINA,DISCONTINUE ????,INFO DARI MR LI 20-12-2025"
"4.SPK.ADC-WS-A026-7UP,SPEAKER ADVANCE A26 7UP,WEI DE SEN???,CHINA,DISCONTINUE ????,INFO DARI MR LI 20-12-2025"
"4.SPK.ADC-WS-A027,SPEAKER ADVANCE A27,WEI DE SEN???,CHINA,DISCONTINUE ????,INFO DARI MR LI 20-12-2025"
"4.SPK.ADC-WS-A027-BL,SPEAKER ADVANCE A27 BLUE,WEI DE SEN???,CHINA,DISCONTINUE ????,INFO DARI MR LI 20-12-2025"
"4.SPK.ADC-WS-A02N-B,SPEAKER ADVANCE A2 NEW BLACK,WEI DE SEN???,CHINA,DISCONTINUE ????,INFO DARI MR LI 20-12-2025"
"4.SPK.ADC-WS-A030,SPEAKER ADVANCE A30,WEI DE SEN???,CHINA,DISCONTINUE ????,INFO DARI MR LI 20-12-2025"
"4.SPK.ADC-WS-A030-BL,SPEAKER ADVANCE A30 BLUE,WEI DE SEN???,CHINA,DISCONTINUE ????,INFO DARI MR LI 20-12-2025"
"4.SPK.ADC-WS-A031,SPEAKER ADVANCE A31,WEI DE SEN???,CHINA,DISCONTINUE ????,INFO DARI MR LI 20-12-2025"
"4.SPK.ADC-WS-A032,SPEAKER ADVANCE A32,WEI DE SEN???,CHINA,DISCONTINUE ????,INFO DARI MR LI 20-12-2025"
"4.SPK.ADC-WS-A032-B,SPEAKER ADVANCE A32 BLACK,WEI DE SEN???,CHINA,DISCONTINUE ????,INFO DARI MR LI 20-12-2025"
"4.SPK.ADC-WS-A040,SPEAKER ADVANCE A40 BLUE,WEI DE SEN???,CHINA,DISCONTINUE ????,INFO DARI MR LI 20-12-2025"
"4.SPK.ADC-WS-A041,SPEAKER ADVANCE A041,WEI DE SEN???,CHINA,DISCONTINUE ????,INFO DARI MR LI 20-12-2025"
"4.SPK.ADC-WS-A07B,SPEAKER ADVANCE A7-B,WEI DE SEN???,CHINA,DISCONTINUE ????,INFO DARI MR LI 20-12-2025"
"4.SPK.ADC-WS-A07C-B,SPEAKER ADVANCE A-7C BLACK,WEI DE SEN???,CHINA,DISCONTINUE ????,INFO DARI MR LI 20-12-2025"
"4.SPK.ADC-WS-A31,SPEAKER ADVANCE A31 PURPLE,WEI DE SEN???,CHINA,DISCONTINUE ????,INFO DARI MR LI 20-12-2025"
"4.SPK.ADC-WS-D003-PLA,SPEAKER ADVANCE PIALA D3 PIALA,WEI DE SEN???,CHINA,DISCONTINUE ????,INFO DARI MR LI 20-12-2025"
"4.SPK.ADC-WS-D004-MG,SPEAKER ADVANCE D4 MAHOGANY,WEI DE SEN???,CHINA,DISCONTINUE ????,INFO DARI MR LI 20-12-2025"
"4.SPK.ADC-WS-D02A-MNO,SPEAKER ADVANCE D2A MINION,WEI DE SEN???,CHINA,DISCONTINUE ????,INFO DARI MR LI 20-12-2025"
"4.SPK.ADC-WS-D02B-MNO,SPEAKER ADVANCE D2B MINION,WEI DE SEN???,CHINA,DISCONTINUE ????,INFO DARI MR LI 20-12-2025"
"4.SPK.ADC-WS-D02C-MNO,SPEAKER ADVANCE D2C MINION,WEI DE SEN???,CHINA,DISCONTINUE ????,INFO DARI MR LI 20-12-2025"
"4.SPK.ADC-WS-D700,SPEAKER ADVANCE DUO-700,WEI DE SEN???,CHINA,DISCONTINUE ????,INFO DARI MR LI 20-12-2025"
"4.SPK.ADC-WS-D700-BBL,SPEAKER ADVANCE DUO-700 BLACK BLUE,WEI DE SEN???,CHINA,DISCONTINUE ????,INFO DARI MR LI 20-12-2025"
"4.SPK.ADC-WS-ES010,SPEAKER ADVANCE ES010,WEI DE SEN???,CHINA,DISCONTINUE ????,INFO DARI MR LI 20-12-2025"
"4.SPK.ADC-WS-ES010A,SPEAKER ADVANCE ES010A,WEI DE SEN???,CHINA,DISCONTINUE ????,INFO DARI MR LI 20-12-2025"
"4.SPK.ADC-WS-ES010B,SPEAKER ADVANCE ES010B,WEI DE SEN???,CHINA,DISCONTINUE ????,INFO DARI MR LI 20-12-2025"
"4.SPK.ADC-WS-ES010-MS,SPEAKER ADVANCE ES010,WEI DE SEN???,CHINA,DISCONTINUE ????,INFO DARI MR LI 20-12-2025"
"4.SPK.ADC-WS-ES020,SPEAKER ADVANCE ES020,WEI DE SEN???,CHINA,DISCONTINUE ????,INFO DARI MR LI 20-12-2025"
"4.SPK.ADC-WS-ES020-B,SPEAKER ADVANCE ES020 BLACK,WEI DE SEN???,CHINA,DISCONTINUE ????,INFO DARI MR LI 20-12-2025"
"4.SPK.ADC-WS-ES030,SPEAKER ADVANCE ES030,WEI DE SEN???,CHINA,DISCONTINUE ????,INFO DARI MR LI 20-12-2025"
"4.SPK.ADC-WS-ES030A-B,SPEAKER ADVANCE ES030A BLACK,WEI DE SEN???,CHINA,DISCONTINUE ????,INFO DARI MR LI 20-12-2025"
"4.SPK.ADC-WS-ES030B,SPEAKER ADVANCE ES030B SILVER,WEI DE SEN???,CHINA,DISCONTINUE ????,INFO DARI MR LI 20-12-2025"
"4.SPK.ADC-WS-ES030C,SPEAKER ADVANCE ES030C,WEI DE SEN???,CHINA,DISCONTINUE ????,INFO DARI MR LI 20-12-2025"
"4.SPK.ADC-WS-ES030DMN,SPEAKER ADVANCE ES030D DIAMOND,WEI DE SEN???,CHINA,DISCONTINUE ????,INFO DARI MR LI 20-12-2025"
"4.SPK.ADC-WS-ES030DMN-B,SPEAKER ADVANCE ES030D DIAMOND BLACK,WEI DE SEN???,CHINA,DISCONTINUE ????,INFO DARI MR LI 20-12-2025"
"4.SPK.ADC-WS-ES030E,SPEAKER ADVANCE ES030E,WEI DE SEN???,CHINA,DISCONTINUE ????,INFO DARI MR LI 20-12-2025"
"4.SPK.ADC-WS-ES030F,SPEAKER ADVANCE ES030F,WEI DE SEN???,CHINA,DISCONTINUE ????,INFO DARI MR LI 20-12-2025"
"4.SPK.ADC-WS-ES030G,SPEAKER ADVANCE ES030G,WEI DE SEN???,CHINA,DISCONTINUE ????,INFO DARI MR LI 20-12-2025"
"4.SPK.ADC-WS-ES030G-N,SPEAKER ADVANCE ES030G NEW,WEI DE SEN???,CHINA,DISCONTINUE ????,INFO DARI MR LI 20-12-2025"
"4.SPK.ADC-WS-ES030H-B,SPEAKER ADVANCE ES030H BLACK,WEI DE SEN???,CHINA,DISCONTINUE ????,INFO DARI MR LI 20-12-2025"
"4.SPK.ADC-WS-ES030H-GR,SPEAKER ADVANCE ES030H GREY,WEI DE SEN???,CHINA,DISCONTINUE ????,INFO DARI MR LI 20-12-2025"
"4.SPK.ADC-WS-ES030J,SPEAKER ADVANCE ES030J,WEI DE SEN???,CHINA,DISCONTINUE ????,INFO DARI MR LI 20-12-2025"
"4.SPK.ADC-WS-ES030K,SPEAKER ADVANCE ES030K,WEI DE SEN???,CHINA,DISCONTINUE ????,INFO DARI MR LI 20-12-2025"
"4.SPK.ADC-WS-ES030N,SPEAKER ADVANCE ES030 NEW,WEI DE SEN???,CHINA,DISCONTINUE ????,INFO DARI MR LI 20-12-2025"
"4.SPK.ADC-WS-ES030Q,SPEAKER ADVANCE ES030Q,WEI DE SEN???,CHINA,DISCONTINUE ????,INFO DARI MR LI 20-12-2025"
"4.SPK.ADC-WS-ES030R,SPEAKER ADVANCE ES030R,WEI DE SEN???,CHINA,DISCONTINUE ????,INFO DARI MR LI 20-12-2025"
"4.SPK.ADC-WS-ES030S,SPEAKER ADVANCE ES030S,WEI DE SEN???,CHINA,DISCONTINUE ????,INFO DARI MR LI 20-12-2025"
"4.SPK.ADC-WS-ES030T,SPEAKER ADVANCE ES030T,WEI DE SEN???,CHINA,DISCONTINUE ????,INFO DARI MR LI 20-12-2025"
"4.SPK.ADC-WS-ES030U,SPEAKER ADVANCE ES030U,WEI DE SEN???,CHINA,DISCONTINUE ????,INFO DARI MR LI 20-12-2025"
"4.SPK.ADC-WS-ES040,SPEAKER ADVANCE ES040,WEI DE SEN???,CHINA,DISCONTINUE ????,INFO DARI MR LI 20-12-2025"
"4.SPK.ADC-WS-ES040A-B,SPEAKER ADVANCE ES040A BLACK,WEI DE SEN???,CHINA,DISCONTINUE ????,INFO DARI MR LI 20-12-2025"
"4.SPK.ADC-WS-ES040C,SPEAKER ADVANCE ES040C,WEI DE SEN???,CHINA,DISCONTINUE ????,INFO DARI MR LI 20-12-2025"
"4.SPK.ADC-WS-ES040H,SPEAKER ADVANCE ES040H,WEI DE SEN???,CHINA,DISCONTINUE ????,INFO DARI MR LI 20-12-2025"
"4.SPK.ADC-WS-ES040K,SPEAKER ADVANCE ES040K ORANGE,WEI DE SEN???,CHINA,DISCONTINUE ????,INFO DARI MR LI 20-12-2025"
"4.SPK.ADC-WS-ES040L,SPEAKER ADVANCE ES040L,WEI DE SEN???,CHINA,DISCONTINUE ????,INFO DARI MR LI 20-12-2025"
"4.SPK.ADC-WS-F001-B,SPEAKER ADVANCE F01 BLACK,WEI DE SEN???,CHINA,DISCONTINUE ????,INFO DARI MR LI 20-12-2025"
"4.SPK.ADC-WS-F002,SPEAKER ADVANCE F02,WEI DE SEN???,CHINA,DISCONTINUE ????,INFO DARI MR LI 20-12-2025"
"4.SPK.ADC-WS-F002-B,SPEAKER ADVANCE F02 BLACK,WEI DE SEN???,CHINA,DISCONTINUE ????,INFO DARI MR LI 20-12-2025"
"4.SPK.ADC-WS-F003-B,SPEAKER ADVANCE F03 BLACK,WEI DE SEN???,CHINA,DISCONTINUE ????,INFO DARI MR. LI 08-07-2024"
"4.SPK.ADC-WS-F006-Y,SPEAKER ADVANCE F06 YELLOW,WEI DE SEN???,CHINA,DISCONTINUE ????,INFO DARI MR LI 20-12-2025"
"4.SPK.ADC-WS-F008-B,SPEAKER ADVANCE FA8 BLACK,WEI DE SEN???,CHINA,DISCONTINUE ????,INFO DARI MR LI 20-12-2025"
"4.SPK.ADC-WS-F022-B,SPEAKER ADVANCE F22 BLACK,WEI DE SEN???,CHINA,DISCONTINUE ????,INFO DARI MR LI 20-12-2025"
"4.SPK.ADC-WS-F0BG,SPEAKER ADVANCE F-BG,WEI DE SEN???,CHINA,DISCONTINUE ????,INFO DARI MR LI 20-12-2025"
"4.SPK.ADC-WS-F0BG-BL,SPEAKER ADVANCE F-BG BLUE,WEI DE SEN???,CHINA,DISCONTINUE ????,INFO DARI MR LI 20-12-2025"
"4.SPK.ADC-WS-F0TT-B,SPEAKER ADVANCE FTT BLACK,WEI DE SEN???,CHINA,DISCONTINUE ????,INFO DARI MR. LI 08-07-2024"
"4.SPK.ADC-WS-F888,SPEAKER ADVANCE F888,WEI DE SEN???,CHINA,DISCONTINUE ????,INFO DARI MR LI 20-12-2025"
"4.SPK.ADC-WS-F888-B,SPEAKER ADVANCE F888 BLACK,WEI DE SEN???,CHINA,DISCONTINUE ????,INFO DARI MR. LI 08-07-2024"
"4.SPK.ADC-WS-FLBG,SPEAKER ADVANCE F-LBG,WEI DE SEN???,CHINA,DISCONTINUE ????,INFO DARI MR LI 20-12-2025"
"4.SPK.ADC-WS-FLBG-R,SPEAKER ADVANCE F-LBG RED,WEI DE SEN???,CHINA,DISCONTINUE ????,INFO DARI MR LI 20-12-2025"
"4.SPK.ADC-WS-FLBG-TRPR-BL,SPEAKER ADVANCE FLBG TRANSPARAN BLUE,WEI DE SEN???,CHINA,DISCONTINUE ????,INFO DARI MR. LI 08-07-2024"
"4.SPK.ADC-WS-H14BT-B,SPEAKER ADVANCE H14BT BLACK,WEI DE SEN???,CHINA,DISCONTINUE ????,0"
"4.SPK.ADC-WS-KS410,SPEAKER ADVANCE KS-410,WEI DE SEN???,CHINA,DISCONTINUE ????,INFO DARI MR LI 20-12-2025"
"4.SPK.ADC-WS-NEW,SPEAKER ADVANCE ES030 NEW PURPLE,WEI DE SEN???,CHINA,DISCONTINUE ????,INFO DARI MR. LI 08-07-2024"
"4.SPK.ADC-WS-PLA1-B,SPEAKER ADVANCE PIALA1 BLACK,WEI DE SEN???,CHINA,DISCONTINUE ????,INFO DARI MR LI 20-12-2025"
"4.SPK.ADC-WS-PLA2,SPEAKER ADVANCE PIALA2,WEI DE SEN???,CHINA,DISCONTINUE ????,INFO DARI MR LI 20-12-2025"
"4.SPK.ADC-WS-PLA3,SPEAKER ADVANCE PIALA3 BLACK,WEI DE SEN???,CHINA,DISCONTINUE ????,INFO DARI MR LI 20-12-2025"
"4.SPK.ADC-WS-PLA3-B,SPEAKER ADVANCE PIALA3 BLACK,WEI DE SEN???,CHINA,DISCONTINUE ????,INFO DARI MR LI 20-12-2025"
"4.SPK.ADC-WS-PLA4,SPEAKER ADVANCE PIALA4,WEI DE SEN???,CHINA,DISCONTINUE ????,INFO DARI MR. LI 08-07-2024"
"4.SPK.ADC-WS-V006,SPEAKER ADVANCE V6,WEI DE SEN???,CHINA,DISCONTINUE ????,INFO DARI MR LI 20-12-2025"
"4.SPK.ADC-WS-V006-B,SPEAKER ADVANCE V6 BLACK,WEI DE SEN???,CHINA,DISCONTINUE ????,INFO DARI MR. LI 08-07-2024"
"4.SPK.ADC-WS-V006-C-R,SPEAKER ADVANCE V6 COLA RED,WEI DE SEN???,CHINA,DISCONTINUE ????,INFO DARI MR LI 20-12-2025"
"4.SPK.ADC-WS-V007-L-BL,SPEAKER ADVANCE V7 LIGHT BLUE,WEI DE SEN???,CHINA,DISCONTINUE ????,INFO DARI MR LI 20-12-2025"
"4.SPK.ADC-WS-V008,SPEAKER ADVANCE V8,WEI DE SEN???,CHINA,DISCONTINUE ????,INFO DARI MR LI 20-12-2025"
"4.SPK.ADC-WS-V008-BL,SPEAKER ADVANCE V8 BLUE,WEI DE SEN???,CHINA,DISCONTINUE ????,INFO DARI MR LI 20-12-2025"
"4.SPK.ADC-WS-V009-B,SPEAKER ADVANCE V9 BLACK,WEI DE SEN???,CHINA,DISCONTINUE ????,INFO DARI MR LI 20-12-2025"
"4.SPK.ADC-WS-V010,SPEAKER ADVANCE V10,WEI DE SEN???,CHINA,DISCONTINUE ????,INFO DARI MR. LI 08-07-2024"
"4.SPK.ADC-WS-V010-BL,SPEAKER ADVANCE V10 BL,WEI DE SEN???,CHINA,DISCONTINUE ????,INFO DARI MR LI 20-12-2025"
"4.SPK.ADC-WS-V020-BL,SPEAKER ADVANCE V20 BLUE,WEI DE SEN???,CHINA,DISCONTINUE ????,INFO DARI MR LI 20-12-2025"
"4.SPK.ADC-WS-V401-PAND,SPEAKER ADVANCE V401 PANDA,WEI DE SEN???,CHINA,DISCONTINUE ????,INFO DARI SUPPLIER 14-08-2024"
"4.SPK.ADC-WS-V403-MUSE,SPEAKER ADVANCE V403 MOUSE,WEI DE SEN???,CHINA,DISCONTINUE ????,INFO DARI SUPPLIER 14-08-2024"
"4.SPK.ADC-WS-V404-CAT,SPEAKER ADVANCE V404 CAT,WEI DE SEN???,CHINA,DISCONTINUE ????,INFO DARI MR. LI 08-07-2024"
"4.SPK.ADC-WS-V405-DOG,SPEAKER ADVANCE V405 DOG,WEI DE SEN???,CHINA,DISCONTINUE ????,INFO DARI MR. LI 08-07-2024"
"4.SPK.ADC-WS-V406-RBT,SPEAKER ADVANCE V406 RABBIT,WEI DE SEN???,CHINA,DISCONTINUE ????,INFO DARI MR. LI 08-07-2024"
"4.SPK.ADC-WS-X005,SPEAKER ADVANCE X5,WEI DE SEN???,CHINA,DISCONTINUE ????,INFO DARI MR LI 20-12-2025"
"4.SPK.ADC-WS-X005-B,SPEAKER ADVANCE X5 BLACK,WEI DE SEN???,CHINA,DISCONTINUE ????,INFO DARI MR. LI 08-07-2024"
"4.SPK.ADC-WS-X102,SPEAKER ADVANCE X-102,WEI DE SEN???,CHINA,DISCONTINUE ????,INFO DARI MR LI 20-12-2025"
"4.SPK.ADC-WS-X102-BR,SPEAKER ADVANCE X-102 BROWN,WEI DE SEN???,CHINA,DISCONTINUE ????,INFO DARI MR. LI 08-07-2024"
"4.SPK.ADC-WS-X102-Y,SPEAKER ADVANCE X-102 YELLOW,WEI DE SEN???,CHINA,DISCONTINUE ????,INFO DARI MR. LI 08-07-2024"
"4.SPK.ADC-WS-X103-B,SPEAKER ADVANCE X-103 BLACK,WEI DE SEN???,CHINA,DISCONTINUE ????,INFO DARI MR. LI 08-07-2024"
"4.SPK.ADC-XC-KK1400,SPEAKER ADVANCE KK-1400,XINGSHENG??,CHINA,CONTINUE ????,0"
"4.SPK.ADC-XC-KK1500,SPEAKER ADVANCE KK-1500,XINGSHENG??,CHINA,CONTINUE ????,0"
"4.SPK.ADC-XC-KK2000,SPEAKER ADVANCE KK-2000,XINGSHENG??,CHINA,CONTINUE ????,0"
"4.SPK.ADC-XC-KK2100,SPEAKER ADVANCE KK-2100,XINGSHENG??,CHINA,CONTINUE ????,0"
"4.SPK.ADC-XH-K10DC,SPEAKER ADVANCE K10D-C,XIHE,CHINA,DISCONTINUE ????,INFO DARI MR HANKE 20-06-2026"
"4.SPK.ADC-YM-ALS6801,SPEAKER ADVANCE ALS-6801,YAMENG??,CHINA,DISCONTINUE ????,INFO DARI SUPPLIER 14-10-2023"
"4.SPK.ADC-YM-ALS6802,SPEAKER ADVANCE ALS-6802,YAMENG??,CHINA,DISCONTINUE ????,INFO DARI SUPPLIER 14-10-2023"
"4.SPK.ADC-YM-AMS08,SPEAKER ADVANCE AMS-08,YAMENG??,CHINA,DISCONTINUE ????,INFO DARI MR LI 20-12-2025"
"4.SPK.ADC-YM-AMS18,SPEAKER ADVANCE AMS-18,YAMENG??,CHINA,DISCONTINUE ????,INFO DARI MR LI 20-12-2025"
"4.SPK.ADC-YM-AMS18-V2,SPEAKER ADVANCE AMS-18,YAMENG??,CHINA,DISCONTINUE ????,INFO DARI MR LI 20-12-2025"
"4.SPK.ADC-YM-AMS18-V2-BL,SPEAKER ADVANCE AMS-18 BLUE WHITE,YAMENG??,CHINA,DISCONTINUE ????,INFO DARI MR LI 20-12-2025"
"4.SPK.ADC-YM-AMS28,SPEAKER ADVANCE AMS-28 ROSE GOLD,YAMENG??,CHINA,DISCONTINUE ????,INFO DARI SUPPLIER 16-08-2024"
"4.SPK.ADC-YM-AMS321,SPEAKER ADVANCE AMS-321,YAMENG??,CHINA,DISCONTINUE ????,INFO DARI SUPPLIER 14-10-2023"
"4.SPK.ADC-YM-AMS38,SPEAKER ADVANCE AMS-38,YAMENG??,CHINA,DISCONTINUE ????,INFO DARI MR LI 20-12-2025"
"4.SPK.ADC-YM-AMS48,SPEAKER ADVANCE AMS-48 WHITE ROSE GOLD,YAMENG??,CHINA,DISCONTINUE ????,INFO DARI SUPPLIER 16-08-2024"
"4.SPK.ADC-YM-AMS58,SPEAKER ADVANCE AMS-58,YAMENG??,CHINA,DISCONTINUE ????,INFO DARI MR LI 20-12-2025"
"4.SPK.ADC-YM-AS100,SPEAKER ADVANCE AS-100,YAMENG??,CHINA,DISCONTINUE ????,INFO DARI MR LI 20-12-2025"
"4.SPK.ADC-YM-AS100-V2,SPEAKER ADVANCE AS-100 2MIC,YAMENG??,CHINA,DISCONTINUE ????,INFO DARI MR LI 20-12-2025"
"4.SPK.ADC-YM-AS110,SPEAKER ADVANCE AS-110,YAMENG??,CHINA,DISCONTINUE ????,INFO DARI SUPPLIER 10-11-2025"
"4.SPK.ADC-YM-AS120,SPEAKER ADVANCE AS-120,YAMENG??,CHINA,DISCONTINUE ????,INFO DARI MR LI 20-12-2025"
"4.SPK.ADC-YM-AS130,SPEAKER ADVANCE AS-130,YAMENG??,CHINA,DISCONTINUE ????,INFO DARI MR LI 20-12-2025"
"4.SPK.ADC-YM-AS200,SPEAKER ADVANCE AS-200,YAMENG??,CHINA,DISCONTINUE ????,INFO DARI MR LI 20-12-2025"
"4.SPK.ADC-YM-CLS101,SPEAKER ADVANCE CLS-101,YAMENG??,CHINA,DISCONTINUE ????,INFO DARI MR LI 20-12-2025"
"4.SPK.ADC-YM-CLS102,SPEAKER ADVANCE CLS-102,YAMENG??,CHINA,DISCONTINUE ????,INFO DARI SUPPLIER 14-10-2023"
"4.SPK.ADC-YM-CLS103,SPEAKER ADVANCE CLS-103,YAMENG??,CHINA,DISCONTINUE ????,INFO DARI SUPPLIER 14-10-2023"
"4.SPK.ADC-YM-CLS106,SPEAKER ADVANCE CLS-106,YAMENG??,CHINA,DISCONTINUE ????,INFO DARI SUPPLIER 14-10-2023"
"4.SPK.ADC-YM-CLS109,SPEAKER ADVANCE CLS-109,YAMENG??,CHINA,DISCONTINUE ????,INFO DARI SUPPLIER 26-01-2026"
"4.SPK.ADC-YM-CLS201,SPEAKER ADVANCE CLS-201,YAMENG??,CHINA,DISCONTINUE ????,INFO DARI SUPPLIER 14-10-2023"
"4.SPK.ADC-YM-CLS201BT,SPEAKER ADVANCE CLS-201BT,YAMENG??,CHINA,DISCONTINUE ????,INFO DARI MR LI 20-12-2025"
"4.SPK.ADC-YM-CLS201BT-BL,SPEAKER ADVANCE CLS-201BT BLUE,YAMENG??,CHINA,DISCONTINUE ????,INFO DARI MR LI 20-12-2025"
"4.SPK.ADC-YM-CLS201BT-R,SPEAKER ADVANCE CLS-201BT RED,YAMENG??,CHINA,DISCONTINUE ????,INFO DARI MR LI 20-12-2025"
"4.SPK.ADC-YM-CLS201BT-V2-BL,SPEAKER ADVANCE CLS-201BT BLUE,YAMENG??,CHINA,DISCONTINUE ????,INFO DARI MR LI 20-12-2025"
"4.SPK.ADC-YM-CLS201BT-V2-R,SPEAKER ADVANCE CLS-201BT RED,YAMENG??,CHINA,DISCONTINUE ????,INFO DARI MR LI 20-12-2025"
"4.SPK.ADC-YM-CLS301BT,SPEAKER ADVANCE CLS-301BT,YAMENG??,CHINA,DISCONTINUE ????,INFO DARI SUPPLIER 14-10-2023"
"4.SPK.ADC-YM-CLS303,SPEAKER ADVANCE CLS-303,YAMENG??,CHINA,DISCONTINUE ????,INFO DARI SUPPLIER 14-10-2023"
"4.SPK.ADC-YM-CV200,SPEAKER ADVANCE CV 200,YAMENG??,CHINA,DISCONTINUE ????,INFO DARI SUPPLIER 16-08-2024"
"4.SPK.ADC-YM-S320E,SPEAKER ADVANCE S-320E,YAMENG??,CHINA,DISCONTINUE ????,INFO DARI SUPPLIER 16-08-2024"
"4.SPK.ADC-YM-S33,SPEAKER ADVANCE S-33,YAMENG??,CHINA,DISCONTINUE ????,INFO DARI SUPPLIER 05-06-2026"
"4.SPK.ADC-YM-S33-ON,SPEAKER ADVANCE S-33 (ON),YAMENG??,CHINA,DISCONTINUE ????,INFO DARI MR LI 20-12-2025"
"4.SPK.ADC-YM-T510,SPEAKER ADVANCE T-510,YAMENG??,CHINA,DISCONTINUE ????,INFO DARI SUPPLIER 14-10-2023"
"4.SPK.ADC-YM-T511,SPEAKER ADVANCE T-511,YAMENG??,CHINA,DISCONTINUE ????,INFO DARI MR LI 20-12-2025"
"4.SPK.ADC-YM-T511-B,SPEAKER ADVANCE T-511 BLACK,YAMENG??,CHINA,DISCONTINUE ????,INFO DARI SUPPLIER 14-10-2023"
"4.SPK.ADC-YM-T511-BLACK,SPEAKER ADVANCE T-511 BLACK,YAMENG??,CHINA,DISCONTINUE ????,INFO DARI SUPPLIER 14-10-2023"
"4.SPK.ADC-YM-T511-GRAY,SPEAKER ADVANCE T-511 GRAY,YAMENG??,CHINA,DISCONTINUE ????,INFO DARI SUPPLIER 14-10-2023"
"4.SPK.ADC-YM-T523,SPEAKER ADVANCE T-523,YAMENG??,CHINA,DISCONTINUE ????,INFO DARI SUPPLIER 14-10-2023"
"4.SPK.ADC-YM-T525,SPEAKER ADVANCE T-525,YAMENG??,CHINA,DISCONTINUE ????,INFO DARI SUPPLIER 14-10-2023"
"4.SPK.ADC-YM-T526,SPEAKER ADVANCE T-526,YAMENG??,CHINA,DISCONTINUE ????,INFO DARI SUPPLIER 14-10-2023"
"4.SPK.ADC-YM-T528,SPEAKER ADVANCE T-528,YAMENG??,CHINA,DISCONTINUE ????,INFO DARI SUPPLIER 14-10-2023"
"4.SPK.ADC-YM-T529,SPEAKER ADVANCE T-529,YAMENG??,CHINA,DISCONTINUE ????,INFO DARI SUPPLIER 14-10-2023"
"4.SPK.ADC-YQ-SR20,SPEAKER ADVANCE SR20,YIQUAN,CHINA,CONTINUE ????,0"
"4.SPK.ADC-YU-K1512L,SPEAKER ADVANCE K1512-L,YUSHENG,CHINA,CONTINUE ????,0"
"4.SPK.ADC-YX-D03A-B,SPEAKER ADVANCE DUO-03 A BLACK,YAXUAN??,CHINA,DISCONTINUE ????,INFO DARI SUPPLIER 14-10-2023"
"4.SPK.ADC-YX-D04A-B,SPEAKER ADVANCE DUO-04A BLACK,YAXUAN??,CHINA,DISCONTINUE ????,INFO DARI MR LI 20-12-2025"
"4.SPK.ADC-YX-D200,SPEAKER ADVANCE DUO200,YAXUAN??,CHINA,DISCONTINUE ????,INFO DARI SUPPLIER 14-10-2023"
"4.SPK.ADC-YX-D200-BL,SPEAKER ADVANCE DUO200 BLUE,YAXUAN??,CHINA,DISCONTINUE ????,INFO DARI SUPPLIER 14-10-2023"
"4.SPK.ADC-YX-D200BT,SPEAKER ADVANCE DUO-200BT,YAXUAN??,CHINA,DISCONTINUE ????,INFO DARI SUPPLIER 14-08-2024"
"4.SPK.ADC-YX-D200BT-BL,SPEAKER ADVANCE DUO-200BT BLUE,YAXUAN??,CHINA,DISCONTINUE ????,INFO DARI SUPPLIER 14-08-2024"
"4.SPK.ADC-YX-D200BT-PR,SPEAKER ADVANCE DUO-200BT PURPLE,YAXUAN??,CHINA,DISCONTINUE ????,INFO DARI MR. LI 08-07-2024"
"4.SPK.ADC-YX-D200BT-R,SPEAKER ADVANCE DUO-200BT RED,YAXUAN??,CHINA,DISCONTINUE ????,INFO DARI SUPPLIER 14-08-2024"
"4.SPK.ADC-YX-D300,SPEAKER ADVANCE DUO300,YAXUAN??,CHINA,DISCONTINUE ????,INFO DARI SUPPLIER 14-08-2024"
"4.SPK.ADC-YX-D300A-BL,SPEAKER ADVANCE DUO300A BLUE,YAXUAN??,CHINA,DISCONTINUE ????,INFO DARI SUPPLIER 13-08-2024"
"4.SPK.ADC-YX-D400,SPEAKER ADVANCE DUO400,YAXUAN??,CHINA,DISCONTINUE ????,INFO DARI SUPPLIER 14-08-2024"
"4.SPK.ADC-YX-D400A,SPEAKER ADVANCE DUO400A,YAXUAN??,CHINA,DISCONTINUE ????,INFO DARI SUPPLIER 14-08-2024"
"4.SPK.ADC-YX-D500,SPEAKER ADVANCE DUO500,YAXUAN??,CHINA,DISCONTINUE ????,INFO DARI SUPPLIER 14-08-2024"
"4.SPK.ADC-YX-DU01-B,SPEAKER ADVANCE DUO-01 BLACK,YAXUAN??,CHINA,DISCONTINUE ????,INFO DARI SUPPLIER 14-10-2023"
"4.SPK.ADC-YX-DU01-BL,SPEAKER ADVANCE DUO-01 BLUE,YAXUAN??,CHINA,DISCONTINUE ????,INFO DARI SUPPLIER 14-10-2023"
"4.SPK.ADC-YX-DU01-R,SPEAKER ADVANCE DUO-01 RED,YAXUAN??,CHINA,DISCONTINUE ????,INFO DARI SUPPLIER 14-10-2023"
"4.SPK.ADC-YX-DU01-W,SPEAKER ADVANCE DUO-01 WHITE,YAXUAN??,CHINA,DISCONTINUE ????,INFO DARI SUPPLIER 14-10-2023"
"4.SPK.ADC-YX-DU02-B,SPEAKER ADVANCE DUO-02 BLACK,YAXUAN??,CHINA,DISCONTINUE ????,INFO DARI SUPPLIER 14-10-2023"
"4.SPK.ADC-YX-DU03-B,SPEAKER ADVANCE DUO-03 BLACK,YAXUAN??,CHINA,DISCONTINUE ????,INFO DARI SUPPLIER 14-08-2024"
"4.SPK.ADC-YX-DU04,SPEAKER ADVANCE DUO-04 RED,YAXUAN??,CHINA,DISCONTINUE ????,INFO DARI SUPPLIER 14-08-2024"
"4.SPK.ADC-YX-DU05-B,SPEAKER ADVANCE DUO-05 BLACK,YAXUAN??,CHINA,DISCONTINUE ????,INFO DARI SUPPLIER 14-08-2024"
"4.SPK.ADC-YX-DU06-B,SPEAKER ADVANCE DUO-06 BLACK,YAXUAN??,CHINA,DISCONTINUE ????,INFO DARI MR LI 20-12-2025"
"4.SPK.ADC-YX-DU07-N-B,SPEAKER ADVANCE DUO-07 NEW BLACK,YAXUAN??,CHINA,DISCONTINUE ????,INFO DARI MR LI 20-12-2025"
"4.SPK.ADC-YX-DU08-B,SPEAKER ADVANCE DUO-08 BLACK,YAXUAN??,CHINA,DISCONTINUE ????,INFO DARI MR LI 20-12-2025"
"4.SPK.ADC-YX-DU09-B,SPEAKER ADVANCE DUO-09 BLACK,YAXUAN??,CHINA,DISCONTINUE ????,INFO DARI MR LI 20-12-2025"
"4.SPK.ADC-YX-DU10-B,SPEAKER ADVANCE DUO-10 BLACK,YAXUAN??,CHINA,DISCONTINUE ????,INFO DARI SUPPLIER 14-08-2024"
"4.SPK.ADC-YX-DU10-R,SPEAKER ADVANCE DUO-10 RED,YAXUAN??,CHINA,DISCONTINUE ????,INFO DARI SUPPLIER 14-08-2024"
"4.SPK.ADC-YX-DU11,SPEAKER ADVANCE DUO-11,YAXUAN??,CHINA,DISCONTINUE ????,INFO DARI MR LI 20-12-2025"
"4.SPK.ADC-YX-DU11-G-W,SPEAKER ADVANCE DUO-11 GREEN WHITE,YAXUAN??,CHINA,DISCONTINUE ????,INFO DARI MR LI 20-12-2025"
"4.SPK.ADC-YX-DU12-R,SPEAKER ADVANCE DUO-12 RED,YAXUAN??,CHINA,DISCONTINUE ????,INFO DARI SUPPLIER 14-08-2024"
"4.SPK.ADC-YX-DU13-BL,SPEAKER ADVANCE DUO-13 BLUE,YAXUAN??,CHINA,DISCONTINUE ????,INFO DARI SUPPLIER 14-08-2024"
"4.SPK.ADC-YX-DU14-B,SPEAKER ADVANCE DUO-14 BLACK,YAXUAN??,CHINA,DISCONTINUE ????,INFO DARI MR LI 20-12-2025"
"4.SPK.ADC-YX-DU15-BL,SPEAKER ADVANCE DUO-15 BLUE,YAXUAN??,CHINA,DISCONTINUE ????,INFO DARI SUPPLIER 14-08-2024"
"4.SPK.ADC-YX-DU20-B,SPEAKER ADVANCE DUO-20 BLACK,YAXUAN??,CHINA,DISCONTINUE ????,INFO DARI SUPPLIER 14-08-2024"
"4.SPK.ADC-YX-DU20-BL,SPEAKER ADVANCE DUO-20 GREEN,YAXUAN??,CHINA,DISCONTINUE ????,INFO DARI SUPPLIER 14-08-2024"
"4.SPK.ADC-YX-DU20-GREEN,SPEAKER ADVANCE DUO-20 GREEN,YAXUAN??,CHINA,DISCONTINUE ????,INFO DARI SUPPLIER 14-08-2024"
"4.SPK.ADC-YX-DU20-PURPLE,SPEAKER ADVANCE DUO-20 PURPLE,YAXUAN??,CHINA,DISCONTINUE ????,INFO DARI SUPPLIER 14-08-2024"
"4.SPK.ADC-YX-DU600-BL,SPEAKER ADVANCE DUO-600 BLUE,YAXUAN??,CHINA,DISCONTINUE ????,INFO DARI SUPPLIER 14-08-2024"
"4.SPK.ADC-YX-DU600-GR,SPEAKER ADVANCE DUO-600 GRAY,YAXUAN??,CHINA,DISCONTINUE ????,INFO DARI SUPPLIER 14-08-2024"
"4.SPK.ADC-YX-DU600-R,SPEAKER ADVANCE DUO-600 RED,YAXUAN??,CHINA,DISCONTINUE ????,INFO DARI SUPPLIER 14-08-2024"
"4.SPK.ADC-YX-DUO100,SPEAKER ADVANCE DUO100 PURPLE,YAXUAN??,CHINA,DISCONTINUE ????,INFO DARI SUPPLIER 14-08-2024"
"4.SPK.ADC-YX-DUO300,SPEAKER ADVANCE DUO300 PURPLE,YAXUAN??,CHINA,DISCONTINUE ????,INFO DARI SUPPLIER 14-08-2024"
"4.SPK.ADC-YX-DUO66-B,SPEAKER ADVANCE DUO-066 BLACK,YAXUAN??,CHINA,DISCONTINUE ????,INFO DARI SUPPLIER 14-08-2024"
"4.SPK.ADC-YX-DUO66-BL,SPEAKER ADVANCE DUO-066 BLUE,YAXUAN??,CHINA,DISCONTINUE ????,INFO DARI SUPPLIER 14-08-2024"
"4.SPK.ADC-YX-DUO66-BR,SPEAKER ADVANCE DUO-066 BROWN,YAXUAN??,CHINA,DISCONTINUE ????,INFO DARI SUPPLIER 14-08-2024"
"4.SPK.ADC-YX-DUO66-G,SPEAKER ADVANCE DUO-066 GREEN,YAXUAN??,CHINA,DISCONTINUE ????,INFO DARI SUPPLIER 14-08-2024"
"4.SPK.ADC-YX-DUO66-R,SPEAKER ADVANCE DUO-066 RED,YAXUAN??,CHINA,DISCONTINUE ????,INFO DARI SUPPLIER 14-08-2024"
"4.SPK.ADC-YX-DUO700,SPEAKER ADVANCE DUO-700,YAXUAN??,CHINA,DISCONTINUE ????,INFO DARI MR. LI 08-07-2024"
"4.SPK.ADC-YX-ELFN-B,SPEAKER ADVANCE ELFIN BLACK 8A,YAXUAN??,CHINA,DISCONTINUE ????,INFO DARI SUPPLIER 14-08-2024"
"4.SPK.ADC-YX-ELFN-BL,SPEAKER ADVANCE ELFIN BLUE,YAXUAN??,CHINA,DISCONTINUE ????,INFO DARI SUPPLIER 14-08-2024"
"4.SPK.ADC-YX-ELFN-R,SPEAKER ADVANCE ELFIN RED,YAXUAN??,CHINA,DISCONTINUE ????,INFO DARI SUPPLIER 14-08-2024"
"4.SPK.ADC-YX-ELFN-W,SPEAKER ADVANCE ELFIN WHITE,YAXUAN??,CHINA,DISCONTINUE ????,INFO DARI SUPPLIER 14-08-2024"
"4.SPK.ADC-YX-H301-BL,SPEAKER ADVANCE H301 BLUE,YAXUAN??,CHINA,DISCONTINUE ????,INFO DARI SUPPLIER 14-10-2023"
"4.SPK.ADC-YX-H301-BLUE,SPEAKER ADVANCE H301 BLUE,YAXUAN??,CHINA,DISCONTINUE ????,INFO DARI SUPPLIER 14-10-2023"
"4.SPK.ADC-YX-H301-ORANGE,SPEAKER ADVANCE H301 ORANGE,YAXUAN??,CHINA,DISCONTINUE ????,INFO DARI SUPPLIER 14-10-2023"
"4.SPK.ADC-YX-H301-PURPLE,SPEAKER ADVANCE H301 PURPLE,YAXUAN??,CHINA,DISCONTINUE ????,INFO DARI SUPPLIER 14-10-2023"
"4.SPK.ADC-YX-H301-RED,SPEAKER ADVANCE H301 RED,YAXUAN??,CHINA,DISCONTINUE ????,INFO DARI SUPPLIER 14-10-2023"
"4.SPK.ADC-YX-H301-WHITE,SPEAKER ADVANCE H301 WHITE,YAXUAN??,CHINA,DISCONTINUE ????,INFO DARI SUPPLIER 14-10-2023"
"4.SPK.ADC-YX-H601,SPEAKER ADVANCE H601,YAXUAN??,CHINA,DISCONTINUE ????,INFO DARI SUPPLIER 14-10-2023"
"4.SPK.ADC-YX-K1001,SPEAKER ADVANCE K1001,YAXUAN??,CHINA,DISCONTINUE ????,INFO DARI MR LI 20-12-2025"
"4.SPK.ADC-YX-K10D-B,SPEAKER ADVANCE K10D-B,YAXUAN??,CHINA,CONTINUE ????,0"
"4.SPK.ADC-YX-K1206,SPEAKER ADVANCE K1206,YAXUAN??,CHINA,DISCONTINUE ????,INFO DARI MR HANKE 20-06-2026"
"4.SPK.ADC-YX-K1212(S),SPEAKER ADVANCE K1212(S),YAXUAN??,CHINA,DISCONTINUE ????,INFO DARI MR LI 20-12-2025"
"4.SPK.ADC-YX-K1212H,SPEAKER ADVANCE K1212-H,YAXUAN??,CHINA,DISCONTINUE ????,INFO DARI SUPPLIER 19-05-2025"
"4.SPK.ADC-YX-K1212S-V2,SPEAKER ADVANCE K1212S,YAXUAN??,CHINA,DISCONTINUE ????,INFO DARI MR LI 20-12-2025"
"4.SPK.ADC-YX-K1506,SPEAKER ADVANCE K1506,YAXUAN??,CHINA,DISCONTINUE ????,INFO DARI MR LI 20-12-2025"
"4.SPK.ADC-YX-K1508,SPEAKER ADVANCE K1508,YAXUAN??,CHINA,DISCONTINUE ????,INFO DARI MR LI 20-12-2025"
"4.SPK.ADC-YX-K1512B,SPEAKER ADVANCE K1512B,YAXUAN??,CHINA,DISCONTINUE ????,INFO DARI SUPPLIER 14-10-2023"
"4.SPK.ADC-YX-K1512-C,SPEAKER ADVANCE K1512-C,YAXUAN??,CHINA,DISCONTINUE ????,INFO DARI MR LI 20-12-2025"
"4.SPK.ADC-YX-K1512-D,SPEAKER ADVANCE K1512-D,YAXUAN??,CHINA,DISCONTINUE ????,INFO DARI SUPPLIER 09-07-2026"
"4.SPK.ADC-YX-K1512F,SPEAKER ADVANCE K1512-F,YAXUAN??,CHINA,CONTINUE ????,0"
"4.SPK.ADC-YX-K1512H,SPEAKER ADVANCE K1512-H,YAXUAN??,CHINA,DISCONTINUE ????,INFO DARI SUPPLIER 19-05-2025"
"4.SPK.ADC-YX-K15D-C,SPEAKER ADVANCE K15D-C,YAXUAN??,CHINA,CONTINUE ????,0"
"4.SPK.ADC-YX-K1812A,SPEAKER ADVANCE K1812-A,YAXUAN??,CHINA,DISCONTINUE ????,INFO DARI MR LI 20-12-2025"
"4.SPK.ADC-YX-K1812B,SPEAKER ADVANCE K1812B,YAXUAN??,CHINA,DISCONTINUE ????,INFO DARI SUPPLIER 14-10-2023"
"4.SPK.ADC-YX-K410,SPEAKER ADVANCE K-410,YAXUAN??,CHINA,DISCONTINUE ????,INFO DARI MR LI 20-12-2025"
"4.SPK.ADC-YX-K410-BL,SPEAKER ADVANCE K-410 BLUE,YAXUAN??,CHINA,DISCONTINUE ????,INFO DARI SUPPLIER 14-08-2024"
"4.SPK.ADC-YX-K421,SPEAKER ADVANCE K421,YAXUAN??,CHINA,DISCONTINUE ????,INFO DARI SUPPLIER 14-10-2023"
"4.SPK.ADC-YX-K421-V2,SPEAKER ADVANCE K421,YAXUAN??,CHINA,DISCONTINUE ????,INFO DARI SUPPLIER 14-10-2023"
"4.SPK.ADC-YX-K651,SPEAKER ADVANCE K651,YAXUAN??,CHINA,DISCONTINUE ????,INFO DARI SUPPLIER 14-10-2023"
"4.SPK.ADC-YX-K651-V2,SPEAKER ADVANCE K651,YAXUAN??,CHINA,DISCONTINUE ????,INFO DARI SUPPLIER 14-10-2023"
"4.SPK.ADC-YX-K6D,SPEAKER ADVANCE K6D,YAXUAN??,CHINA,DISCONTINUE ????,INFO DARI MR LI 20-12-2025"
"4.SPK.ADC-YX-K887,SPEAKER ADVANCE K887,YAXUAN??,CHINA,CONTINUE ????,0"
"4.SPK.ADC-YX-K8D,SPEAKER ADVANCE K8D,YAXUAN??,CHINA,DISCONTINUE ????,INFO DARI MR LI 20-12-2025"
"4.SPK.ADC-YX-K8D-A,SPEAKER ADVANCE K8D-A,YAXUAN??,CHINA,DISCONTINUE ????,INFO DARI MR. LI 29-10-2024"
"4.SPK.ADC-YX-K8D-C,SPEAKER ADVANCE K8D-C,YAXUAN??,CHINA,CONTINUE ????,0"
"4.SPK.ADC-YX-KK1600,SPEAKER ADVANCE KK-1600,YAXUAN??,CHINA,CONTINUE ????,0"
"4.SPK.ADC-YX-KL12A,SPEAKER ADVANCE VIDEO KARAOKE KL-12-A,YAXUAN??,CHINA,DISCONTINUE ????,INFO DARI PAK MUKRI 11-02-2025"
"4.SPK.ADC-YX-KL12B,SPEAKER ADVANCE VIDEO KARAOKE KL-12-B,YAXUAN??,CHINA,DISCONTINUE ????,INFO DARI PAK MUKRI 11-02-2025,"
"4.SPK.ADC-YX-KL15B,SPEAKER ADVANCE VIDEO KARAOKE KL-15-B,YAXUAN??,CHINA,DISCONTINUE ????,INFO DARI PAK MUKRI 11-02-2025"
"4.SPK.ADC-YX-KS1221,SPEAKER ADVANCE KS-1221,YAXUAN??,CHINA,DISCONTINUE ????,INFO DARI MR LI 20-12-2025"
"4.SPK.ADC-YX-KS2612,SPEAKER ADVANCE KS-2612,YAXUAN??,CHINA,DISCONTINUE ????,INFO DARI MR LI 20-12-2025"
"4.SPK.ADC-YX-KS2613,SPEAKER ADVANCE KS-2613,YAXUAN??,CHINA,CONTINUE ????,0"
"4.SPK.ADC-YX-KS2614,SPEAKER ADVANCE KS-2614,YAXUAN??,CHINA,CONTINUE ????,0"
"4.SPK.ADC-YX-KS2615,SPEAKER ADVANCE KS-2615,YAXUAN??,CHINA,CONTINUE ????,0"
"4.SPK.ADC-YX-KS612,SPEAKER ADVANCE KS-612,YAXUAN??,CHINA,DISCONTINUE ????,INFO DARI MR LI 20-12-2025"
"4.SPK.ADC-YX-KS616,SPEAKER ADVANCE KS-616,YAXUAN??,CHINA,CONTINUE ????,0"
"4.SPK.ADC-YX-KS617,SPEAKER ADVANCE KS-617,YAXUAN??,CHINA,DISCONTINUE ????,INFO DARI MR LI 20-12-2025"
"4.SPK.ADC-YX-KS821,SPEAKER ADVANCE KS-821,YAXUAN??,CHINA,DISCONTINUE ????,INFO DARI MR LI 20-12-2025"
"4.SPK.ADC-YX-KS822,SPEAKER ADVANCE KS-822,YAXUAN??,CHINA,CONTINUE ????,0"
"4.SPK.ADC-YX-KV6270,SPEAKER ADVANCE KV-6270,YAXUAN??,CHINA,DISCONTINUE ????,INFO DARI SUPPLIER 14-08-2024"
"4.SPK.ADC-YX-KV8010,SPEAKER ADVANCE KV-8010,YAXUAN??,CHINA,DISCONTINUE ????,INFO DARI MR LI 20-12-2025"
"4.SPK.ADC-YX-KV8020,SPEAKER ADVANCE KV-8020,YAXUAN??,CHINA,DISCONTINUE ????,INFO DARI MR LI 20-12-2025"
"4.SPK.ADC-YX-KV8030,SPEAKER ADVANCE KV-8030,YAXUAN??,CHINA,DISCONTINUE ????,INFO DARI MR LI 20-12-2025"
"4.SPK.ADC-YX-KV8270,SPEAKER ADVANCE KV-8270,YAXUAN??,CHINA,DISCONTINUE ????,INFO DARI MR LI 20-12-2025"
"4.SPK.ADC-YX-KV8290,SPEAKER ADVANCE KV-8290,YAXUAN??,CHINA,DISCONTINUE ????,INFO DARI MR LI 20-12-2025"
"4.SPK.ADC-YX-R1,SPEAKER ADVANCE R1,YAXUAN??,CHINA,DISCONTINUE ????,INFO DARI SUPPLIER 14-10-2023"
"4.SPK.ADC-YX-R2,SPEAKER ADVANCE R2,YAXUAN??,CHINA,DISCONTINUE ????,INFO DARI SUPPLIER 14-10-2023"
"4.SPK.ADC-YX-R3,SPEAKER ADVANCE R3,YAXUAN??,CHINA,DISCONTINUE ????,INFO DARI SUPPLIER 14-10-2023"
"4.SPK.ADC-YX-S10,SPEAKER ADVANCE S-10,YAXUAN??,CHINA,DISCONTINUE ????,INFO DARI SUPPLIER 14-10-2023"
"4.SPK.ADC-YX-S120,SPEAKER ADVANCE S-120,YAXUAN??,CHINA,DISCONTINUE ????,INFO DARI MR LI 20-12-2025"
"4.SPK.ADC-YX-S120-V2,SPEAKER ADVANCE S-120,YAXUAN??,CHINA,DISCONTINUE ????,INFO DARI MR LI 20-12-2025"
"4.SPK.ADC-YX-S20,SPEAKER ADVANCE S-20,YAXUAN??,CHINA,DISCONTINUE ????,INFO DARI SUPPLIER 14-10-2023"
"4.SPK.ADC-YX-S32-BATIK A,SPEAKER ADVANCE S32 BATIK A,YAXUAN??,CHINA,DISCONTINUE ????,INFO DARI SUPPLIER 14-10-2023"
"4.SPK.ADC-YX-S32-BATIK B,SPEAKER ADVANCE S32 BATIK B,YAXUAN??,CHINA,DISCONTINUE ????,INFO DARI SUPPLIER 14-10-2023"
"4.SPK.ADC-YX-S32-BATIK C,SPEAKER ADVANCE S32 BATIK C,YAXUAN??,CHINA,DISCONTINUE ????,INFO DARI SUPPLIER 14-10-2023"
"4.SPK.ADC-YX-S32-BATIK D,SPEAKER ADVANCE S32 BATIK D,YAXUAN??,CHINA,DISCONTINUE ????,INFO DARI SUPPLIER 14-10-2023"
"4.SPK.ADC-YX-S32-BATIK E,SPEAKER ADVANCE S32 BATIK E,YAXUAN??,CHINA,DISCONTINUE ????,INFO DARI SUPPLIER 14-10-2023"
"4.SPK.ADC-YX-S51,SPEAKER ADVANCE S-51,YAXUAN??,CHINA,DISCONTINUE ????,INFO DARI SUPPLIER 14-10-2023"
"4.SPK.ADC-YX-S52,SPEAKER ADVANCE S-52,YAXUAN??,CHINA,DISCONTINUE ????,INFO DARI SUPPLIER 14-10-2023"
"4.SPK.ADC-YX-S53,SPEAKER ADVANCE S-53,YAXUAN??,CHINA,DISCONTINUE ????,INFO DARI MR LI 20-12-2025"
"4.SPK.ADC-YX-S60,SPEAKER ADVANCE S-60,YAXUAN??,CHINA,DISCONTINUE ????,INFO DARI SUPPLIER 07-08-2025"
"4.SPK.ADC-YX-S60-V2,SPEAKER ADVANCE S-60,YAXUAN??,CHINA,CONTINUE ????,0"
"4.SPK.ADC-YX-S70,SPEAKER ADVANCE S-70,YAXUAN??,CHINA,DISCONTINUE ????,INFO DARI SUPPLIER 02-09-2025"
"4.SPK.ADC-YX-S73,SPEAKER ADVANCE S-73,YAXUAN??,CHINA,DISCONTINUE ????,INFO DARI MR LI 20-12-2025"
"4.SPK.ADC-YX-SR10,SPEAKER ADVANCE SR10,YAXUAN??,CHINA,DISCONTINUE ????,INFO DARI SUPPLIER 18-06-2025"
"4.SPK.ADC-YX-SR12,SPEAKER ADVANCE SR12,YAXUAN??,CHINA,DISCONTINUE ????,INFO DARI SUPPLIER 18-06-2025"
"4.SPK.ADC-YX-SR30B,SPEAKER ADVANCE SR30B,YAXUAN??,CHINA,DISCONTINUE ????,INFO DARI SUPPLIER 18-06-2025"
"4.SPK.ADC-YX-SR40,SPEAKER ADVANCE SR40,YAXUAN??,CHINA,DISCONTINUE ????,INFO DARI SUPPLIER 18-06-2025"
"4.SPK.ADC-YX-TP100,SPEAKER ADVANCE TP-100,YAXUAN??,CHINA,DISCONTINUE ????,INFO DARI SUPPLIER 14-08-2024"
"4.SPK.ADC-YX-TP222,SPEAKER ADVANCE TP-222,YAXUAN??,CHINA,DISCONTINUE ????,INFO DARI SUPPLIER 14-10-2023"
"4.SPK.ADC-YX-TP300-N,SPEAKER ADVANCE TP-300 NEW GREY,YAXUAN??,CHINA,DISCONTINUE ????,INFO DARI SUPPLIER 14-08-2024"
"4.SPK.ADC-YX-TP333,SPEAKER ADVANCE TP-333,YAXUAN??,CHINA,DISCONTINUE ????,INFO DARI SUPPLIER 14-10-2023"
"4.SPK.ADC-YX-TP400,SPEAKER ADVANCE TP-400,YAXUAN??,CHINA,DISCONTINUE ????,INFO DARI SUPPLIER 14-10-2023"
"4.SPK.ADC-YX-TP400-N,SPEAKER ADVANCE TP-400 NEW,YAXUAN??,CHINA,DISCONTINUE ????,INFO DARI SUPPLIER 14-10-2023"
"4.SPK.ADC-YX-TP500-N,SPEAKER ADVANCE TP-500 NEW,YAXUAN??,CHINA,DISCONTINUE ????,INFO DARI SUPPLIER 14-08-2024"
"4.SPK.ADC-YX-TP555,SPEAKER ADVANCE TP-555,YAXUAN??,CHINA,DISCONTINUE ????,INFO DARI SUPPLIER 14-10-2023"
"4.SPK.ADC-YX-TP555-CHAMPAGNE,SPEAKER ADVANCE TP-555 CHAMPAGNE,YAXUAN??,CHINA,DISCONTINUE ????,INFO DARI SUPPLIER 14-10-2023"
"4.SPK.ADC-YX-TP611-BATIK A,SPEAKER ADVANCE TP-611 BATIK A,YAXUAN??,CHINA,DISCONTINUE ????,INFO DARI SUPPLIER 14-10-2023"
"4.SPK.ADC-YX-TP611-BATIK B,SPEAKER ADVANCE TP-611 BATIK B,YAXUAN??,CHINA,DISCONTINUE ????,INFO DARI SUPPLIER 14-10-2023"
"4.SPK.ADC-YX-TP611-BATIK C,SPEAKER ADVANCE TP-611 BATIK C,YAXUAN??,CHINA,DISCONTINUE ????,INFO DARI SUPPLIER 14-10-2023"
"4.SPK.ADC-YX-TP611-BATIK D,SPEAKER ADVANCE TP-611 BATIK D,YAXUAN??,CHINA,DISCONTINUE ????,INFO DARI SUPPLIER 14-10-2023"
"4.SPK.ADC-YX-TP611-BATIK E,SPEAKER ADVANCE TP-611 BATIK E,YAXUAN??,CHINA,DISCONTINUE ????,INFO DARI SUPPLIER 14-10-2023"
"4.SPK.ADC-YX-TP621,SPEAKER ADVANCE TP-621,YAXUAN??,CHINA,DISCONTINUE ????,INFO DARI SUPPLIER 14-10-2023"
"4.SPK.ADC-YX-TP621-W,SPEAKER ADVANCE TP-621 WHITE,YAXUAN??,CHINA,DISCONTINUE ????,INFO DARI SUPPLIER 14-10-2023"
"4.SPK.ADC-YX-TP631,SPEAKER ADVANCE TP-631,YAXUAN??,CHINA,DISCONTINUE ????,INFO DARI SUPPLIER 14-10-2023"
"4.SPK.ADC-YX-TS5-A,SPEAKER ADVANCE TS-5 MOTIF A,YAXUAN??,CHINA,DISCONTINUE ????,INFO DARI SUPPLIER 14-10-2023"
"4.SPK.ADC-YX-TS5-B,SPEAKER ADVANCE TS-5 MOTIF B,YAXUAN??,CHINA,DISCONTINUE ????,INFO DARI SUPPLIER 14-10-2023"
"4.SPK.ADC-YX-TS5-C,SPEAKER ADVANCE TS-5 MOTIF C,YAXUAN??,CHINA,DISCONTINUE ????,INFO DARI SUPPLIER 14-10-2023"
"4.SPK.ADC-YX-TS5-D,SPEAKER ADVANCE TS-5 MOTIF D,YAXUAN??,CHINA,DISCONTINUE ????,INFO DARI SUPPLIER 14-10-2023"
"4.SPK.ADC-YX-V004,SPEAKER ADVANCE V4,YAXUAN??,CHINA,DISCONTINUE ????,INFO DARI SUPPLIER 14-08-2024"
"4.SPK.ADC-YX-V005,SPEAKER ADVANCE V5,YAXUAN??,CHINA,DISCONTINUE ????,INFO DARI MR LI 20-12-2025"
"4.SPK.ADC-YX-V005-V2,SPEAKER ADVANCE V5 2MIC,YAXUAN??,CHINA,DISCONTINUE ????,INFO DARI MR LI 20-12-2025"
"4.SPK.ADC-YX-V015,SPEAKER ADVANCE V15,YAXUAN??,CHINA,DISCONTINUE ????,INFO DARI MR LI 20-12-2025"
"4.SPK.ADC-YX-V300,SPEAKER ADVANCE V300 PURPLE,YAXUAN??,CHINA,DISCONTINUE ????,INFO DARI SUPPLIER 14-08-2024"
"4.SPK.ADC-YX-V4,SPEAKER ADVANCE V4,YAXUAN??,CHINA,DISCONTINUE ????,INFO DARI SUPPLIER 14-08-2024"
"4.SPK.ADC-YX-V402-TIGR,SPEAKER ADVANCE V402 TIGER,YAXUAN??,CHINA,DISCONTINUE ????,INFO DARI SUPPLIER 14-08-2024"
"4.SPK.ADC-YX-VS10BT,SPEAKER ADVANCE VS10 BLUETOOTH,YAXUAN??,CHINA,DISCONTINUE ????,INFO DARI SUPPLIER 14-08-2024"
"4.SPK.ADC-YX-VS20BT-B,SPEAKER ADVANCE VS20 BLUETOOTH BLACK,YAXUAN??,CHINA,DISCONTINUE ????,INFO DARI SUPPLIER 14-08-2024"
"4.SPK.ADC-YX-VS20BT-BLUE,SPEAKER ADVANCE VS20 BLUETOOTH BLUE,YAXUAN??,CHINA,DISCONTINUE ????,INFO DARI SUPPLIER 14-08-2024"
"4.SPK.ADC-YX-VS20BT-GOLD,SPEAKER ADVANCE VS20 BLUETOOTH GOLD,YAXUAN??,CHINA,DISCONTINUE ????,INFO DARI SUPPLIER 14-08-2024"
"4.SPK.ADC-YX-VS20BT-GRAY,SPEAKER ADVANCE VS20 BLUETOOTH GRAY,YAXUAN??,CHINA,DISCONTINUE ????,INFO DARI SUPPLIER 14-08-2024"
"4.SPK.ADC-YX-VS20BT-RED,SPEAKER ADVANCE VS20 BLUETOOTH RED,YAXUAN??,CHINA,DISCONTINUE ????,INFO DARI SUPPLIER 14-08-2024"
"4.SPK.ADC-YX-VS30BT,SPEAKER ADVANCE VS30 BLUETOOTH,YAXUAN??,CHINA,DISCONTINUE ????,INFO DARI SUPPLIER 14-08-2024"
"4.SPK.ADC-YX-WDS11,SPEAKER ADVANCE WDS-11,YAXUAN??,CHINA,DISCONTINUE ????,INFO DARI MR LI 20-12-2025"
"4.SPK.ADC-YX-WDS11-B,SPEAKER ADVANCE WDS-11 BLACK,YAXUAN??,CHINA,DISCONTINUE ????,INFO DARI SUPPLIER 14-08-2024"
"4.SPK.ADC-YY-DUO-2000,SPEAKER ADVANCE DUO-2000,YUANYU??,CHINA,DISCONTINUE ????,INFO DARI SUPPLIER 07-10-2023"
"4.SPK.ADC-YY-M001,SPEAKER ADVANCE M001,YUANYU??,CHINA,DISCONTINUE ????,INFO DARI MR LI 20-12-2025"
"4.SPK.ADC-YY-SR11,SPEAKER ADVANCE SR11,YUANYU??,CHINA,CONTINUE ????,0"
"4.SPK.ADL-AI-MKS500-B,SPEAKER ADVANCE MKS500 BLACK,AISHENG??,LOCAL,DISCONTINUE ????,INFO SUPPLIER 13-08-2024"
"4.SPK.ADL-AI-MKS500-R,SPEAKER ADVANCE MKS500 RED,AISHENG??,LOCAL,DISCONTINUE ????,INFO SUPPLIER 13-08-2024"
"4.SPK.ADL-AO-M101A,SPEAKER ADVANCE M101A,AOHONG??,LOCAL,DISCONTINUE ????,INFO DARI MR. LI 08-07-2024"
"4.SPK.ADL-LT-K1212N,SPEAKER ADVANCE K1212N,LANGTING??,LOCAL,CONTINUE ????,0"
"4.SPK.ADL-SD-CLS101,SPEAKER ADVANCE CLS-101,SAIDA,LOCAL,CONTINUE ????,0"
"4.SPK.ADL-SD-CLS107BT,SPEAKER ADVANCE CLS-107BT,SAIDA,LOCAL,CONTINUE ????,0"
"4.SPK.ADL-SD-CLS201,SPEAKER ADVANCE CLS-201,SAIDA,LOCAL,CONTINUE ????,0"
"4.SPK.ADL-SD-CLS201BT-BL,SPEAKER ADVANCE CLS-201BT BLUE,SAIDA,LOCAL,CONTINUE ????,0"
"4.SPK.ADL-SD-CLS201BT-R,SPEAKER ADVANCE CLS-201BT RED,SAIDA,LOCAL,CONTINUE ????,0"
"4.SPK.ADL-WS-H14-B,SPEAKER ADVANCE H14 BLACK,WEI DE SEN???,LOCAL,DISCONTINUE ????,INFO DARI MR. LI 08-07-2024"
"4.SPK.ADL-WS-H14-BL,SPEAKER ADVANCE H14 BLUE,WEI DE SEN???,LOCAL,DISCONTINUE ????,INFO DARI MR. LI 08-07-2024"
"4.SPK.ADL-WS-H14BT-B,SPEAKER ADVANCE H14BT BLACK,WEI DE SEN???,LOCAL,DISCONTINUE ????,BLM DI KONFIRMASI"
"4.SPK.ADL-WS-H14BT-BL,SPEAKER ADVANCE H14BT BLUE,WEI DE SEN???,LOCAL,DISCONTINUE ????,INFO DARI MR. LI 08-07-2024"
"4.SPK.ADL-WS-H14BT-G,SPEAKER ADVANCE H14BT GREEN,WEI DE SEN???,LOCAL,DISCONTINUE ????,INFO DARI MR. LI 08-07-2024"
"4.SPK.ADL-WS-H14BT-O,SPEAKER ADVANCE H14BT ORANGE,WEI DE SEN???,LOCAL,DISCONTINUE ????,INFO DARI MR. LI 08-07-2024"
"4.SPK.ADL-WS-H14BT-PR,SPEAKER ADVANCE H14BT PURPLE,WEI DE SEN???,LOCAL,DISCONTINUE ????,INFO DARI MR. LI 08-07-2024"
"4.SPK.ADL-WS-H14BT-R,SPEAKER ADVANCE H14BT RED,WEI DE SEN???,LOCAL,DISCONTINUE ????,INFO DARI MR. LI 08-07-2024"
"4.SPK.ADL-WS-H14N-B,SPEAKER ADVANCE H14N BLACK,WEI DE SEN???,LOCAL,DISCONTINUE ????,INFO DARI MR. LI 08-07-2024"
"4.SPK.ADL-WS-H14N-BL,SPEAKER ADVANCE H14N BLUE,WEI DE SEN???,LOCAL,DISCONTINUE ????,INFO DARI MR. LI 08-07-2024"
"4.SPK.ADL-WS-H14N-G,SPEAKER ADVANCE H14N,WEI DE SEN???,LOCAL,DISCONTINUE ????,INFO DARI MR. LI 08-07-2024"
"4.SPK.ADL-WS-H14N-R,SPEAKER ADVANCE H14N RED,WEI DE SEN???,LOCAL,DISCONTINUE ????,INFO DARI MR. LI 08-07-2024"
"4.SPK.ADL-WS-H14N-W,SPEAKER ADVANCE H14N WHITE,WEI DE SEN???,LOCAL,DISCONTINUE ????,INFO DARI MR. LI 08-07-2024"
"4.SPK.ADL-WS-H14-R,SPEAKER ADVANCE H14 RED,WEI DE SEN???,LOCAL,DISCONTINUE ????,INFO DARI MR. LI 08-07-2024"
"4.SPK.ADL-WS-H14-W,SPEAKER ADVANCE H14 WHITE,WEI DE SEN???,LOCAL,DISCONTINUE ????,INFO DARI MR. LI 08-07-2024"
"4.SPK.ADL-YH-K1201,SPEAKER ADVANCE K1201,YIN HUANG??,LOCAL,DISCONTINUE ????,INFO DARI MR. LI 08-07-2024"
"4.SPK.ADL-YH-K1501,SPEAKER ADVANCE K1501,YIN HUANG??,LOCAL,DISCONTINUE ????,INFO DARI MR LI 20-12-2025"
"4.SPK.ADL-YH-K881,SPEAKER ADVANCE K881,YIN HUANG??,LOCAL,DISCONTINUE ????,INFO DARI MR. LI 08-07-2024"
"4.SPK.ADL-YM-CLS101,SPEAKER ADVANCE CLS-101,YAMENG??,LOCAL,DISCONTINUE ????,INFO DARI MR LI 20-12-2025"
"4.SPK.ADL-YM-CLS107BT,SPEAKER ADVANCE CLS-107BT,YAMENG??,LOCAL,DISCONTINUE ????,INFO DARI MR LI 20-12-2025"
"4.SPK.ADL-YM-CLS107-V2,SPEAKER ADVANCE CLS-107,YAMENG??,LOCAL,DISCONTINUE ????,INFO DARI MR LI 20-12-2025"
"4.SPK.ADL-YM-CLS108,SPEAKER ADVANCE CLS-108,YAMENG??,LOCAL,DISCONTINUE ????,INFO DARI MR HANKE 20-06-2026"
"4.SPK.ADL-YM-CLS201,SPEAKER ADVANCE CLS-201,YAMENG??,LOCAL,DISCONTINUE ????,INFO DARI SUPPLIER 14-10-2023"
"4.SPK.ADL-YM-CLS201BT-BL,SPEAKER ADVANCE CLS-201BT BLUE,YAMENG??,LOCAL,DISCONTINUE ????,INFO DARI MR LI 20-12-2025"
"4.SPK.ADL-YM-CLS201BT-R,SPEAKER ADVANCE CLS-201BT RED,YAMENG??,LOCAL,DISCONTINUE ????,INFO DARI MR LI 20-12-2025"
"4.SPK.ADL-YM-S40-BL,SPEAKER ADVANCE S-40 BLUE,YAMENG??,LOCAL,DISCONTINUE ????,INFO DARI SUPPLIER 14-10-2023"
"4.SPK.ADL-YM-S40-R,SPEAKER ADVANCE S-40 RED,YAMENG??,LOCAL,DISCONTINUE ????,INFO DARI SUPPLIER 14-10-2023"
"4.SPK.ADL-YX-D200BT-BL,SPEAKER ADVANCE DUO-200BT BLUE,YAXUAN??,LOCAL,DISCONTINUE ????,INFO DARI MR LI 20-12-2025"
"4.SPK.ADL-YX-D200BT-PR,SPEAKER ADVANCE DUO-200BT PURPLE,YAXUAN??,LOCAL,DISCONTINUE ????,INFO DARI MR LI 20-12-2025"
"4.SPK.ADL-YX-D200BT-R,SPEAKER ADVANCE DUO-200BT RED,YAXUAN??,LOCAL,DISCONTINUE ????,INFO DARI MR LI 20-12-2025"
"4.SPK.ADL-YX-D200BT-V0,SPEAKER ADVANCE DUO-200BT,YAXUAN??,LOCAL,DISCONTINUE ????,INFO DARI SUPPLIER 14-08-2024"
"4.SPK.ADL-YX-D200BT-V0-BL,SPEAKER ADVANCE DUO-200BT BLUE,YAXUAN??,LOCAL,DISCONTINUE ????,INFO DARI SUPPLIER 14-08-2024"
"4.SPK.ADL-YX-D200BT-V0-PR,SPEAKER ADVANCE DUO-200BT PURPLE,YAXUAN??,LOCAL,DISCONTINUE ????,INFO DARI SUPPLIER 14-08-2024"
"4.SPK.ADL-YX-D200BT-V0-R,SPEAKER ADVANCE DUO-200BT RED,YAXUAN??,LOCAL,DISCONTINUE ????,INFO DARI SUPPLIER 14-08-2024"
"4.SPK.ADL-YX-D200-R,SPEAKER ADVANCE DUO200 RED,YAXUAN??,LOCAL,DISCONTINUE ????,INFO DARI SUPPLIER 14-08-2024"
"4.SPK.ADL-YX-DU01-O,SPEAKER ADVANCE DUO-01 ORANGE,YAXUAN??,LOCAL,DISCONTINUE ????,INFO DARI SUPPLIER 14-10-2023"
"4.SPK.ADL-YX-DU26-B,SPEAKER ADVANCE DUO-026 BLACK,YAXUAN??,LOCAL,DISCONTINUE ????,INFO DARI MR LI 20-12-2025"
"4.SPK.ADL-YX-DU26-BL,SPEAKER ADVANCE DUO-026 BLUE,YAXUAN??,LOCAL,DISCONTINUE ????,INFO DARI MR LI 20-12-2025"
"4.SPK.ADL-YX-DU26-R,SPEAKER ADVANCE DUO-026 RED,YAXUAN??,LOCAL,DISCONTINUE ????,INFO DARI MR LI 20-12-2025"
"4.SPK.ADL-YX-DU26-W,SPEAKER ADVANCE DUO-026 WHITE,YAXUAN??,LOCAL,DISCONTINUE ????,INFO DARI MR LI 20-12-2025"
"4.SPK.ADL-YX-DU40-N,SPEAKER ADVANCE DUO-40 NEW,YAXUAN??,LOCAL,DISCONTINUE ????,INFO DARI SUPPLIER 14-10-2023"
"4.SPK.ADL-YX-DU50-BL,SPEAKER ADVANCE DUO-050 BLUE,YAXUAN??,LOCAL,DISCONTINUE ????,INFO DARI MR LI 20-12-2025"
"4.SPK.ADL-YX-DU50-O,SPEAKER ADVANCE DUO-050 ORANGE,YAXUAN??,LOCAL,DISCONTINUE ????,INFO DARI MR LI 20-12-2025"
"4.SPK.ADL-YX-DU50-PR,SPEAKER ADVANCE DUO-050 PURPLE,YAXUAN??,LOCAL,DISCONTINUE ????,INFO DARI MR LI 20-12-2025"
"4.SPK.ADL-YX-DU50-R,SPEAKER ADVANCE DUO-050 RED,YAXUAN??,LOCAL,DISCONTINUE ????,INFO DARI MR LI 20-12-2025"
"4.SPK.ADL-YX-DU600-BL,SPEAKER ADVANCE DUO-600 BLUE,YAXUAN??,LOCAL,DISCONTINUE ????,INFO DARI MR LI 20-12-2025"
"4.SPK.ADL-YX-DU600-R,SPEAKER ADVANCE DUO-600 RED,YAXUAN??,LOCAL,DISCONTINUE ????,INFO DARI MR LI 20-12-2025"
"4.SPK.ADL-YX-DUO200,SPEAKER ADVANCE DUO200 PURPLE,YAXUAN??,LOCAL,DISCONTINUE ????,INFO DARI SUPPLIER 14-10-2023"
"4.SPK.ADL-YX-DUO70-B,SPEAKER ADVANCE DUO-070 BLACK,YAXUAN??,LOCAL,DISCONTINUE ????,INFO DARI SUPPLIER 14-08-2024"
"4.SPK.ADL-YX-DUO70-BL,SPEAKER ADVANCE DUO-070 BLUE,YAXUAN??,LOCAL,DISCONTINUE ????,INFO DARI SUPPLIER 14-08-2024"
"4.SPK.ADL-YX-DUO70-O,SPEAKER ADVANCE DUO-070 ORANGE,YAXUAN??,LOCAL,DISCONTINUE ????,INFO DARI SUPPLIER 14-08-2024"
"4.SPK.ADL-YX-DUO70-R,SPEAKER ADVANCE DUO-070 RED,YAXUAN??,LOCAL,DISCONTINUE ????,INFO DARI SUPPLIER 14-08-2024"
"4.SPK.ADL-YX-DUO80-B,SPEAKER ADVANCE DUO-080 BLACK,YAXUAN??,LOCAL,DISCONTINUE ????,INFO DARI MR. LI 22-06-2024"
"4.SPK.ADL-YX-DUO80-BL,SPEAKER ADVANCE DUO-080 BLUE,YAXUAN??,LOCAL,DISCONTINUE ????,INFO DARI MR. LI 22-06-2024"
"4.SPK.ADL-YX-DUO80-R,SPEAKER ADVANCE DUO-080 RED,YAXUAN??,LOCAL,DISCONTINUE ????,INFO DARI MR. LI 22-06-2024"
"4.SPK.ADL-YX-DX545,SPEAKER ADVANCE DX545,YAXUAN??,LOCAL,DISCONTINUE ????,INFO DARI SUPPLIER 14-10-2023"
"4.SPK.ADL-YX-DX654-BLACK,SPEAKER ADVANCE DX654 BLACK,YAXUAN??,LOCAL,DISCONTINUE ????,INFO DARI SUPPLIER 14-10-2023"
"4.SPK.ADL-YX-DX654-BLUE,SPEAKER ADVANCE DX654 BLUE,YAXUAN??,LOCAL,DISCONTINUE ????,INFO DARI MR LI 20-12-2025"
"4.SPK.ADL-YX-H133-B,SPEAKER ADVANCE H133 BLACK,YAXUAN??,LOCAL,DISCONTINUE ????,INFO DARI SUPPLIER 14-10-2023"
"4.SPK.ADL-YX-H133-BL,SPEAKER ADVANCE H133 BLUE,YAXUAN??,LOCAL,DISCONTINUE ????,INFO DARI SUPPLIER 14-10-2023"
"4.SPK.ADL-YX-H133-R,SPEAKER ADVANCE H133 RED,YAXUAN??,LOCAL,DISCONTINUE ????,INFO DARI SUPPLIER 14-10-2023"
"4.SPK.ADL-YX-H14-G,SPEAKER ADVANCE H14 GREEN,YAXUAN??,LOCAL,DISCONTINUE ????,INFO DARI SUPPLIER 14-08-2024"
"4.SPK.ADL-YX-H15-B,SPEAKER ADVANCE H15 BLACK,YAXUAN??,LOCAL,DISCONTINUE ????,INFO DARI SUPPLIER 14-10-2023"
"4.SPK.ADL-YX-H15-BL,SPEAKER ADVANCE H15 BLUE,YAXUAN??,LOCAL,DISCONTINUE ????,INFO DARI SUPPLIER 14-10-2023"
"4.SPK.ADL-YX-H15BT-B,SPEAKER ADVANCE H15BT BLACK,YAXUAN??,LOCAL,DISCONTINUE ????,INFO DARI SUPPLIER 14-08-2024"
"4.SPK.ADL-YX-H15BT-BL,SPEAKER ADVANCE H15BT BLUE,YAXUAN??,LOCAL,DISCONTINUE ????,INFO DARI SUPPLIER 14-08-2024"
"4.SPK.ADL-YX-H15BT-R,SPEAKER ADVANCE H15BT RED,YAXUAN??,LOCAL,DISCONTINUE ????,INFO DARI SUPPLIER 14-08-2024"
"4.SPK.ADL-YX-H15BT-V0-B,SPEAKER ADVANCE H15BT V.0 BLACK,YAXUAN??,LOCAL,DISCONTINUE ????,INFO DARI SUPPLIER 14-08-2024"
"4.SPK.ADL-YX-H15BT-V0-BL,SPEAKER ADVANCE H15BT V.0 BLUE,YAXUAN??,LOCAL,DISCONTINUE ????,INFO DARI SUPPLIER 14-08-2024"
"4.SPK.ADL-YX-H15BT-V0-R,SPEAKER ADVANCE H15BT V.0 RED,YAXUAN??,LOCAL,DISCONTINUE ????,INFO DARI SUPPLIER 14-08-2024"
"4.SPK.ADL-YX-H15-R,SPEAKER ADVANCE H15 RED,YAXUAN??,LOCAL,DISCONTINUE ????,INFO DARI SUPPLIER 14-10-2023"
"4.SPK.ADL-YX-H23A-B/BL,SPEAKER ADVANCE H23A BLACK-BLUE,YAXUAN??,LOCAL,DISCONTINUE ????,INFO DARI SUPPLIER 14-10-2023"
"4.SPK.ADL-YX-H23A-B/GL,SPEAKER ADVANCE H23A BLACK-GOLD,YAXUAN??,LOCAL,DISCONTINUE ????,INFO DARI SUPPLIER 14-10-2023"
"4.SPK.ADL-YX-H23A-B/R,SPEAKER ADVANCE H23A BLACK-RED,YAXUAN??,LOCAL,DISCONTINUE ????,INFO DARI SUPPLIER 14-10-2023"
"4.SPK.ADL-YX-H23A-R/GL,SPEAKER ADVANCE H23A RED-GOLD,YAXUAN??,LOCAL,DISCONTINUE ????,INFO DARI SUPPLIER 14-10-2023"
"4.SPK.ADL-YX-H23A-R/R,SPEAKER ADVANCE H23A RED-RED,YAXUAN??,LOCAL,DISCONTINUE ????,INFO DARI SUPPLIER 14-10-2023"
"4.SPK.ADL-YX-H23A-S/BL,SPEAKER ADVANCE H23A SILVER-BLUE,YAXUAN??,LOCAL,DISCONTINUE ????,INFO DARI SUPPLIER 14-10-2023"
"4.SPK.ADL-YX-H24A-BLACK,SPEAKER ADVANCE H24A BLACK,YAXUAN??,LOCAL,DISCONTINUE ????,INFO DARI SUPPLIER 14-10-2023"
"4.SPK.ADL-YX-H24A-BLUE,SPEAKER ADVANCE H24A BLUE,YAXUAN??,LOCAL,DISCONTINUE ????,INFO DARI SUPPLIER 14-10-2023"
"4.SPK.ADL-YX-H24A-BT-B,SPEAKER ADVANCE H24A BT BLACK,YAXUAN??,LOCAL,DISCONTINUE ????,INFO DARI SUPPLIER 14-10-2023"
"4.SPK.ADL-YX-H24A-BT-BL,SPEAKER ADVANCE H24A BT BLUE,YAXUAN??,LOCAL,DISCONTINUE ????,INFO DARI SUPPLIER 14-10-2023"
"4.SPK.ADL-YX-H24A-BT-GRAY,SPEAKER ADVANCE H24A BT GRAY,YAXUAN??,LOCAL,DISCONTINUE ????,INFO DARI SUPPLIER 14-10-2023"
"4.SPK.ADL-YX-H24A-BT-R,SPEAKER ADVANCE H24A BT RED,YAXUAN??,LOCAL,DISCONTINUE ????,INFO DARI SUPPLIER 14-10-2023"
"4.SPK.ADL-YX-H24A-N-B,SPEAKER ADVANCE H24A N BLACK,YAXUAN??,LOCAL,DISCONTINUE ????,INFO DARI SUPPLIER 14-10-2023"
"4.SPK.ADL-YX-H24A-N-BL,SPEAKER ADVANCE H24A N BLUE,YAXUAN??,LOCAL,DISCONTINUE ????,INFO DARI MR LI 20-12-2025"
"4.SPK.ADL-YX-H24A-N-R,SPEAKER ADVANCE H24A N RED,YAXUAN??,LOCAL,DISCONTINUE ????,INFO DARI SUPPLIER 14-10-2023"
"4.SPK.ADL-YX-H24A-RED,SPEAKER ADVANCE H24A RED,YAXUAN??,LOCAL,DISCONTINUE ????,INFO DARI SUPPLIER 14-10-2023"
"4.SPK.ADL-YX-H24B-BL,SPEAKER ADVANCE H24B BLUE,YAXUAN??,LOCAL,DISCONTINUE ????,INFO DARI SUPPLIER 14-10-2023"
"4.SPK.ADL-YX-H24B-BLACK,SPEAKER ADVANCE H24B BLACK,YAXUAN??,LOCAL,DISCONTINUE ????,INFO DARI SUPPLIER 14-10-2023"
"4.SPK.ADL-YX-H24BBT-BL,SPEAKER ADVANCE H24B BT BLUE,YAXUAN??,LOCAL,DISCONTINUE ????,INFO DARI SUPPLIER 14-10-2023"
"4.SPK.ADL-YX-H24BBT-BLACK,SPEAKER ADVANCE H24B BT BLACK,YAXUAN??,LOCAL,DISCONTINUE ????,INFO DARI SUPPLIER 14-10-2023"
"4.SPK.ADL-YX-H24BBT-R,SPEAKER ADVANCE H24B BT RED,YAXUAN??,LOCAL,DISCONTINUE ????,INFO DARI SUPPLIER 14-10-2023"
"4.SPK.ADL-YX-H24BBT-V2-B,SPEAKER ADVANCE H24BBT BLACK,YAXUAN??,LOCAL,DISCONTINUE ????,INFO DARI SUPPLIER 14-08-2024"
"4.SPK.ADL-YX-H24BBT-V2-BL,SPEAKER ADVANCE H24BBT BLUE,YAXUAN??,LOCAL,DISCONTINUE ????,INFO DARI SUPPLIER 14-08-2024"
"4.SPK.ADL-YX-H24BBT-V2-GR,SPEAKER ADVANCE H24BBT GREY,YAXUAN??,LOCAL,DISCONTINUE ????,INFO DARI SUPPLIER 14-08-2024"
"4.SPK.ADL-YX-H24BBT-V2-R,SPEAKER ADVANCE H24BBT RED,YAXUAN??,LOCAL,DISCONTINUE ????,INFO DARI SUPPLIER 14-08-2024"
"4.SPK.ADL-YX-H24B-RED,SPEAKER ADVANCE H24B RED,YAXUAN??,LOCAL,DISCONTINUE ????,INFO DARI SUPPLIER 14-10-2023"
"4.SPK.ADL-YX-H25B-BL,SPEAKER ADVANCE H25B BLUE,YAXUAN??,LOCAL,DISCONTINUE ????,INFO DARI SUPPLIER 14-10-2023"
"4.SPK.ADL-YX-H25B-BLACK,SPEAKER ADVANCE H25B BLACK,YAXUAN??,LOCAL,DISCONTINUE ????,INFO DARI SUPPLIER 14-10-2023"
"4.SPK.ADL-YX-H25B-BT-B,SPEAKER ADVANCE H25B-BT BLACK,YAXUAN??,LOCAL,DISCONTINUE ????,INFO DARI SUPPLIER 14-10-2023"
"4.SPK.ADL-YX-H25B-BT-BL,SPEAKER ADVANCE H25B-BT BLUE,YAXUAN??,LOCAL,DISCONTINUE ????,INFO DARI SUPPLIER 14-10-2023"
"4.SPK.ADL-YX-H25B-BT-R,SPEAKER ADVANCE H25B-BT RED,YAXUAN??,LOCAL,DISCONTINUE ????,INFO DARI SUPPLIER 14-10-2023"
"4.SPK.ADL-YX-H25B-GR,SPEAKER ADVANCE H25B GRAY,YAXUAN??,LOCAL,DISCONTINUE ????,INFO DARI SUPPLIER 14-10-2023"
"4.SPK.ADL-YX-H25B-R,SPEAKER ADVANCE H25B RED,YAXUAN??,LOCAL,DISCONTINUE ????,INFO DARI SUPPLIER 14-10-2023"
"4.SPK.ADL-YX-H334-B,SPEAKER ADVANCE H334 BLACK,YAXUAN??,LOCAL,DISCONTINUE ????,INFO DARI SUPPLIER 14-10-2023"
"4.SPK.ADL-YX-H334-BL,SPEAKER ADVANCE H334 BLUE,YAXUAN??,LOCAL,DISCONTINUE ????,INFO DARI SUPPLIER 14-10-2023"
"4.SPK.ADL-YX-H334-R,SPEAKER ADVANCE H334 RED,YAXUAN??,LOCAL,DISCONTINUE ????,INFO DARI SUPPLIER 14-10-2023"
"4.SPK.ADL-YX-H401-BL,SPEAKER ADVANCE H401 BLUE,YAXUAN??,LOCAL,DISCONTINUE ????,INFO DARI SUPPLIER 14-10-2023"
"4.SPK.ADL-YX-H401-G,SPEAKER ADVANCE H401 GREEN,YAXUAN??,LOCAL,DISCONTINUE ????,INFO DARI SUPPLIER 14-10-2023"
"4.SPK.ADL-YX-H401-O,SPEAKER ADVANCE H401 ORANGE,YAXUAN??,LOCAL,DISCONTINUE ????,INFO DARI SUPPLIER 14-10-2023"
"4.SPK.ADL-YX-H401-R,SPEAKER ADVANCE H401 RED,YAXUAN??,LOCAL,DISCONTINUE ????,INFO DARI SUPPLIER 14-10-2023"
"4.SPK.ADL-YX-H601-BL,SPEAKER ADVANCE H601 BLUE,YAXUAN??,LOCAL,DISCONTINUE ????,INFO DARI SUPPLIER 14-10-2023"
"4.SPK.ADL-YX-H601-BLUE,SPEAKER ADVANCE H601 BLUE,YAXUAN??,LOCAL,DISCONTINUE ????,INFO DARI SUPPLIER 14-10-2023"
"4.SPK.ADL-YX-H601-R,SPEAKER ADVANCE H601 RED,YAXUAN??,LOCAL,DISCONTINUE ????,INFO DARI SUPPLIER 14-10-2023"
"4.SPK.ADL-YX-H601-RED,SPEAKER ADVANCE H601 RED,YAXUAN??,LOCAL,DISCONTINUE ????,INFO DARI SUPPLIER 14-10-2023"
"4.SPK.ADL-YX-H602,SPEAKER ADVANCE H602,YAXUAN??,LOCAL,DISCONTINUE ????,INFO DARI SUPPLIER 14-10-2023"
"4.SPK.ADL-YX-H603-BL,SPEAKER ADVANCE H603 BLUE,YAXUAN??,LOCAL,DISCONTINUE ????,INFO DARI SUPPLIER 14-10-2023"
"4.SPK.ADL-YX-H603-R,SPEAKER ADVANCE H603 RED,YAXUAN??,LOCAL,DISCONTINUE ????,INFO DARI SUPPLIER 14-10-2023"
"4.SPK.ADL-YX-H603-S,SPEAKER ADVANCE H603 SILVER,YAXUAN??,LOCAL,DISCONTINUE ????,INFO DARI SUPPLIER 14-10-2023"
"4.SPK.ADL-YX-H603-V2-BL,SPEAKER ADVANCE H603 MIC WIRELESS BLUE,YAXUAN??,LOCAL,DISCONTINUE ????,INFO DARI SUPPLIER 14-10-2023"
"4.SPK.ADL-YX-H603-V2-S,SPEAKER ADVANCE H603 MIC WIRELESS SILVER,YAXUAN??,LOCAL,DISCONTINUE ????,INFO DARI SUPPLIER 14-10-2023"
"4.SPK.ADL-YX-H801,SPEAKER ADVANCE H801,YAXUAN??,LOCAL,DISCONTINUE ????,INFO DARI SUPPLIER 14-10-2023"
"4.SPK.ADL-YX-H801N,SPEAKER ADVANCE H801N,YAXUAN??,LOCAL,DISCONTINUE ????,INFO DARI MR LI 20-12-2025"
"4.SPK.ADL-YX-H801N-ON,SPEAKER ADVANCE H801N ( 1 MIC ) (ON),YAXUAN??,LOCAL,CONTINUE ????,0"
"4.SPK.ADL-YX-H801N-V2,SPEAKER ADVANCE H801N MIC WIRELESS,YAXUAN??,LOCAL,DISCONTINUE ????,INFO DARI MR LI 20-12-2025"
"4.SPK.ADL-YX-H802,SPEAKER ADVANCE H802 BLACK,YAXUAN??,LOCAL,DISCONTINUE ????,INFO DARI SUPPLIER 14-10-2023"
"4.SPK.ADL-YX-K1001,SPEAKER ADVANCE K1001,YAXUAN??,LOCAL,DISCONTINUE ????,INFO DARI SUPPLIER 14-10-2023"
"4.SPK.ADL-YX-K1201,SPEAKER ADVANCE K1201 BLACK,YAXUAN??,LOCAL,DISCONTINUE ????,INFO DARI MR LI 20-12-2025"
"4.SPK.ADL-YX-K1201-2MIC,SPEAKER ADVANCE K1201 BLACK 2 MIC,YAXUAN??,LOCAL,CONTINUE ????,0"
"4.SPK.ADL-YX-K1201-2MIC-ON,SPEAKER ADVANCE K1201 BLACK 2 MIC (ON),YAXUAN??,LOCAL,CONTINUE ????,0"
"4.SPK.ADL-YX-K1207,SPEAKER ADVANCE K1207,YAXUAN??,LOCAL,DISCONTINUE ????,INFO DARI SUPPLIER 22-12-2025"
"4.SPK.ADL-YX-K1212-F,SPEAKER ADVANCE K1212-F,YAXUAN??,LOCAL,CONTINUE ????,0"
"4.SPK.ADL-YX-K1212T,SPEAKER ADVANCE K1212T,YAXUAN??,LOCAL,DISCONTINUE ????,INFO DARI MR HANKE 20-06-2026"
"4.SPK.ADL-YX-K1501,SPEAKER ADVANCE K1501,YAXUAN??,LOCAL,DISCONTINUE ????,INFO DARI MR LI 20-12-2025"
"4.SPK.ADL-YX-K1501-2MIC,SPEAKER ADVANCE K1501 2 MIC,YAXUAN??,LOCAL,CONTINUE ????,0"
"4.SPK.ADL-YX-K1501-2MIC-ON,SPEAKER ADVANCE K1501 2 MIC (ON),YAXUAN??,LOCAL,CONTINUE ????,0"
"4.SPK.ADL-YX-K1501-V2-2MIC,SPEAKER ADVANCE K1501 2 MIC,YAXUAN??,LOCAL,CONTINUE ????,0"
"4.SPK.ADL-YX-K1501-V3-2MIC,SPEAKER ADVANCE K1501 2 MIC,YAXUAN??,LOCAL,CONTINUE ????,0"
"4.SPK.ADL-YX-K1507,SPEAKER ADVANCE K1507,YAXUAN??,LOCAL,CONTINUE ????,0"
"4.SPK.ADL-YX-K1508,SPEAKER ADVANCE K1508,YAXUAN??,LOCAL,CONTINUE ????,0"
"4.SPK.ADL-YX-K1508A,SPEAKER ADVANCE K1508A,YAXUAN??,LOCAL,CONTINUE ????,0"
"4.SPK.ADL-YX-K1509,SPEAKER ADVANCE K-1509,YAXUAN??,LOCAL,CONTINUE ????,0"
"4.SPK.ADL-YX-K1509-ON,SPEAKER ADVANCE K-1509 (ON),YAXUAN??,LOCAL,CONTINUE ????,0"
"4.SPK.ADL-YX-K1512C,SPEAKER ADVANCE K1512-C,YAXUAN??,LOCAL,DISCONTINUE ????,INFO SUPPLIER 09-07-2026"
"4.SPK.ADL-YX-K1531-2MIC,SPEAKER ADVANCE K1531 2 MIC,YAXUAN??,LOCAL,CONTINUE ????,0"
"4.SPK.ADL-YX-K1812A,SPEAKER ADVANCE K1812-A,YAXUAN??,LOCAL,CONTINUE ????,0"
"4.SPK.ADL-YX-K65A-B,SPEAKER ADVANCE K65A BLACK,YAXUAN??,LOCAL,DISCONTINUE ????,INFO DARI SUPPLIER 14-08-2024"
"4.SPK.ADL-YX-K65A-BL,SPEAKER ADVANCE K65A BLUE,YAXUAN??,LOCAL,DISCONTINUE ????,INFO DARI SUPPLIER 14-08-2024"
"4.SPK.ADL-YX-K65A-BR-BROWN,SPEAKER ADVANCE K65A BROWN,YAXUAN??,LOCAL,DISCONTINUE ????,INFO DARI SUPPLIER 14-08-2024"
"4.SPK.ADL-YX-K65A-GL,SPEAKER ADVANCE K65A GOLD,YAXUAN??,LOCAL,DISCONTINUE ????,INFO DARI SUPPLIER 14-08-2024"
"4.SPK.ADL-YX-K65A-R,SPEAKER ADVANCE K65A RED,YAXUAN??,LOCAL,DISCONTINUE ????,INFO DARI SUPPLIER 14-08-2024"
"4.SPK.ADL-YX-K6D,SPEAKER ADVANCE K6D,YAXUAN??,LOCAL,DISCONTINUE ????,INFO DARI MR LI 20-12-2025"
"4.SPK.ADL-YX-K881,SPEAKER ADVANCE K881,YAXUAN??,LOCAL,DISCONTINUE ????,INFO DARI MR LI 20-12-2025"
"4.SPK.ADL-YX-K881-V3,SPEAKER ADVANCE K881,YAXUAN??,LOCAL,DISCONTINUE ????,INFO DARI MR LI 20-12-2025"
"4.SPK.ADL-YX-K881-V3-2MIC,SPEAKER ADVANCE K881 (2 MIC),YAXUAN??,LOCAL,DISCONTINUE ????,INFO DARI MR HANKE 20-06-2026"
"4.SPK.ADL-YX-K882,SPEAKER ADVANCE K882,YAXUAN??,LOCAL,DISCONTINUE ????,INFO DARI MR LI 20-12-2025"
"4.SPK.ADL-YX-K885,SPEAKER ADVANCE K885,YAXUAN??,LOCAL,CONTINUE ????,0"
"4.SPK.ADL-YX-K885-ON,SPEAKER ADVANCE K885 ONLINE,YAXUAN??,LOCAL,CONTINUE ????,0"
"4.SPK.ADL-YX-K885-V2,SPEAKER ADVANCE K885,YAXUAN??,LOCAL,CONTINUE ????,0"
"4.SPK.ADL-YX-K886,SPEAKER ADVANCE K886,YAXUAN??,LOCAL,CONTINUE ????,0"
"4.SPK.ADL-YX-K8A-B,SPEAKER ADVANCE K8A BLACK,YAXUAN??,LOCAL,DISCONTINUE ????,INFO DARI SUPPLIER 14-10-2023"
"4.SPK.ADL-YX-K8A-BL,SPEAKER ADVANCE K8A BLUE,YAXUAN??,LOCAL,DISCONTINUE ????,INFO DARI SUPPLIER 14-10-2023"
"4.SPK.ADL-YX-K8A-BROWN,SPEAKER ADVANCE K8A BROWN,YAXUAN??,LOCAL,DISCONTINUE ????,INFO DARI SUPPLIER 14-10-2023"
"4.SPK.ADL-YX-K8A-RED,SPEAKER ADVANCE K8A RED,YAXUAN??,LOCAL,DISCONTINUE ????,INFO DARI SUPPLIER 14-10-2023"
"4.SPK.ADL-YX-K8B-B,SPEAKER ADVANCE K8B BLACK,YAXUAN??,LOCAL,DISCONTINUE ????,INFO DARI SUPPLIER 14-10-2023"
"4.SPK.ADL-YX-K8B-V2,SPEAKER ADVANCE K8B BLACK,YAXUAN??,LOCAL,DISCONTINUE ????,INFO DARI SUPPLIER 14-10-2023"
"4.SPK.ADL-YX-K8B-V3,SPEAKER ADVANCE K8B BLACK,YAXUAN??,LOCAL,DISCONTINUE ????,INFO DARI SUPPLIER 14-10-2023"
"4.SPK.ADL-YX-K8D,SPEAKER ADVANCE K8D 2 MIC,YAXUAN??,LOCAL,DISCONTINUE ????,INFO DARI MR LI 20-12-2025"
"4.SPK.ADL-YX-KK1600,SPEAKER ADVANCE KK-1600,YAXUAN??,LOCAL,CONTINUE ????,0"
"4.SPK.ADL-YX-KL-12B,SPEAKER ADVANCE VIDEO KARAOKE KL-12-B,YAXUAN??,LOCAL,DISCONTINUE ????,INFO DARI PAK MUKRI 11-02-2025"
"4.SPK.ADL-YX-KL15B,SPEAKER ADVANCE VIDEO KARAOKE KL-15-B,YAXUAN??,LOCAL,DISCONTINUE ????,INFO DARI PAK MUKRI 11-02-2025"
"4.SPK.ADL-YX-KS1221,SPEAKER ADVANCE KS-1221,YAXUAN??,LOCAL,DISCONTINUE ????,INFO DARI MR LI 20-12-2025"
"4.SPK.ADL-YX-KS1221-2MIC,SPEAKER ADVANCE KS-1221 (2MIC),YAXUAN??,LOCAL,CONTINUE ????,0"
"4.SPK.ADL-YX-KS1221-2MIC-ON,SPEAKER ADVANCE KS-1221 (2MIC) (ON),YAXUAN??,LOCAL,CONTINUE ????,0"
"4.SPK.ADL-YX-KS2612,SPEAKER ADVANCE KS-2612,YAXUAN??,LOCAL,CONTINUE ????,0"
"4.SPK.ADL-YX-KS2612-ON,SPEAKER ADVANCE KS-2612 (ON),YAXUAN??,LOCAL,CONTINUE ????,0"
"4.SPK.ADL-YX-KS2613,SPEAKER ADVANCE KS-2613,YAXUAN??,LOCAL,CONTINUE ????,0"
"4.SPK.ADL-YX-KS2613-ON,SPEAKER ADVANCE KS-2613 (ON),YAXUAN??,LOCAL,CONTINUE ????,0"
"4.SPK.ADL-YX-KS612,SPEAKER ADVANCE KS-612,YAXUAN??,LOCAL,CONTINUE ????,0"
"4.SPK.ADL-YX-KS612-ON,SPEAKER ADVANCE KS-612 (ON),YAXUAN??,LOCAL,CONTINUE ????,0"
"4.SPK.ADL-YX-KS613-O,SPEAKER ADVANCE KS-613 ORANGE,YAXUAN??,LOCAL,DISCONTINUE ????,INFO DARI MR LI 20-12-2025"
"4.SPK.ADL-YX-KS614-R,SPEAKER ADVANCE KS-614 RED,YAXUAN??,LOCAL,DISCONTINUE ????,INFO DARI MR LI 20-12-2025"
"4.SPK.ADL-YX-KS615,SPEAKER ADVANCE KS-615,YAXUAN??,LOCAL,CONTINUE ????,0"
"4.SPK.ADL-YX-KS615-ON,SPEAKER ADVANCE KS-615 (ON),YAXUAN??,LOCAL,CONTINUE ????,0"
"4.SPK.ADL-YX-KS821,SPEAKER ADVANCE KS-821,YAXUAN??,LOCAL,DISCONTINUE ????,INFO DARI MR LI 20-12-2025"
"4.SPK.ADL-YX-KS821-2MIC,SPEAKER ADVANCE KS-821 (2 MIC),YAXUAN??,LOCAL,CONTINUE ????,0"
"4.SPK.ADL-YX-KS821-2MIC-ON,SPEAKER ADVANCE KS-821 (2 MIC) (ON),YAXUAN??,LOCAL,CONTINUE ????,0"
"4.SPK.ADL-YX-M080,SPEAKER ADVANCE M080,YAXUAN??,LOCAL,DISCONTINUE ????,INFO DARI SUPPLIER 14-08-2024"
"4.SPK.ADL-YX-M080-BL,SPEAKER ADVANCE M080 BLUE,YAXUAN??,LOCAL,DISCONTINUE ????,INFO DARI MR LI 20-12-2025"
"4.SPK.ADL-YX-M10,SPEAKER ADVANCE M10,YAXUAN??,LOCAL,DISCONTINUE ????,INFO DARI SUPPLIER 14-08-2024"
"4.SPK.ADL-YX-M10BT,SPEAKER ADVANCE M10BT,YAXUAN??,LOCAL,CONTINUE ????,0"
"4.SPK.ADL-YX-M12BT,SPEAKER ADVANCE M12BT,YAXUAN??,LOCAL,CONTINUE ????,0"
"4.SPK.ADL-YX-M15BT,SPEAKER ADVANCE M15BT,YAXUAN??,LOCAL,CONTINUE ????,0"
"4.SPK.ADL-YX-M20BT,SPEAKER ADVANCE M20BT,YAXUAN??,LOCAL,DISCONTINUE ????,INFO DARI SUPPLIER 14-08-2024"
"4.SPK.ADL-YX-M20BT-V2,SPEAKER ADVANCE M20BT,YAXUAN??,LOCAL,DISCONTINUE ????,INFO DARI SUPPLIER 14-08-2024"
"4.SPK.ADL-YX-M25BT,SPEAKER ADVANCE M25BT,YAXUAN??,LOCAL,DISCONTINUE ????,INFO DARI SUPPLIER/MR TAO 20-05-2025"
"4.SPK.ADL-YX-M60BT,SPEAKER ADVANCE M60BT,YAXUAN??,LOCAL,DISCONTINUE ????,INFO DARI MR LI 20-12-2025"
"4.SPK.ADL-YX-M60BT-V3,SPEAKER ADVANCE M60BT,YAXUAN??,LOCAL,DISCONTINUE ????,INFO DARI MR LI 20-12-2025"
"4.SPK.ADL-YX-M8-BL,SPEAKER ADVANCE M8 BLUE,YAXUAN??,LOCAL,DISCONTINUE ????,INFO DARI SUPPLIER 14-10-2023"
"4.SPK.ADL-YX-M8-G,SPEAKER ADVANCE M8 GREEN,YAXUAN??,LOCAL,DISCONTINUE ????,INFO DARI SUPPLIER 14-10-2023"
"4.SPK.ADL-YX-M8-PR,SPEAKER ADVANCE M8 PURPLE,YAXUAN??,LOCAL,DISCONTINUE ????,INFO DARI SUPPLIER 14-10-2023"
"4.SPK.ADL-YX-M8-R,SPEAKER ADVANCE M8 RED,YAXUAN??,LOCAL,DISCONTINUE ????,INFO DARI SUPPLIER 14-10-2023"
"4.SPK.ADL-YX-S120,SPEAKER ADVANCE S-120,YAXUAN??,LOCAL,DISCONTINUE ????,INFO DARI MR LI 20-12-2025"
"4.SPK.ADL-YX-S120-2MIC,SPEAKER ADVANCE S-120 (2 MIC),YAXUAN??,LOCAL,CONTINUE ????,0"
"4.SPK.ADL-YX-S30-BL,SPEAKER ADVANCE S30 BLUE,YAXUAN??,LOCAL,DISCONTINUE ????,INFO DARI MR LI 20-12-2025"
"4.SPK.ADL-YX-S30-R,SPEAKER ADVANCE S30 RED,YAXUAN??,LOCAL,DISCONTINUE ????,INFO DARI MR LI 20-12-2025"
"4.SPK.ADL-YX-S30-V2-BL,SPEAKER ADVANCE S30 BLUE MIC,YAXUAN??,LOCAL,DISCONTINUE ????,INFO DARI SUPPLIER 09-07-2026"
"4.SPK.ADL-YX-S30-V2-R,SPEAKER ADVANCE S30 RED MIC,YAXUAN??,LOCAL,DISCONTINUE ????,INFO DARI MR HANKE 20-06-2026"
"4.SPK.ADL-YX-S31-BL,SPEAKER ADVANCE S31 BLUE,YAXUAN??,LOCAL,DISCONTINUE ????,INFO DARI MR. LI 22-06-2024"
"4.SPK.ADL-YX-S31-R,SPEAKER ADVANCE S31 RED,YAXUAN??,LOCAL,DISCONTINUE ????,INFO DARI MR. LI 22-06-2024"
"4.SPK.ADL-YX-S40-V2-O,SPEAKER ADVANCE S-40 ORANGE MIC,YAXUAN??,LOCAL,DISCONTINUE ????,INFO DARI MR. LI 21-06-2024"
"4.SPK.ADL-YX-S50-B,SPEAKER ADVANCE S-50 BLACK,YAXUAN??,LOCAL,DISCONTINUE ????,INFO DARI MR LI 20-12-2025"
"4.SPK.ADL-YX-S50-V2-B,SPEAKER ADVANCE S-50 V.2 BLACK (ON),YAXUAN??,LOCAL,CONTINUE ????,0"
"4.SPK.ADL-YX-S53,SPEAKER ADVANCE S-53,YAXUAN??,LOCAL,DISCONTINUE ????,INFO DARI SUPPLIER 09-07-2026"
"4.SPK.ADL-YX-T101BT,SPEAKER ADVANCE T-101BT,YAXUAN??,LOCAL,CONTINUE ????,0"
"4.SPK.ADL-YX-T102BT,SPEAKER ADVANCE T-102BT,YAXUAN??,LOCAL,CONTINUE ????,0"
"4.SPK.ADL-YX-T103BT,SPEAKER ADVANCE T-103BT,YAXUAN??,LOCAL,DISCONTINUE ????,INFO DARI MR LI 20-12-2025"
"4.SPK.ADL-YX-T103BT-PRO,SPEAKER ADVANCE T-103BT PRO 1 MIC,YAXUAN??,LOCAL,CONTINUE ????,0"
"4.SPK.ADL-YX-T103BT-PRO-2MIC,SPEAKER ADVANCE T-103BT PRO 2 MIC,YAXUAN??,LOCAL,CONTINUE ????,0"
"4.SPK.ADL-YX-T103BT-V2,SPEAKER ADVANCE T-103BT,YAXUAN??,LOCAL,CONTINUE ????,0"
"4.SPK.ADL-YX-T104,SPEAKER ADVANCE T-104,YAXUAN??,LOCAL,DISCONTINUE ????,INFO DARI SUPPLIER 07-10-2023"
"4.SPK.ADL-YX-T104BT,SPEAKER ADVANCE T-104BT,YAXUAN??,LOCAL,DISCONTINUE ????,INFO DARI MR LI 20-12-2025"
"4.SPK.ADL-YX-T104BT-PRO,SPEAKER ADVANCE T-104BT PRO 1 MIC,YAXUAN??,LOCAL,CONTINUE ????,0"
"4.SPK.ADL-YX-T104BT-PRO-2MIC,SPEAKER ADVANCE T-104BT PRO 2 MIC,YAXUAN??,LOCAL,CONTINUE ????,0"
"4.SPK.ADL-YX-T104BT-V0,SPEAKER ADVANCE T-104BT,YAXUAN??,LOCAL,DISCONTINUE ????,INFO DARI MR LI 20-12-2025"
"4.SPK.ADL-YX-T104BT-V2,SPEAKER ADVANCE T-104BT,YAXUAN??,LOCAL,CONTINUE ????,0"
"4.SPK.ADL-YX-T105BT,SPEAKER ADVANCE T-105BT,YAXUAN??,LOCAL,DISCONTINUE ????,INFO DARI MR LI 20-12-2025"
"4.SPK.ADL-YX-T105BT-PRO,SPEAKER ADVANCE T-105BT PRO 1 MIC,YAXUAN??,LOCAL,CONTINUE ????,0"
"4.SPK.ADL-YX-T105BT-V2,SPEAKER ADVANCE T-105BT,YAXUAN??,LOCAL,CONTINUE ????,0"
"4.SPK.ADL-YX-TP200-BLACK,SPEAKER ADVANCE TP-200 BLACK,YAXUAN??,LOCAL,DISCONTINUE ????,INFO DARI SUPPLIER 14-08-2024"
"4.SPK.ADL-YX-TP200-BLUE,SPEAKER ADVANCE TP-200 BLUE,YAXUAN??,LOCAL,DISCONTINUE ????,INFO DARI SUPPLIER 14-08-2024"
"4.SPK.ADL-YX-TP200-BROWN,SPEAKER ADVANCE TP-200 BROWN,YAXUAN??,LOCAL,DISCONTINUE ????,INFO DARI SUPPLIER 14-08-2024"
"4.SPK.ADL-YX-TP200-BT-B,SPEAKER ADVANCE TP-200BT BLACK,YAXUAN??,LOCAL,DISCONTINUE ????,INFO DARI SUPPLIER 14-08-2024"
"4.SPK.ADL-YX-TP200-BT-BL,SPEAKER ADVANCE TP-200BT BLUE,YAXUAN??,LOCAL,DISCONTINUE ????,INFO DARI SUPPLIER 14-08-2024"
"4.SPK.ADL-YX-TP200-BT-BR,SPEAKER ADVANCE TP-200BT BROWN,YAXUAN??,LOCAL,DISCONTINUE ????,INFO DARI SUPPLIER 14-08-2024"
"4.SPK.ADL-YX-TP200-BT-G,SPEAKER ADVANCE TP-200BT GREEN,YAXUAN??,LOCAL,DISCONTINUE ????,INFO DARI SUPPLIER 14-08-2024"
"4.SPK.ADL-YX-TP200-BT-GR,SPEAKER ADVANCE TP-200BT GRAY,YAXUAN??,LOCAL,DISCONTINUE ????,INFO DARI SUPPLIER 14-08-2024"
"4.SPK.ADL-YX-TP200-GREEN,SPEAKER ADVANCE TP-200 GREEN,YAXUAN??,LOCAL,DISCONTINUE ????,INFO DARI SUPPLIER 14-08-2024"
"4.SPK.ADL-YX-TP200-N-B,SPEAKER ADVANCE TP-200N BLUE,YAXUAN??,LOCAL,DISCONTINUE ????,INFO DARI SUPPLIER 14-08-2024"
"4.SPK.ADL-YX-TP200-N-BLACK,SPEAKER ADVANCE TP-200N BLACK,YAXUAN??,LOCAL,DISCONTINUE ????,INFO DARI SUPPLIER 14-08-2024"
"4.SPK.ADL-YX-TP200-N-BR,SPEAKER ADVANCE TP-200N BROWN,YAXUAN??,LOCAL,DISCONTINUE ????,INFO DARI SUPPLIER 14-08-2024"
"4.SPK.ADL-YX-TP200-N-G,SPEAKER ADVANCE TP-200N GREEN,YAXUAN??,LOCAL,DISCONTINUE ????,INFO DARI SUPPLIER 14-08-2024"
"4.SPK.ADL-YX-TP200-N-GRAY,SPEAKER ADVANCE TP-200N GRAY,YAXUAN??,LOCAL,DISCONTINUE ????,INFO DARI SUPPLIER 14-08-2024"
"4.SPK.ADL-YX-TP333-BATIK A,SPEAKER ADVANCE TP-333 BATIK A,YAXUAN??,LOCAL,DISCONTINUE ????,INFO DARI MR LI 20-12-2025"
"4.SPK.ADL-YX-TP333-BATIK B,SPEAKER ADVANCE TP-333 BATIK B,YAXUAN??,LOCAL,DISCONTINUE ????,INFO DARI MR LI 20-12-2025"
"4.SPK.ADL-YX-TP333-BATIK C,SPEAKER ADVANCE TP-333 BATIK C,YAXUAN??,LOCAL,DISCONTINUE ????,INFO DARI MR LI 20-12-2025"
"4.SPK.ADL-YX-TP333-BATIK D,SPEAKER ADVANCE TP-333 BATIK D,YAXUAN??,LOCAL,DISCONTINUE ????,INFO DARI MR LI 20-12-2025"
"4.SPK.ADL-YX-TP333-BATIK E,SPEAKER ADVANCE TP-333 BATIK E,YAXUAN??,LOCAL,DISCONTINUE ????,INFO DARI SUPPLIER 14-10-2023"
"4.SPK.ADL-YX-TP333-BL,SPEAKER ADVANCE TP-333 BLUE,YAXUAN??,LOCAL,DISCONTINUE ????,INFO DARI SUPPLIER 14-10-2023"
"4.SPK.ADL-YX-TP333-BR,SPEAKER ADVANCE TP-333 BROWN,YAXUAN??,LOCAL,DISCONTINUE ????,INFO DARI SUPPLIER 14-10-2023"
"4.SPK.ADL-YX-TP333-G,SPEAKER ADVANCE TP-333 GREEN,YAXUAN??,LOCAL,DISCONTINUE ????,INFO DARI SUPPLIER 14-10-2023"
"4.SPK.ADL-YX-TP333-GR,SPEAKER ADVANCE TP-333 GRAY,YAXUAN??,LOCAL,DISCONTINUE ????,INFO DARI SUPPLIER 14-10-2023"
"4.SPK.ADL-YX-TP333-R,SPEAKER ADVANCE TP-333 RED,YAXUAN??,LOCAL,DISCONTINUE ????,INFO DARI SUPPLIER 14-10-2023"
"4.SPK.ADL-YX-TP600-B,SPEAKER ADVANCE TP-600 BLACK,YAXUAN??,LOCAL,DISCONTINUE ????,INFO DARI SUPPLIER 14-08-2024"
"4.SPK.ADL-YX-TP600-BL,SPEAKER ADVANCE TP-600 BLUE,YAXUAN??,LOCAL,DISCONTINUE ????,INFO DARI SUPPLIER 14-08-2024"
"4.SPK.ADL-YX-TP600BT-B,SPEAKER ADVANCE TP-600BT BLACK,YAXUAN??,LOCAL,DISCONTINUE ????,INFO DARI MR LI 20-12-2025"
"4.SPK.ADL-YX-TP600BT-BATIK A,SPEAKER ADVANCE TP-600BT BATIK A,YAXUAN??,LOCAL,DISCONTINUE ????,INFO DARI MR LI 20-12-2025"
"4.SPK.ADL-YX-TP600BT-BATIK B,SPEAKER ADVANCE TP-600BT BATIK B,YAXUAN??,LOCAL,DISCONTINUE ????,INFO DARI MR LI 20-12-2025"
"4.SPK.ADL-YX-TP600BT-BATIK C,SPEAKER ADVANCE TP-600BT BATIK C,YAXUAN??,LOCAL,DISCONTINUE ????,INFO DARI MR LI 20-12-2025"
"4.SPK.ADL-YX-TP600BT-BATIK D,SPEAKER ADVANCE TP-600BT BATIK D,YAXUAN??,LOCAL,DISCONTINUE ????,INFO DARI MR LI 20-12-2025"
"4.SPK.ADL-YX-TP600BT-BATIK E,SPEAKER ADVANCE TP-600BT BATIK E,YAXUAN??,LOCAL,DISCONTINUE ????,INFO DARI MR LI 20-12-2025"
"4.SPK.ADL-YX-TP600BT-BL,SPEAKER ADVANCE TP-600BT BLUE,YAXUAN??,LOCAL,DISCONTINUE ????,INFO DARI MR LI 20-12-2025"
"4.SPK.ADL-YX-TP600BT-GR,SPEAKER ADVANCE TP-600BT GRAY,YAXUAN??,LOCAL,DISCONTINUE ????,INFO DARI MR LI 20-12-2025"
"4.SPK.ADL-YX-TP600BT-PR,SPEAKER ADVANCE TP-600BT PURPLE,YAXUAN??,LOCAL,DISCONTINUE ????,INFO DARI MR LI 20-12-2025"
"4.SPK.ADL-YX-TP600BT-R,SPEAKER ADVANCE TP-600BT RED,YAXUAN??,LOCAL,DISCONTINUE ????,INFO DARI MR LI 20-12-2025"
"4.SPK.ADL-YX-TP600BT-R-BATIK A,SPEAKER ADVANCE TP-600BT REMOTE BATIK A,YAXUAN??,LOCAL,DISCONTINUE ????,INFO DARI MR LI 20-12-2025"
"4.SPK.ADL-YX-TP600BT-R-BATIK B,SPEAKER ADVANCE TP-600BT REMOTE BATIK B,YAXUAN??,LOCAL,DISCONTINUE ????,INFO DARI MR LI 20-12-2025"
"4.SPK.ADL-YX-TP600BT-R-BATIK C,SPEAKER ADVANCE TP-600BT REMOTE BATIK C,YAXUAN??,LOCAL,DISCONTINUE ????,INFO DARI MR LI 20-12-2025"
"4.SPK.ADL-YX-TP600BT-R-BATIK D,SPEAKER ADVANCE TP-600BT REMOTE BATIK D,YAXUAN??,LOCAL,DISCONTINUE ????,INFO DARI MR LI 20-12-2025"
"4.SPK.ADL-YX-TP600BT-R-BATIK E,SPEAKER ADVANCE TP-600BT REMOTE BATIK E,YAXUAN??,LOCAL,DISCONTINUE ????,INFO DARI MR LI 20-12-2025"
"4.SPK.ADL-YX-TP600-GR,SPEAKER ADVANCE TP-600 GREY,YAXUAN??,LOCAL,DISCONTINUE ????,INFO DARI SUPPLIER 14-08-2024"
"4.SPK.ADL-YX-TP600N-B,SPEAKER ADVANCE TP-600N BLACK,YAXUAN??,LOCAL,DISCONTINUE ????,INFO DARI SUPPLIER 14-08-2024"
"4.SPK.ADL-YX-TP600N-BL,SPEAKER ADVANCE TP-600N BLUE,YAXUAN??,LOCAL,DISCONTINUE ????,INFO DARI SUPPLIER 14-08-2024"
"4.SPK.ADL-YX-TP600N-GR,SPEAKER ADVANCE TP-600N GRAY,YAXUAN??,LOCAL,DISCONTINUE ????,INFO DARI MR LI 20-12-2025"
"4.SPK.ADL-YX-TP600N-PR,SPEAKER ADVANCE TP-600N PURPLE,YAXUAN??,LOCAL,DISCONTINUE ????,INFO DARI MR LI 20-12-2025"
"4.SPK.ADL-YX-TP600N-R,SPEAKER ADVANCE TP-600N RED,YAXUAN??,LOCAL,DISCONTINUE ????,INFO DARI SUPPLIER 14-08-2024"
"4.SPK.ADL-YX-TP600-PR,SPEAKER ADVANCE TP-600 PURPLE,YAXUAN??,LOCAL,DISCONTINUE ????,INFO DARI SUPPLIER 14-08-2024"
"4.SPK.ADL-YX-TP600-R,SPEAKER ADVANCE TP-600 RED,YAXUAN??,LOCAL,DISCONTINUE ????,INFO DARI SUPPLIER 14-08-2024"
"4.SPK.ADL-YX-TP666,SPEAKER ADVANCE TP-666,YAXUAN??,LOCAL,DISCONTINUE ????,INFO DARI SUPPLIER 14-08-2024"
"4.SPK.ADL-YX-TP666-BT,SPEAKER ADVANCE TP-666BT GRAY,YAXUAN??,LOCAL,DISCONTINUE ????,INFO DARI SUPPLIER 14-08-2024"
"4.SPK.ADL-YX-TP700-B,SPEAKER ADVANCE TP-700 BLACK,YAXUAN??,LOCAL,DISCONTINUE ????,INFO DARI SUPPLIER 14-10-2023"
"4.SPK.ADL-YX-TP700-BL,SPEAKER ADVANCE TP-700 BLUE,YAXUAN??,LOCAL,DISCONTINUE ????,INFO DARI SUPPLIER 14-10-2023"
"4.SPK.ADL-YX-TP700-BR,SPEAKER ADVANCE TP-700 BROWN,YAXUAN??,LOCAL,DISCONTINUE ????,INFO DARI SUPPLIER 14-10-2023"
"4.SPK.ADL-YX-TP700-BT-BL,SPEAKER ADVANCE TP-700BT BLUE,YAXUAN??,LOCAL,DISCONTINUE ????,INFO DARI SUPPLIER 14-10-2023"
"4.SPK.ADL-YX-TP700-BT-BLACK,SPEAKER ADVANCE TP-700BT BLACK,YAXUAN??,LOCAL,DISCONTINUE ????,INFO DARI SUPPLIER 14-08-2024"
"4.SPK.ADL-YX-TP700-BT-BR,SPEAKER ADVANCE TP-700BT BROWN,YAXUAN??,LOCAL,DISCONTINUE ????,INFO DARI SUPPLIER 14-08-2024"
"4.SPK.ADL-YX-TP700-BT-G,SPEAKER ADVANCE TP-700BT GREEN,YAXUAN??,LOCAL,DISCONTINUE ????,INFO DARI SUPPLIER 14-08-2024"
"4.SPK.ADL-YX-TP700-G,SPEAKER ADVANCE TP-700 GREEN,YAXUAN??,LOCAL,DISCONTINUE ????,INFO DARI SUPPLIER 14-10-2023"
"4.SPK.ADL-YX-TP700-N-B,SPEAKER ADVANCE TP-700 N BLACK,YAXUAN??,LOCAL,DISCONTINUE ????,INFO DARI SUPPLIER 14-08-2024"
"4.SPK.ADL-YX-TP700-N-BL,SPEAKER ADVANCE TP-700 N BLUE,YAXUAN??,LOCAL,DISCONTINUE ????,INFO DARI SUPPLIER 14-08-2024"
"4.SPK.ADL-YX-TP700-N-BR,SPEAKER ADVANCE TP-700 N BROWN,YAXUAN??,LOCAL,DISCONTINUE ????,INFO DARI SUPPLIER 14-08-2024"
"4.SPK.ADL-YX-TP700-N-G,SPEAKER ADVANCE TP-700 N GREEN,YAXUAN??,LOCAL,DISCONTINUE ????,INFO DARI SUPPLIER 14-08-2024"
"4.SPK.ADL-YX-TP800,SPEAKER ADVANCE TP-800,YAXUAN??,LOCAL,DISCONTINUE ????,INFO DARI SUPPLIER 14-10-2023"
"4.SPK.ADL-YX-TP800-GREY,SPEAKER ADVANCE TP-800 GREY,YAXUAN??,LOCAL,DISCONTINUE ????,INFO DARI SUPPLIER 14-10-2023"
"4.SPK.ADL-YX-TP800N-BL,SPEAKER ADVANCE TP-800N BLUE,YAXUAN??,LOCAL,DISCONTINUE ????,INFO DARI SUPPLIER 14-08-2024"
"4.SPK.ADL-YX-TP800N-BLACK,SPEAKER ADVANCE TP-800N BLACK,YAXUAN??,LOCAL,DISCONTINUE ????,INFO DARI SUPPLIER 14-08-2024"
"4.SPK.ADL-YX-TP800N-BROWN,SPEAKER ADVANCE TP-800N BROWN,YAXUAN??,LOCAL,DISCONTINUE ????,INFO DARI SUPPLIER 14-08-2024"
"4.SPK.ADL-YX-TP800N-GREEN,SPEAKER ADVANCE TP-800N GREEN,YAXUAN??,LOCAL,DISCONTINUE ????,INFO DARI SUPPLIER 14-08-2024"
"4.SPK.ADL-YX-TP888,SPEAKER ADVANCE TP-888,YAXUAN??,LOCAL,DISCONTINUE ????,INFO DARI SUPPLIER 14-10-2023"
"4.SPK.ADL-YX-TP888-B,SPEAKER ADVANCE TP-888 BLACK,YAXUAN??,LOCAL,DISCONTINUE ????,INFO DARI SUPPLIER 14-10-2023"
"4.SPK.ADL-YX-TP888-BATIK A,SPEAKER ADVANCE TP-888 BATIK A,YAXUAN??,LOCAL,DISCONTINUE ????,INFO DARI SUPPLIER 14-10-2023"
"4.SPK.ADL-YX-TP888-BATIK B,SPEAKER ADVANCE TP-888 BATIK B,YAXUAN??,LOCAL,DISCONTINUE ????,INFO DARI SUPPLIER 14-10-2023"
"4.SPK.ADL-YX-TP888-BATIK C,SPEAKER ADVANCE TP-888 BATIK C,YAXUAN??,LOCAL,DISCONTINUE ????,INFO DARI SUPPLIER 14-10-2023"
"4.SPK.ADL-YX-TP888-BATIK D,SPEAKER ADVANCE TP-888 BATIK D,YAXUAN??,LOCAL,DISCONTINUE ????,INFO DARI MR LI 20-12-2025"
"4.SPK.ADL-YX-TP888-BATIK E,SPEAKER ADVANCE TP-888 BATIK E,YAXUAN??,LOCAL,DISCONTINUE ????,INFO DARI SUPPLIER 14-10-2023"
"4.SPK.ADL-YX-TP888-BL,SPEAKER ADVANCE TP-888 BLUE,YAXUAN??,LOCAL,DISCONTINUE ????,INFO DARI SUPPLIER 14-10-2023"
"4.SPK.ADL-YX-TP888-BROWN,SPEAKER ADVANCE TP-888 BROWN,YAXUAN??,LOCAL,DISCONTINUE ????,INFO DARI SUPPLIER 14-10-2023"
"4.SPK.ADL-YX-TP888-G,SPEAKER ADVANCE TP-888 GREEN,YAXUAN??,LOCAL,DISCONTINUE ????,INFO DARI SUPPLIER 14-10-2023"
"4.SPK.ADL-YX-TP888-R,SPEAKER ADVANCE TP-888 RED,YAXUAN??,LOCAL,DISCONTINUE ????,INFO DARI SUPPLIER 14-10-2023"
"4.SPK.ADL-YX-TP900,SPEAKER ADVANCE TP-900,YAXUAN??,LOCAL,DISCONTINUE ????,INFO DARI SUPPLIER 14-10-2023"
"4.SPK.ADL-YX-TP900-BLACK,SPEAKER ADVANCE TP-900 BLACK,YAXUAN??,LOCAL,DISCONTINUE ????,INFO DARI SUPPLIER 14-10-2023"
"4.SPK.ADL-YX-TP900-BLUE,SPEAKER ADVANCE TP-900 BLUE,YAXUAN??,LOCAL,DISCONTINUE ????,INFO DARI SUPPLIER 14-10-2023"
"4.SPK.ADL-YX-TP900-BROWN,SPEAKER ADVANCE TP-900 BROWN,YAXUAN??,LOCAL,DISCONTINUE ????,INFO DARI SUPPLIER 14-10-2023"
"4.SPK.ADL-YX-TP900BT-MIC,SPEAKER ADVANCE TP-900BT MIC,YAXUAN??,LOCAL,DISCONTINUE ????,INFO DARI SUPPLIER 14-08-2024"
"4.SPK.ADL-YX-TP900BT-MIC-B,SPEAKER ADVANCE TP-900BT MIC BLACK,YAXUAN??,LOCAL,DISCONTINUE ????,INFO DARI SUPPLIER 14-08-2024"
"4.SPK.ADL-YX-TP900BT-MIC-BL,SPEAKER ADVANCE TP-900BT MIC BLUE,YAXUAN??,LOCAL,DISCONTINUE ????,INFO DARI SUPPLIER 14-08-2024"
"4.SPK.ADL-YX-TP900BT-MIC-BR,SPEAKER ADVANCE TP-900BT MIC BROWN,YAXUAN??,LOCAL,DISCONTINUE ????,0"
"4.SPK.ADL-YX-TP900BT-MIC-G,SPEAKER ADVANCE TP-900BT MIC GREEN,YAXUAN??,LOCAL,DISCONTINUE ????,INFO DARI SUPPLIER 14-08-2024"
"4.SPK.ADL-YX-TP900BT-V0,SPEAKER ADVANCE TP-900BT,YAXUAN??,LOCAL,DISCONTINUE ????,INFO DARI SUPPLIER 14-10-2023"
"4.SPK.ADL-YX-TP900-GREEN,SPEAKER ADVANCE TP-900 GREEN,YAXUAN??,LOCAL,DISCONTINUE ????,INFO DARI SUPPLIER 14-10-2023"
"4.SPK.ADL-YX-TPONE,SPEAKER ADVANCE TP ONE,YAXUAN??,LOCAL,DISCONTINUE ????,INFO DARI SUPPLIER 14-08-2024"
"4.SPK.ADL-YX-TPONE- BT,SPEAKER ADVANCE TP ONE BT,YAXUAN??,LOCAL,DISCONTINUE ????,INFO DARI SUPPLIER 14-08-2024"
"4.SPK.ADL-YX-TPONE- BT-GRAY,SPEAKER ADVANCE TP ONE BT GRAY,YAXUAN??,LOCAL,DISCONTINUE ????,INFO DARI SUPPLIER 14-08-2024"
"4.SPK.ADL-YX-TPONE-BLACK,SPEAKER ADVANCE TP ONE BLACK,YAXUAN??,LOCAL,DISCONTINUE ????,INFO DARI SUPPLIER 14-08-2024"
"4.SPK.ADL-YX-TPONE-BLUE,SPEAKER ADVANCE TP ONE BLUE,YAXUAN??,LOCAL,DISCONTINUE ????,INFO DARI SUPPLIER 14-08-2024"
"4.SPK.ADL-YX-TPONE-BT-BLACK,SPEAKER ADVANCE TP ONE BT BLACK,YAXUAN??,LOCAL,DISCONTINUE ????,INFO DARI SUPPLIER 14-08-2024"
"4.SPK.ADL-YX-TPONE-BT-BLUE,SPEAKER ADVANCE TP ONE BT BLUE,YAXUAN??,LOCAL,DISCONTINUE ????,INFO DARI SUPPLIER 14-08-2024"
"4.SPK.ADL-YX-TPONE-BT-GREEN,SPEAKER ADVANCE TP ONE BT GREEN,YAXUAN??,LOCAL,DISCONTINUE ????,INFO DARI SUPPLIER 14-08-2024"
"4.SPK.ADL-YX-TPONE-GRAY,SPEAKER ADVANCE TP ONE GRAY,YAXUAN??,LOCAL,DISCONTINUE ????,INFO DARI SUPPLIER 14-08-2024"
"4.SPK.ADL-YX-TPONE-GREEN,SPEAKER ADVANCE TP ONE GREEN,YAXUAN??,LOCAL,DISCONTINUE ????,INFO DARI SUPPLIER 14-08-2024"
"4.SPK.ADL-YX-TPS,SPEAKER ADVANCE TP-S,YAXUAN??,LOCAL,DISCONTINUE ????,INFO DARI SUPPLIER 14-08-2024"
"4.SPK.ADL-YX-TPS-BLACK,SPEAKER ADVANCE TP-S BLACK,YAXUAN??,LOCAL,DISCONTINUE ????,INFO DARI SUPPLIER 14-08-2024"
"4.SPK.ADL-YX-TPS-BLUE,SPEAKER ADVANCE TP-S BLUE,YAXUAN??,LOCAL,DISCONTINUE ????,INFO DARI SUPPLIER 14-08-2024"
"4.SPK.ADL-YX-TPS-BT,SPEAKER ADVANCE TP-S BT,YAXUAN??,LOCAL,DISCONTINUE ????,INFO DARI SUPPLIER 14-08-2024"
"4.SPK.ADL-YX-TPS-BT-BLACK,SPEAKER ADVANCE TP-S BT BLACK,YAXUAN??,LOCAL,DISCONTINUE ????,INFO DARI SUPPLIER 14-08-2024"
"4.SPK.ADL-YX-TPS-BT-BLUE,SPEAKER ADVANCE TP-S BT BLUE,YAXUAN??,LOCAL,DISCONTINUE ????,INFO DARI SUPPLIER 14-08-2024"
"4.SPK.ADL-YX-TPS-BT-GRAY,SPEAKER ADVANCE TP-S BT GRAY,YAXUAN??,LOCAL,DISCONTINUE ????,INFO DARI SUPPLIER 14-08-2024"
"4.SPK.ADL-YX-TPS-BT-GREEN,SPEAKER ADVANCE TP-S BT GREEN,YAXUAN??,LOCAL,DISCONTINUE ????,INFO DARI SUPPLIER 14-08-2024"
"4.SPK.ADL-YX-TPS-GRAY,SPEAKER ADVANCE TP-S GRAY,YAXUAN??,LOCAL,DISCONTINUE ????,INFO DARI SUPPLIER 14-08-2024"
"4.SPK.ADL-YX-TPS-GREEN,SPEAKER ADVANCE TP-S GREEN,YAXUAN??,LOCAL,DISCONTINUE ????,INFO DARI SUPPLIER 14-08-2024"
"4.SPK.ADL-YX-TS5-A,SPEAKER ADVANCE TS-5 MOTIF A ( Mic Wireless ),YAXUAN??,LOCAL,DISCONTINUE ????,INFO DARI SUPPLIER 14-10-2023"
"4.SPK.ADL-YX-TS5-D,SPEAKER ADVANCE TS-5 MOTIF D ( Mic Wireless ),YAXUAN??,LOCAL,DISCONTINUE ????,INFO DARI SUPPLIER 14-10-2023"
"4.SPK.ADL-YX-TS6-B,SPEAKER ADVANCE TS-6 BLACK,YAXUAN??,LOCAL,DISCONTINUE ????,INFO DARI SUPPLIER 14-10-2023"
"4.SPK.ADL-YX-TS6-C,SPEAKER ADVANCE TS-6 CAMOUFLAGE,YAXUAN??,LOCAL,DISCONTINUE ????,INFO DARI SUPPLIER 14-10-2023"
"4.SPK.ADL-YY-H501,SPEAKER ADVANCE H501,YUANYU??,LOCAL,DISCONTINUE ????,INFO DARI SUPPLIER 07-10-2023"
"4.SPK.ADL-YY-K1012A-B,SPEAKER ADVANCE K1012-A BLACK,YUANYU??,LOCAL,CONTINUE ????,0"
"4.SPK.ADL-YY-K1212B-B,SPEAKER ADVANCE K1212-B BLACK,YUANYU??,LOCAL,CONTINUE ????,0"
"4.SPK.ADL-YY-KS2823-B,SPEAKER ADVANCE KS-2823 BLACK,YUANYU??,LOCAL,CONTINUE ????,0"
"4.SPK.ADL-YY-KS2823-BR,SPEAKER ADVANCE KS-2823 BROWN,YUANYU??,LOCAL,CONTINUE ????,0"
"4.SPK.ADL-YY-KS2824-B,SPEAKER ADVANCE KS-2824 BLACK,YUANYU??,LOCAL,CONTINUE ????,0"
"4.SPK.ADL-YY-KS2824-BR,SPEAKER ADVANCE KS-2824 BROWN,YUANYU??,LOCAL,CONTINUE ????,0"
"4.SPK.ADL-YY-M150-BT,SPEAKER ADVANCE M150BT,YUANYU??,LOCAL,DISCONTINUE ????,INFO DARI SUPPLIER 07-10-2023"
"4.SPK.ADL-YY-M160-BT,SPEAKER ADVANCE M160BT,YUANYU??,LOCAL,DISCONTINUE ????,INFO DARI SUPPLIER 07-10-2023"
"4.SPK.ADL-YY-M160-BT-0,SPEAKER ADVANCE M160BT,YUANYU??,LOCAL,DISCONTINUE ????,INFO DARI SUPPLIER 07-10-2023"
"4.SPK.ADL-YY-M160-BT-V2,SPEAKER ADVANCE M160BT,YUANYU??,LOCAL,DISCONTINUE ????,INFO DARI SUPPLIER 07-10-2023"
"4.SPK.ADL-YY-M160FM,SPEAKER ADVANCE M160FM,YUANYU??,LOCAL,DISCONTINUE ????,INFO DARI SUPPLIER 07-10-2023"
"4.SPK.ADL-YY-M180BT,SPEAKER ADVANCE M180BT,YUANYU??,LOCAL,CONTINUE ????,0"
"4.SPK.ADL-YY-M180BT-NEW,SPEAKER ADVANCE M180BT NEW,YUANYU??,LOCAL,CONTINUE ????,0"
"4.SPK.ADL-YY-M180BT-PRO,SPEAKER ADVANCE M180BT PRO,YUANYU??,LOCAL,DISCONTINUE ????,INFO DARI SUPPLIER 07-10-2023"
"4.SPK.ADL-YY-M180BT-PRO-V2,SPEAKER ADVANCE M180BT PRO,YUANYU??,LOCAL,DISCONTINUE ????,INFO DARI SUPPLIER 07-10-2023"
"4.SPK.ADL-YY-M180FM,SPEAKER ADVANCE M180FM,YUANYU??,LOCAL,DISCONTINUE ????,INFO DARI SUPPLIER 07-10-2023"
"4.SPK.ADL-YY-M190,SPEAKER ADVANCE M190,YUANYU??,LOCAL,DISCONTINUE ????,INFO DARI MR LI 20-12-2025"
"4.SPK.ADL-YY-M190FM,SPEAKER ADVANCE M190FM,YUANYU??,LOCAL,DISCONTINUE ????,INFO DARI SUPPLIER 07-10-2023"
"4.SPK.ADL-YY-M200,SPEAKER ADVANCE M200,YUANYU??,LOCAL,DISCONTINUE ????,INFO DARI SUPPLIER 07-10-2023"
"4.SPK.ADL-YY-M210-FM,SPEAKER ADVANCE M210FM,YUANYU??,LOCAL,DISCONTINUE ????,INFO DARI SUPPLIER 07-10-2023"
"4.SPK.ADL-YY-M230-FM,SPEAKER ADVANCE M230FM,YUANYU??,LOCAL,DISCONTINUE ????,INFO DARI SUPPLIER 07-10-2023"
"4.SPK.ADL-YY-M250-BT-V1,SPEAKER ADVANCE M250BT,YUANYU??,LOCAL,DISCONTINUE ????,INFO DARI SUPPLIER 07-10-2023"
"4.SPK.ADL-YY-M250-BT-V2,SPEAKER ADVANCE M250BT,YUANYU??,LOCAL,DISCONTINUE ????,INFO DARI SUPPLIER 07-10-2023"
"4.SPK.ADL-YY-M260-BT,SPEAKER ADVANCE M260BT,YUANYU??,LOCAL,DISCONTINUE ????,INFO DARI SUPPLIER 07-10-2023"
"4.SPK.ADL-YY-M280,SPEAKER ADVANCE M280,YUANYU??,LOCAL,DISCONTINUE ????,INFO DARI SUPPLIER 07-10-2023"
"4.SPK.ADL-YY-M310-BT,SPEAKER ADVANCE M310 BT,YUANYU??,LOCAL,DISCONTINUE ????,INFO DARI SUPPLIER 07-10-2023"
"4.SPK.ADL-YY-M310BT+,SPEAKER ADVANCE M310BT+,YUANYU??,LOCAL,DISCONTINUE ????,INFO DARI SUPPLIER 07-10-2023"
"4.SPK.ADL-YY-M320-BT,SPEAKER ADVANCE M320BT,YUANYU??,LOCAL,DISCONTINUE ????,INFO DARI SUPPLIER 07-10-2023"
"4.SPK.ADL-YY-M320-BT-V2,SPEAKER ADVANCE M320BT MIC WIRELESS,YUANYU??,LOCAL,DISCONTINUE ????,INFO DARI SUPPLIER 07-10-2023"
"4.SPK.ADL-YY-M330-BT,SPEAKER ADVANCE M330BT,YUANYU??,LOCAL,DISCONTINUE ????,INFO DARI SUPPLIER 07-10-2023"
"4.SPK.ADL-YY-M340-BT,SPEAKER ADVANCE M340BT,YUANYU??,LOCAL,DISCONTINUE ????,INFO DARI SUPPLIER 07-10-2023"
"4.SPK.ADL-YY-M380,SPEAKER ADVANCE M380,YUANYU??,LOCAL,DISCONTINUE ????,INFO DARI SUPPLIER 07-10-2023"
"4.SPK.ADL-YY-M480-FM,SPEAKER ADVANCE M480FM,YUANYU??,LOCAL,DISCONTINUE ????,INFO DARI SUPPLIER 07-10-2023"
"4.SPK.ADL-YY-M580,SPEAKER ADVANCE M580,YUANYU??,LOCAL,DISCONTINUE ????,INFO DARI MR LI 20-12-2025"
"4.SPK.ADL-YY-M680,SPEAKER ADVANCE M680,YUANYU??,LOCAL,DISCONTINUE ????,INFO DARI SUPPLIER 07-10-2023"
"4.SPK.ADL-YY-M680-BT,SPEAKER ADVANCE M680BT,YUANYU??,LOCAL,DISCONTINUE ????,INFO DARI SUPPLIER 07-10-2023"
"4.SPK.ADL-YY-M680-FM,SPEAKER ADVANCE M680 FM,YUANYU??,LOCAL,DISCONTINUE ????,INFO DARI SUPPLIER 07-10-2023"
"4.SPK.ADL-YY-M690-BT RED,SPEAKER ADVANCE M690BT RED,YUANYU??,LOCAL,DISCONTINUE ????,INFO DARI SUPPLIER 07-10-2023"
"4.SPK.ADL-YY-M690-FM,SPEAKER ADVANCE M690 FM,YUANYU??,LOCAL,DISCONTINUE ????,INFO DARI SUPPLIER 07-10-2023"
"4.SPK.ADL-YY-M690-FM-BLUE,SPEAKER ADVANCE M690 FM BLUE,YUANYU??,LOCAL,DISCONTINUE ????,INFO DARI SUPPLIER 07-10-2023"
"4.SPK.ADL-YY-M690-FM-RED,SPEAKER ADVANCE M690 FM RED,YUANYU??,LOCAL,DISCONTINUE ????,INFO DARI SUPPLIER 07-10-2023"
"4.SPK.ADL-YY-M690-FM-V2-BLUE,SPEAKER ADVANCE M690 FM Bluetooth BLUE,YUANYU??,LOCAL,DISCONTINUE ????,INFO DARI SUPPLIER 07-10-2023"
"4.SPK.ADL-YY-M690-FM-V2-RED,SPEAKER ADVANCE M690 FM Bluetooth RED,YUANYU??,LOCAL,DISCONTINUE ????,INFO DARI SUPPLIER 07-10-2023"
"4.SPK.ADL-YY-M780-FM-N,SPEAKER ADVANCE M780FM NEW,YUANYU??,LOCAL,DISCONTINUE ????,INFO DARI SUPPLIER 07-10-2023"
"4.SPK.ADL-YY-M780-FM-V2,SPEAKER ADVANCE M780FM Bluetooth,YUANYU??,LOCAL,DISCONTINUE ????,INFO DARI SUPPLIER 07-10-2023"
"4.SPK.ADL-YY-M8100-FM,SPEAKER ADVANCE M8100FM,YUANYU??,LOCAL,DISCONTINUE ????,INFO DARI SUPPLIER 07-10-2023"
"4.SPK.ADL-YY-M8100-FM-V2,SPEAKER ADVANCE M8100FM,YUANYU??,LOCAL,DISCONTINUE ????,INFO DARI SUPPLIER 07-10-2023"
"4.SPK.ADL-YY-M8200-BT,SPEAKER ADVANCE M8200BT,YUANYU??,LOCAL,DISCONTINUE ????,INFO DARI SUPPLIER 07-10-2023"
"4.SPK.ADL-YY-M8200-FM,SPEAKER ADVANCE M8200FM,YUANYU??,LOCAL,DISCONTINUE ????,INFO DARI SUPPLIER 07-10-2023"
"4.SPK.ADL-YY-M8200-FM-V2,SPEAKER ADVANCE M8200FM,YUANYU??,LOCAL,DISCONTINUE ????,INFO DARI SUPPLIER 07-10-2023"
"4.SPK.ADL-YY-M8300-BT,SPEAKER ADVANCE M8300BT,YUANYU??,LOCAL,DISCONTINUE ????,INFO DARI SUPPLIER 07-10-2023"
"4.SPK.ADL-YY-M880-L,SPEAKER ADVANCE M880 LAMA,YUANYU??,LOCAL,DISCONTINUE ????,INFO DARI SUPPLIER 07-10-2023"
"4.SPK.ADL-YY-M880-N,SPEAKER ADVANCE M880 NEW,YUANYU??,LOCAL,DISCONTINUE ????,INFO DARI SUPPLIER 07-10-2023"
"4.SPK.ADL-YY-M9000-FM,SPEAKER ADVANCE M9000FM,YUANYU??,LOCAL,DISCONTINUE ????,INFO DARI SUPPLIER 07-10-2023"
"4.SPK.ADL-YY-M9100-FM,SPEAKER ADVANCE M9100FM,YUANYU??,LOCAL,DISCONTINUE ????,INFO DARI SUPPLIER 07-10-2023"
"4.SPK.ADL-YY-M9100-FM-V2,SPEAKER ADVANCE M9100FM Bluetooth,YUANYU??,LOCAL,DISCONTINUE ????,INFO DARI SUPPLIER 07-10-2023"
"4.SPK.ADL-YY-M9101-FM,SPEAKER ADVANCE M9101FM,YUANYU??,LOCAL,DISCONTINUE ????,INFO DARI SUPPLIER 07-10-2023"
"4.SPK.ADL-YY-M9200,SPEAKER ADVANCE M9200,YUANYU??,LOCAL,DISCONTINUE ????,INFO DARI SUPPLIER 07-10-2023"
"4.SPK.ADL-YY-M9200-BT,SPEAKER ADVANCE M9200BT,YUANYU??,LOCAL,DISCONTINUE ????,INFO DARI SUPPLIER 07-10-2023"
"4.SPK.ADL-YY-M9210,SPEAKER ADVANCE M9210,YUANYU??,LOCAL,DISCONTINUE ????,INFO DARI SUPPLIER 07-10-2023"
"4.SPK.ADL-YY-M9210-V2,SPEAKER ADVANCE M9210 Bluetooth,YUANYU??,LOCAL,DISCONTINUE ????,INFO DARI SUPPLIER 07-10-2023"
"4.SPK.ADL-YY-M9300,SPEAKER ADVANCE M9300,YUANYU??,LOCAL,DISCONTINUE ????,INFO DARI SUPPLIER 07-10-2023"
"4.SPK.ADL-YY-M9300BT,SPEAKER ADVANCE M9300BT,YUANYU??,LOCAL,DISCONTINUE ????,INFO DARI SUPPLIER 07-10-2023"
"4.SPK.ADL-YY-M980-FM,SPEAKER ADVANCE M980FM,YUANYU??,LOCAL,DISCONTINUE ????,INFO DARI SUPPLIER 07-10-2023"
"4.SPK.ADL-YY-M990A,SPEAKER ADVANCE M990A,YUANYU??,LOCAL,DISCONTINUE ????,INFO DARI MR LI 20-12-2025"
"4.SPK.ADL-YY-M990C,SPEAKER ADVANCE M990C,YUANYU??,LOCAL,DISCONTINUE ????,INFO DARI SUPPLIER 07-10-2023"
"4.SPK.ADL-YY-M990D,SPEAKER ADVANCE M990D,YUANYU??,LOCAL,DISCONTINUE ????,INFO DARI SUPPLIER 07-10-2023"
"4.SPK.ADL-YY-S100A,SPEAKER ADVANCE S100 A,YUANYU??,LOCAL,DISCONTINUE ????,INFO DARI SUPPLIER 07-10-2023"
"4.SPK.ADL-YY-T101,SPEAKER ADVANCE T-101,YUANYU??,LOCAL,DISCONTINUE ????,INFO DARI SUPPLIER 07-10-2023"
"4.SPK.ADL-YY-T101BT,SPEAKER ADVANCE T-101BT,YUANYU??,LOCAL,CONTINUE ????,0"
"4.SPK.ADL-YY-T101BT-PRO,SPEAKER ADVANCE T-101BT PRO,YUANYU??,LOCAL,CONTINUE ????,0"
"4.SPK.ADL-YY-T101BT-PRO-2MIC,SPEAKER ADVANCE T-101BT PRO 2 MIC,YUANYU??,LOCAL,CONTINUE ????,0"
"4.SPK.ADL-YY-T101BT-V0,SPEAKER ADVANCE T-101BT,YUANYU??,LOCAL,DISCONTINUE ????,INFO DARI MR LI 20-12-2025"
"4.SPK.ADL-YY-T101KF,SPEAKER ADVANCE T-101KF,YUANYU??,LOCAL,DISCONTINUE ????,INFO DARI SUPPLIER 07-10-2023"
"4.SPK.ADL-YY-T102BT,SPEAKER ADVANCE T-102BT,YUANYU??,LOCAL,CONTINUE ????,0"
"4.SPK.ADL-YY-T102BT-PRO-2MIC,SPEAKER ADVANCE T-102BT PRO 2 MIC,YUANYU??,LOCAL,CONTINUE ????,0"
"4.SPK.ADL-YY-T102BT-V0,SPEAKER ADVANCE T-102BT,YUANYU??,LOCAL,DISCONTINUE ????,INFO DARI MR LI 20-12-2025"
"4.SPK.ADL-YY-T102-KF,SPEAKER ADVANCE T-102KF,YUANYU??,LOCAL,DISCONTINUE ????,INFO DARI MR LI 20-12-2025"
"4.SPK.ADL-YY-T103BT,SPEAKER ADVANCE T-103BT,YUANYU??,LOCAL,CONTINUE ????,0"
"4.SPK.ADL-YY-T103BT-V0,SPEAKER ADVANCE T-103BT,YUANYU??,LOCAL,DISCONTINUE ????,INFO DARI MR LI 20-12-2025"
"4.SPK.ADL-YY-T104BT,SPEAKER ADVANCE T-104BT,YUANYU??,LOCAL,CONTINUE ????,0"
"4.SPK.ADL-YY-T105BT,SPEAKER ADVANCE T-105BT,YUANYU??,LOCAL,CONTINUE ????,0"
"4.SPK.ADL-YY-T105BT-PRO-2MIC,SPEAKER ADVANCE T-105BT PRO 2 MIC,YUANYU??,LOCAL,CONTINUE ????,0"
"4.SPK.ADL-YY-T18-BLACK,SPEAKER ADVANCE T18 BLACK,YUANYU??,LOCAL,DISCONTINUE ????,INFO DARI SUPPLIER 07-10-2023"
"4.SPK.ADL-YY-T18-BLUE,SPEAKER ADVANCE T18 BLUE,YUANYU??,LOCAL,DISCONTINUE ????,INFO DARI SUPPLIER 07-10-2023"
"4.SPK.ADL-YY-T18-BROWN,SPEAKER ADVANCE T18 BROWN,YUANYU??,LOCAL,DISCONTINUE ????,INFO DARI SUPPLIER 07-10-2023"
"4.SPK.ADL-YY-T18-GREEN,SPEAKER ADVANCE T18 GREEN,YUANYU??,LOCAL,DISCONTINUE ????,INFO DARI SUPPLIER 07-10-2023"
"4.SPK.ADVN-D200-PR,SPEAKER ADVANCE DUO200 PURPLE,YAXUAN??,LOCAL,DISCONTINUE ????,INFO DARI SUPPLIER 14-10-2023"
"4.SPK.ADVN-ES010N,SPEAKER ADVANCE ES010N,WEI DE SEN???,CHINA,DISCONTINUE ????,INFO DARI MR. LI 08-07-2024"
"4.SPK.ADVN-T102,SPEAKER ADVANCE T102,YUANYU??,LOCAL,DISCONTINUE ????,INFO DARI SUPPLIER 07-10-2023"
"4.SPK.ADVN-T103,SPEAKER ADVANCE T103,0,LOCAL,DISCONTINUE ????,0"
"4.SPK.ADVN-YY-M001,SPEAKER ADVANCE M001,YUANYU??,LOCAL,DISCONTINUE ????,INFO DARI SUPPLIER 07-10-2023"
"4.SPK.LRL-YY-LRC888,SPEAKER LRC LRC-888,YUANYU??,LOCAL,DISCONTINUE ????,INFO DARI SUPPLIER 07-10-2023"
"4.SPK.SCL-YY-SC-BV260,SPEAKER SCORE SC-BV260,YUANYU??,LOCAL,DISCONTINUE ????,INFO DARI SUPPLIER 07-10-2023"
"4.SPK.VTC-YM-VT256,SPEAKER VOTRE VT-256,YAMENG??,CHINA,DISCONTINUE ????,INFO DARI SUPPLIER 16-08-2024"
"4.SPS.ADC-LT-SPEAKER-STAND,STAND SPEAKER ADVANCE SK-8C/SK-10C,LANGTING??,CHINA,DISCONTINUE ????,INFO DARI MR LI 20-12-2025"
"4.SPS.ADC-QH-TSS-55,STAND SPEAKER ADVANCE TSS-55,QIAN HUI,CHINA,DISCONTINUE ????,INFO DARI MR LI 20-12-2025"
"4.SPS.ADC-QH-TSS-60,STAND SPEAKER ADVANCE TSS-60,QIAN HUI,CHINA,DISCONTINUE ????,INFO DARI MR LI 20-12-2025"
"4.SPS.ADC-QH-TSS-70,STAND SPEAKER ADVANCE TSS-70,QIAN HUI,CHINA,DISCONTINUE ????,INFO DARI MR LI 20-12-2025"
"4.SPS.ADC-QH-TSS-95,STAND SPEAKER ADVANCE TSS-95,QIAN HUI,CHINA,DISCONTINUE ????,INFO DARI MR LI 20-12-2025"
"4.SPS.ADC-YX-TSS-100,STAND SPEAKER ADVANCE TSS-100,YAXUAN??,CHINA,DISCONTINUE ????,INFO DARI MR LI 20-12-2025"
"4.SPS.ADC-YX-TSS-55,STAND SPEAKER ADVANCE TSS-55,YAXUAN??,CHINA,DISCONTINUE ????,INFO DARI MR LI 20-12-2025"
"4.SPS.ADC-YX-TSS-62,STAND SPEAKER ADVANCE TSS-62,YAXUAN??,CHINA,DISCONTINUE ????,INFO DARI MR LI 20-12-2025"
"4.SPS.ADC-YX-TSS-70,STAND SPEAKER ADVANCE TSS-70,YAXUAN??,CHINA,DISCONTINUE ????,INFO DARI MR LI 20-12-2025"
"4.STB.ADC-FS-STPA01-B,SET TOP BOX DVB-T2 ADVANCE STP-A01 BLACK,FU SHI CAI???,CHINA,DISCONTINUE ????,INFO DARI MR LI 20-12-2025"
"4.STB.ADC-FS-STPA01-V8,SET TOP BOX DVB-T2 ADVANCE STP-A01 BLACK,FU SHI CAI???,CHINA,DISCONTINUE ????,BLM DI KONFIRMASI"
"4.STB.ADC-FS-STPB02,SET TOP BOX DVB-T2 ADVANCE STP-B02,FU SHI CAI???,CHINA,DISCONTINUE ????,INFO DARI MR LI 20-12-2025"
"4.STB.ADC-YM-ATB01,SET TOP BOX ANDROID TV BOX ADVANCE ATB-01,YAMENG??,CHINA,DISCONTINUE ????,INFO DARI MR LI 20-12-2025"
"4.STB.ADC-YM-STPA01,SET TOP BOX DVB-T2 ADVANCE STP-A01,YAMENG??,CHINA,DISCONTINUE ????,INFO DARI SUPPLIER 16-08-2024"
"4.STB.ADC-YM-STPA01-V2,SET TOP BOX DVB-T2 ADVANCE STP-A01,YAMENG??,CHINA,DISCONTINUE ????,INFO DARI SUPPLIER 16-08-2024"
"4.STB.ADC-YM-STPA01-V5,SET TOP BOX DVB-T2 ADVANCE STP-A01 BLACK,YAMENG??,CHINA,DISCONTINUE ????,INFO DARI MR LI 20-12-2025"
"4.STB.ADL-HG-ATB01,SET TOP BOX ANDROID TV BOX ADVANCE ATB-01,HENGCHEN ??,LOCAL,DISCONTINUE ????,INFO DARI MR TAN 13-05-2026"
"4.STB.ADL-HX-ATB01,SET TOP BOX ANDROID TV BOX ADVANCE ATB-01,HUAXING,LOCAL,CONTINUE ????,0"
"4.STB.ADL-YM-ATB01,SET TOP BOX ANDROID TV BOX ADVANCE ATB-01,YAMENG??,LOCAL,DISCONTINUE ????,INFO DARI MR LI 20-12-2025"
"4.STB.ADL-YM-STPA01-V11-B,SET TOP BOX DVB-T2 ADVANCE STP-A01 BLACK,YAMENG??,LOCAL,CONTINUE ????,0"
"4.STB.ADL-YM-STPA01-V3-B,SET TOP BOX DVB-T2 ADVANCE STP-A01 BLACK,YAMENG??,LOCAL,CONTINUE ????,0"
"4.STB.ADL-YM-STPA01-V3-W,SET TOP BOX DVB-T2 ADVANCE STP-A01 WHITE,YAMENG??,LOCAL,DISCONTINUE ????,INFO DARI MR LI 20-12-2025"
"4.STB.ADL-YM-STPA01-V4-B,SET TOP BOX DVB-T2 ADVANCE STP-A01 BLACK,YAMENG??,LOCAL,DISCONTINUE ????,INFO DARI MR LI 20-12-2025"
"4.STB.ADL-YM-STPA01-V6-B,SET TOP BOX DVB-T2 ADVANCE STP-A01 BLACK,YAMENG??,LOCAL,CONTINUE ????,0"
"4.STB.ADL-YM-STPA01-V7-B,SET TOP BOX DVB-T2 ADVANCE STP-A01 BLACK,YAMENG??,LOCAL,DISCONTINUE ????,INFO DARI MR LI 20-12-2025"
"4.STB.ADL-YM-STPA02,SET TOP BOX DVB-T2 ADVANCE STP-A02,YAMENG??,LOCAL,DISCONTINUE ????,INFO DARI SUPPLIER 14-07-2025"
"4.STB.ADL-YM-STPA02-V2,SET TOP BOX DVB-T2 ADVANCE STP-A02,YAMENG??,LOCAL,DISCONTINUE ????,INFO DARI SUPPLIER 14-07-2025"
"4.STB.NOADV-STB-YM-DVB-T2,SET TOP BOX DVB-T2 NO ADV BLACK,YAMENG??,CHINA,DISCONTINUE ????,INFO DARI MR LI 20-12-2025"
"4.STD.JPSI-VTC,JEPIT NARSIS/SMART PHONE STAND VOTRE,0,CHINA,DISCONTINUE ????,BLM DI KONFIRMASI"
"4.STD.JPSI-VTC-02,JEPIT NARSIS/SMART PHONE STAND VOTRE 02,0,CHINA,DISCONTINUE ????,BLM DI KONFIRMASI"
"4.STK.ADL-HJ-STK500-BL,SETRIKA LISTRIK ADVANCE STK-500 BLUE,HONG JIAN??,LOCAL,CONTINUE ????,0"
"4.STK.ADL-HJ-STK500-BL-ON,SETRIKA LISTRIK ADVANCE STK-500 BLUE (ON),HONG JIAN??,LOCAL,DISCONTINUE ????,INFO DARI MR LI 20-12-2025"
"4.STK.ADL-HJ-STK500-MBL,SETRIKA LISTRIK ADVANCE STK-500 MACARON BLUE,HONG JIAN??,LOCAL,CONTINUE ????,0"
"4.STK.ADL-HJ-STK500-PR,SETRIKA LISTRIK ADVANCE STK-500 PURPLE,HONG JIAN??,LOCAL,CONTINUE ????,0"
"4.STK.ADL-HJ-STK500-PR-ON,SETRIKA LISTRIK ADVANCE STK-500 PURPLE (ON),HONG JIAN??,LOCAL,DISCONTINUE ????,INFO DARI MR LI 20-12-2025"
"4.STK.ADL-HJ-STK500-R,SETRIKA LISTRIK ADVANCE STK-500 RED,HONG JIAN??,LOCAL,CONTINUE ????,0"
"4.STK.ADL-HJ-STK500-R-ON,SETRIKA LISTRIK ADVANCE STK-500 RED (ON),HONG JIAN??,LOCAL,DISCONTINUE ????,INFO DARI MR LI 20-12-2025"
"4.STK.ADL-HJ-STK510-B,SETRIKA LISTRIK ADVANCE STK-510 BLACK,HONG JIAN??,LOCAL,DISCONTINUE ????,INFO DARI SUPPLIER 16-10-2023"
"4.STK.ADL-HJ-STK510-GR,SETRIKA LISTRIK ADVANCE STK-510 GRAY,HONG JIAN??,LOCAL,DISCONTINUE ????,INFO DARI SUPPLIER 16-10-2023"
"4.STK.ADL-HJ-STK510-PR,SETRIKA LISTRIK ADVANCE STK-510 PURPLE,HONG JIAN??,LOCAL,DISCONTINUE ????,INFO DARI SUPPLIER 16-10-2023"
"4.STK.ADL-HJ-STK510-PR-ON,SETRIKA LISTRIK ADVANCE STK-510 PURPLE (ON),HONG JIAN??,LOCAL,DISCONTINUE ????,INFO DARI SUPPLIER 16-10-2023"
"4.STK.ADL-HJ-STK510-V2-B-ON,SETRIKA LISTRIK ADVANCE STK-510 V.2 BLACK (ON),HONG JIAN??,LOCAL,DISCONTINUE ????,INFO DARI SUPPLIER 16-10-2023"
"4.STK.ADL-HJ-STK510-V2-GR-ON,SETRIKA LISTRIK ADVANCE STK-510 V.2 GRAY (ON),HONG JIAN??,LOCAL,DISCONTINUE ????,INFO DARI SUPPLIER 16-10-2023"
"4.STK.ADL-HJ-STK510-V2-PR-ON,SETRIKA LISTRIK ADVANCE STK-510 V.2 PURPLE (ON),HONG JIAN??,LOCAL,DISCONTINUE ????,INFO DARI SUPPLIER 16-10-2023"
"4.STK.ADL-HJ-STK520-B,SETRIKA LISTRIK ADVANCE STK-520 BLACK,HONG JIAN??,LOCAL,CONTINUE ????,0"
"4.STK.ADL-HJ-STK520-PR,SETRIKA LISTRIK ADVANCE STK-520 PURPLE,HONG JIAN??,LOCAL,CONTINUE ????,0"
"4.STK.ADL-HJ-STK520-PR-ON,SETRIKA LISTRIK ADVANCE STK-520 PURPLE (ON),HONG JIAN??,LOCAL,DISCONTINUE ????,INFO DARI MR LI 20-12-2025"
"4.STK.ADL-HJ-STK520-W,SETRIKA LISTRIK ADVANCE STK-520 WHITE,HONG JIAN??,LOCAL,CONTINUE ????,0"
"4.STK.ADL-HJ-STK600-BL,SETRIKA UAP ADVANCE STK-600 BLUE,HONG JIAN??,LOCAL,CONTINUE ????,0"
"4.STK.ADL-HJ-STK600-BL-ON,SETRIKA UAP ADVANCE STK-600 BLUE (ON),HONG JIAN??,LOCAL,DISCONTINUE ????,INFO DARI MR LI 20-12-2025"
"4.STK.ADL-HJ-STK600-PR,SETRIKA UAP ADVANCE STK-600 PURPLE,HONG JIAN??,LOCAL,CONTINUE ????,0"
"4.STK.ADL-HJ-STK600-PR-ON,SETRIKA UAP ADVANCE STK-600 PURPLE (ON),HONG JIAN??,LOCAL,DISCONTINUE ????,INFO DARI MR LI 20-12-2025"
"4.STK.ADL-HJ-STK600-R,SETRIKA UAP ADVANCE STK-600 RED,HONG JIAN??,LOCAL,CONTINUE ????,0"
"4.STK.ADL-HJ-STK600-R-ON,SETRIKA UAP ADVANCE STK-600 RED (ON),HONG JIAN??,LOCAL,DISCONTINUE ????,INFO DARI MR LI 20-12-2025"
"4.STK.ADL-HJ-STK700-BL,SETRIKA UAP ADVANCE STK-700 BLUE,HONG JIAN??,LOCAL,CONTINUE ????,0"
"4.STK.ADL-HJ-STK700-BL-ON,SETRIKA UAP ADVANCE STK-700 BLUE (ON),HONG JIAN??,LOCAL,DISCONTINUE ????,INFO DARI MR LI 20-12-2025"
"4.STK.ADL-HJ-STK700-PR,SETRIKA UAP ADVANCE STK-700 PURPLE,HONG JIAN??,LOCAL,CONTINUE ????,0"
"4.STK.ADL-HJ-STK700-PR-ON,SETRIKA UAP ADVANCE STK-700 PURPLE (ON),HONG JIAN??,LOCAL,DISCONTINUE ????,INFO DARI MR LI 20-12-2025"
"4.STK.ADL-HJ-STK700-R,SETRIKA UAP ADVANCE STK-700 RED,HONG JIAN??,LOCAL,CONTINUE ????,0"
"4.STK.ADL-HJ-STK700-R-ON,SETRIKA UAP ADVANCE STK-700 RED (ON),HONG JIAN??,LOCAL,DISCONTINUE ????,INFO DARI MR LI 20-12-2025"
"4.STK.ADL-HJ-STK800-BL,SETRIKA UAP ADVANCE STK-800 BLUE,HONG JIAN??,LOCAL,CONTINUE ????,0"
"4.STK.ADL-HJ-STK800-G,SETRIKA UAP ADVANCE STK-800 GREEN,HONG JIAN??,LOCAL,CONTINUE ????,0"
"4.STK.ADL-HJ-STK800-R,SETRIKA UAP ADVANCE STK-800 RED,HONG JIAN??,LOCAL,CONTINUE ????,0"
"4.TFC.CARD-AI-16GB,TF CARD ADVANCE 16GB Class C10 RED,AISHENG??,CHINA,DISCONTINUE ????,INFO SUPPLIER 13-08-2024"
"4.TFC.CARD-AI-4GB,TF CARD ADVANCE 4GB CLASS 10,AISHENG??,CHINA,DISCONTINUE ????,INFO SUPPLIER 13-08-2024"
"4.TFC.CARD-AI-4GB-BARU,TF CARD ADVANCE 4GB CLASS C6 BARU,AISHENG??,CHINA,DISCONTINUE ????,INFO SUPPLIER 13-08-2024"
"4.TFC.CARD-AI-8GB,TF CARD ADVANCE 8GB Class C10,AISHENG??,CHINA,DISCONTINUE ????,INFO SUPPLIER 13-08-2024"
"4.TFC.CARD-JB-16GB,TF CARD ADVANCE 16GB Class C10 RED,JIANG BO LONG???,CHINA,DISCONTINUE ????,INFO DARI MR. LI 08-07-2024"
"4.TFC.CARD-JB-16GB-ON,TF CARD ADVANCE 16GB Class C10 RED (ON),JIANG BO LONG???,CHINA,DISCONTINUE ????,INFO DARI MR. LI 08-07-2024"
"4.TFC.CARD-YM-16GB-NO PACK,TF CARD 16GB NO PACKING,YAMENG??,CHINA,DISCONTINUE ????,0"
"4.TFC.C-CARD-32GB,TF CARD ADVANCE 32GB Class C10,AISHENG??,CHINA,DISCONTINUE ????,INFO SUPPLIER 13-08-2024"
"4.TFC.VTC-CARD-8GB-NO PACK,TF CARD ADVANCE 8GB Class C10 NO PACKING,AISHENG??,CHINA,DISCONTINUE ????,INFO SUPPLIER 13-08-2024"
"4.TGP.ADC-YM-EBF32,THERMOSTAT ELECTRIC GRIDDLE PAN EBF-32 PINK,YAMENG??,CHINA,DISCONTINUE ????,INFO DARI MR LI 20-12-2025"
"4.TON.TOSI-C-SM04-BLACK,MONOPOD TONGSIS SM04 BLACK,YAMENG??,CHINA,DISCONTINUE ????,INFO DARI SUPPLIER 16-08-2024"
"4.TON.TOSI-C-SM04-PINK,MONOPOD TONGSIS SM04 PINK,YAMENG??,CHINA,DISCONTINUE ????,INFO DARI SUPPLIER 16-08-2024"
"4.TON.TOSI-C-YM-SM01,MONOPOD TONGSIS SM01,YAMENG??,CHINA,DISCONTINUE ????,INFO DARI SUPPLIER 16-08-2024"
"4.TON.TOSI-C-YM-SM02,MONOPOD TONGSIS SM02,YAMENG??,CHINA,DISCONTINUE ????,INFO DARI SUPPLIER 16-08-2024"
"4.TON.TOSI-C-YM-SM03A-B,MONOPOD TONGSIS SM03A BLACK,YAMENG??,CHINA,DISCONTINUE ????,INFO DARI MR LI 20-12-2025"
"4.TON.TOSI-C-YM-SM04-B,MONOPOD TONGSIS SM04 BLACK,YAMENG??,CHINA,DISCONTINUE ????,INFO DARI SUPPLIER 16-08-2024"
"4.TON.TOSI-C-YM-SM05-B,MONOPOD TONGSIS SM05 BLACK,YAMENG??,CHINA,DISCONTINUE ????,INFO DARI SUPPLIER 16-08-2024"
"4.TON.TOSI-C-YM-SM05-BLACK,MONOPOD TONGSIS SM05 BLACK,YAMENG??,CHINA,DISCONTINUE ????,INFO DARI SUPPLIER 16-08-2024"
"4.TON.TOSI-C-YM-SM05-BLUE,MONOPOD TONGSIS SM05 BLUE,YAMENG??,CHINA,DISCONTINUE ????,INFO DARI SUPPLIER 16-08-2024"
"4.TON.TOSI-C-YM-SM05-GREEN,MONOPOD TONGSIS SM05 GREEN,YAMENG??,CHINA,DISCONTINUE ????,INFO DARI SUPPLIER 16-08-2024"
"4.TON.TOSI-C-YM-SM05-ORANGE,MONOPOD TONGSIS SM05 ORANGE,YAMENG??,CHINA,DISCONTINUE ????,INFO DARI SUPPLIER 16-08-2024"
"4.TON.TOSI-C-YM-SM05-PURPLE,MONOPOD TONGSIS SM05 PURPLE,YAMENG??,CHINA,DISCONTINUE ????,INFO DARI SUPPLIER 16-08-2024"
"4.TON.TOSI-C-YM-ZP01,MONOPOD TONGSIS ZP01,YAMENG??,CHINA,DISCONTINUE ????,INFO DARI SUPPLIER 16-08-2024"
"4.TON.TOSI-C-YM-ZP01-HOLD,HOLDER MONOPOD,YAMENG??,CHINA,DISCONTINUE ????,INFO DARI SUPPLIER 16-08-2024"
"4.TON.TOSI-C-YM-ZP01-NOHD,MONOPOD TONGSIS ZP01 NO HOLDER,YAMENG??,CHINA,DISCONTINUE ????,INFO DARI SUPPLIER 16-08-2024"
"4.TOS.ADC-YM-T8866,TOASTER ADVANCE T-8866,YAMENG??,CHINA,DISCONTINUE ????,INFO DARI MR LI 20-12-2025"
"4.TOS.ADC-YM-T8866-V2,TOASTER ADVANCE T-8866,YAMENG??,CHINA,CONTINUE ????,0"
"4.TOS.ADC-YM-T8866-V3,TOASTER ADVANCE T-8866,YAMENG??,CHINA,CONTINUE ????,0"
"4.TVB.ADC-AI-788FM,TV BOX ADVANCE 788 FM,AISHENG??,CHINA,DISCONTINUE ????,0"
"4.TVB.ADC-AI-798FM,TV BOX ADVANCE 798 FM,AISHENG??,CHINA,DISCONTINUE ????,INFO SUPPLIER 13-08-2024"
"4.TVB.ADC-ATV-V388N,TV BOX ADVANCE ATV-V388N,0,CHINA,DISCONTINUE ????,BLM DI KONFIRMASI"
"4.TVB.ADC-FS-690FM,TV BOX ADVANCE 690 FM,FU SHI CAI???,CHINA,DISCONTINUE ????,INFO DARI SUPPLIER 14-08-2024"
"4.TVD.ADL-BE-ADV3202T,Televisi Digital ADVANCE ADV-3202T,BOE???,LOCAL,CONTINUE ????,0"
"4.TVD.ADL-BE-ADV3209A,Televisi Digital ADVANCE ADV-3209A,BOE???,LOCAL,CONTINUE ????,0"
"4.TVD.ADL-BE-ADV3209A-BT,Televisi Digital ADVANCE ADV-3209A-BT,BOE???,LOCAL,CONTINUE ????,0"
"4.TVD.ADL-CX-ADV3210G,Televisi Digital ADVANCE ADV-3210G,CAIXUN,LOCAL,CONTINUE ????,0"
"4.TVD.ADL-CX-ADV4310G,Televisi Digital ADVANCE ADV-4310G,CAIXUN,LOCAL,CONTINUE ????,0"
"4.TVD.ADL-CX-ADVQ5010G,Televisi Digital ADVANCE ADV-Q5010G,CAIXUN,LOCAL,CONTINUE ????,0"
"4.TVD.ADL-CX-ADVQ5510G,Televisi Digital ADVANCE ADV-Q5510G,CAIXUN,LOCAL,CONTINUE ????,0"
"4.TVD.ADL-GT-ADV2430A,Televisi Digital ADVANCE ADV-2430A,GTL???,LOCAL,DISCONTINUE ????,INFO DARI MR. YIN 06-10-2025"
"4.TVD.ADL-GT-ADV2430A-ON,Televisi Digital ADVANCE ADV-2430A (ON),GTL???,LOCAL,DISCONTINUE ????,INFO DARI MR. YIN 06-10-2025"
"4.TVD.ADL-GT-ADV3202T,Televisi Digital ADVANCE ADV-3202T,GTL???,LOCAL,DISCONTINUE ????,INFO DARI MR. YIN 06-10-2025"
"4.TVD.ADL-GT-ADV3203A,Televisi Digital ADVANCE ADV-3203A,GTL???,LOCAL,DISCONTINUE ????,INFO DARI MR. YIN 06-10-2025"
"4.TVD.ADL-GT-ADV3203A-V2,Televisi Digital ADVANCE ADV-3203A VIDIO,GTL???,LOCAL,DISCONTINUE ????,INFO DARI MR. YIN 06-10-2025"
"4.TVD.ADL-GT-ADV3203A-V3-JRX,Televisi Digital ADVANCE ADV-3203A,GTL???,LOCAL,DISCONTINUE ????,INFO DARI MR. YIN 06-10-2025"
"4.TVD.ADL-GT-ADV4201A,Televisi Digital ADVANCE ADV-4201A,GTL???,LOCAL,DISCONTINUE ????,INFO DARI MR. YIN 06-10-2025"
"4.TVD.ADL-GT-ADV4301A-PRO,Televisi Digital ADVANCE ADV-4301A PRO,GTL???,LOCAL,DISCONTINUE ????,INFO DARI MR. YIN 06-10-2025"
"4.TVD.ADL-GT-ADV5001A,Televisi Digital ADVANCE ADV-5001A,GTL???,LOCAL,DISCONTINUE ????,INFO DARI MR. YIN 06-10-2025"
"4.TVD.ADL-GT-ADV5501A,Televisi Digital ADVANCE ADV-5501A,GTL???,LOCAL,DISCONTINUE ????,INFO DARI MR. YIN 06-10-2025"
"4.TVD.ADL-HC-ADV3202A,Televisi Digital ADVANCE ADV-3202A,HKC??,LOCAL,DISCONTINUE ????,INFO DARI MR. YIN 06-10-2025"
"4.TVD.ADL-HK-ADV2405T,Televisi Digital ADVANCE ADV-2405T,HUAKE??,LOCAL,CONTINUE ????,0"
"4.TVD.ADL-HK-ADV2450C,Televisi Digital ADVANCE ADV-2450C,HUAKE??,LOCAL,DISCONTINUE ????,INFO DARI MR TAN 07-09-2026"
"4.TVD.ADL-KG-ADV4301A-PROQLED,Televisi Digital ADVANCE ADV-4301A PRO QLED,KANGYI,LOCAL,CONTINUE ????,0"
"4.TVD.ADL-MH-ADV3203AQLED,Televisi Digital ADVANCE ADV-3203A QLED,MIANHONG??,LOCAL,CONTINUE ????,0"
"4.TVD.ADL-MX-ADV2405T,Televisi Digital ADVANCE ADV-2405T,MIXING (MACC)??,LOCAL,CONTINUE ????,0"
"4.TVD.ADL-MX-ADV2430A,Televisi Digital ADVANCE ADV-2430A,MIXING (MACC)??,LOCAL,CONTINUE ????,0"
"4.TVD.ADL-MX-ADV2450A,Televisi Digital ADVANCE ADV-2450A,MIXING (MACC)??,LOCAL,CONTINUE ????,0"
"4.TVD.ADL-MX-ADV24D6,Televisi Digital ADVANCE ADV-24D6,MIXING (MACC)??,LOCAL,CONTINUE ????,0"
"4.TVD.ADL-MX-ADV3201T,Televisi Digital ADVANCE ADV-3201T (MACC),MIXING (MACC)??,LOCAL,CONTINUE ????,0"
"4.TVD.ADL-MX-ADV3203A,Televisi Digital ADVANCE ADV-3203A,MIXING (MACC)??,LOCAL,CONTINUE ????,0"
"4.TVD.ADL-MX-ADV3203AQLED,Televisi Digital ADVANCE ADV-3203A QLED,MIXING (MACC)??,LOCAL,CONTINUE ????,0"
"4.TVD.ADL-MX-ADV3204A-B,Televisi Digital ADVANCE ADV-3204A BLACK,MIXING (MACC)??,LOCAL,CONTINUE ????,0"
"4.TVD.ADL-MX-ADV3204A-ON,Televisi Digital ADVANCE ADV-3204A (ON),MIXING (MACC)??,LOCAL,CONTINUE ????,0"
"4.TVD.ADL-MX-ADV3204AQLED-B,Televisi Digital ADVANCE ADV-3204A QLED BLACK,MIXING (MACC)??,LOCAL,CONTINUE ????,0"
"4.TVD.ADL-MX-ADV4001A,Televisi Digital ADVANCE ADV-4001A,MIXING (MACC)??,LOCAL,CONTINUE ????,0"
"4.TVD.ADL-MX-ADV4001AQLED,Televisi Digital ADVANCE ADV-4001A QLED,MIXING (MACC)??,LOCAL,CONTINUE ????,0"
"4.TVD.ADL-MX-ADV4001A-V2,Televisi Digital ADVANCE ADV-4001A,MIXING (MACC)??,LOCAL,CONTINUE ????,0"
"4.TVD.ADL-MX-ADV4301A-PRO,Televisi Digital ADVANCE ADV-4301A PRO,MIXING (MACC)??,LOCAL,CONTINUE ????,0"
"4.TVD.ADL-MX-ADV4301A-PROQLED,Televisi Digital ADVANCE ADV-4301A PRO QLED,MIXING (MACC)??,LOCAL,CONTINUE ????,0"
"4.TVD.ADL-MX-ADV4301A-PROQLED-V2,Televisi Digital ADVANCE ADV-4301A PRO QLED,MIXING (MACC)??,LOCAL,CONTINUE ????,0"
"4.TVD.ADL-MX-ADV4301A-PRO-V2,Televisi Digital ADVANCE ADV-4301A PRO,MIXING (MACC)??,LOCAL,CONTINUE ????,0"
"4.TVD.ADL-MX-ADV5001A,Televisi Digital ADVANCE ADV-5001A,MIXING (MACC)??,LOCAL,CONTINUE ????,0"
"4.TVD.ADL-MX-ADV5001A-V2,Televisi Digital ADVANCE ADV-5001A,MIXING (MACC)??,LOCAL,CONTINUE ????,0"
"4.TVD.ADL-SY-ADV2402T,Televisi Digital ADVANCE ADV-2402T,SONGYING????,LOCAL,DISCONTINUE ????,INFO DARI MR. LI 08-07-2024"
"4.TVD.ADL-SY-ADV2402T-ON,Televisi Digital ADVANCE ADV-2402T (ON),SONGYING????,LOCAL,DISCONTINUE ????,INFO DARI MR. LI 08-07-2024"
"4.TVD.ADL-SY-ADV2702T,Televisi Digital ADVANCE ADV-2702T,SONGYING????,LOCAL,DISCONTINUE ????,INFO DARI MR. LI 08-07-2024"
"4.TVD.ADL-XP-ADV2201T,Televisi Digital ADVANCE ADV-2201T,XIPU??,LOCAL,DISCONTINUE ????,INFO DARI MR LI 20-12-2025"
"4.TVD.ADL-XP-ADV2201TM,Televisi Digital ADVANCE ADV-2201TM,XIPU??,LOCAL,DISCONTINUE ????,INFO DARI MR LI 20-12-2025"
"4.TVD.ADL-XP-ADV2201T-ON,Televisi Digital ADVANCE ADV-2201T (ON),XIPU??,LOCAL,DISCONTINUE ????,INFO DARI MR LI 20-12-2025"
"4.TVD.ADL-XP-ADV2201T-V2,Televisi Digital ADVANCE ADV-2201T,XIPU??,LOCAL,CONTINUE ????,0"
"4.TVD.ADL-XP-ADV2201T-V4,Televisi Digital ADVANCE ADV-2201T (BJM),XIPU??,LOCAL,DISCONTINUE ????,INFO DARI MR LI 20-12-2025"
"4.TVD.ADL-XP-ADV2401T,Televisi Digital ADVANCE ADV-2401T,XIPU??,LOCAL,DISCONTINUE ????,INFO DARI MR LI 20-12-2025"
"4.TVD.ADL-XP-ADV2401T-NEW,Televisi Digital ADVANCE ADV-2401T,XIPU??,LOCAL,CONTINUE ????,0"
"4.TVD.ADL-XP-ADV2401T-ON,Televisi Digital ADVANCE ADV-2401T (ON),XIPU??,LOCAL,DISCONTINUE ????,INFO DARI MR LI 20-12-2025"
"4.TVD.ADL-XP-ADV2401T-V2,Televisi Digital ADVANCE ADV-2401T,XIPU??,LOCAL,DISCONTINUE ????,INFO DARI MR LI 20-12-2025"
"4.TVD.ADL-XP-ADV2401T-V4,Televisi Digital ADVANCE ADV-2401T (BJM),XIPU??,LOCAL,DISCONTINUE ????,INFO DARI MR LI 20-12-2025"
"4.TVD.ADL-XP-ADV2402T,Televisi Digital ADVANCE ADV-2402T,XIPU??,LOCAL,DISCONTINUE ????,INFO DARI MR LI 20-12-2025"
"4.TVD.ADL-XP-ADV2402T-NEW,Televisi Digital ADVANCE ADV-2402T (NEW),XIPU??,LOCAL,CONTINUE ????,0"
"4.TVD.ADL-XP-ADV2403M,Televisi Digital ADVANCE ADV-2403M,XIPU??,LOCAL,DISCONTINUE ????,INFO DARI MR HANKE 20-06-2026"
"4.TVD.ADL-XP-ADV2403M-ON,Televisi Digital ADVANCE ADV-2403M (ON),XIPU??,LOCAL,DISCONTINUE ????,INFO DARI MR LI 20-12-2025"
"4.TVD.ADL-XP-ADV3201T,Televisi Digital ADVANCE ADV-3201T,XIPU??,LOCAL,DISCONTINUE ????,INFO DARI MR LI 20-12-2025"
"4.TVD.ADL-XP-ADV3201TC,Televisi Digital ADVANCE ADV-3201TC,XIPU??,LOCAL,DISCONTINUE ????,INFO DARI MR LI 20-12-2025"
"4.USB.VDC-AI-V70-16GB,FLASDICK VANDISK V70 16GEGABYTE,AISHENG??,CHINA,CONTINUE ????,0"
"4.USB.VDC-AI-V70-32GB,FLASDICK VANDISK V70 32GB RED,AISHENG??,CHINA,CONTINUE ????,0"
"4.USB.VDC-AI-V70-4GB,FLASDICK VANDISK V70 4GEGABYTE,AISHENG??,CHINA,CONTINUE ????,0"
"4.USB.VDC-AI-V70-8GB,FLASDICK VANDISK V70 8GEGABYTE,AISHENG??,CHINA,CONTINUE ????,0"
"4.VAC.ADC-HJ-AVC102,VACUUM CLEANER AVC-102,HONG JIAN??,CHINA,DISCONTINUE ????,INFO MR TAN 05-09-2026"
"4.VAC.ADC-HJ-AVC585,VACUUM CLEANER AVC-585 RED/WHITE,HONG JIAN??,CHINA,DISCONTINUE ????,INFO DARI SUPPLIER 16-10-2023"
"4.VAC.ADC-HJ-AVC606,VACUUM CLEANER AVC-606,HONG JIAN??,CHINA,DISCONTINUE ????,INFO DARI SUPPLIER 16-10-2023"
"4.VAC.ADC-YM-AVC301,VACUUM CLEANER AVC-301,YAMENG??,CHINA,DISCONTINUE ????,INFO DARI MR LI 20-12-2025"
"4.VAC.ADC-YM-AVC508,VACUUM CLEANER AVC-508,YAMENG??,CHINA,DISCONTINUE ????,INFO DARI MR LI 20-12-2025"
"4.VAC.ADC-YM-AVC933,VACUUM CLEANER AVC-933,YAMENG??,CHINA,DISCONTINUE ????,INFO DARI MR LI 20-12-2025"
"4.VAC.ADL-HJ-AVC108,VACUUM CLEANER AVC-108,HONG JIAN??,LOCAL,CONTINUE ????,0"
"4.VR3.VTC-YM-VRBOX,3D VR BOX VOTRE,YAMENG??,CHINA,DISCONTINUE ????,INFO DARI SUPPLIER 16-08-2024"
"4.WDA.ADL-HJ-DS108-BL,WATER DISPENSER ADVANCE DS-108 BLUE,HONG JIAN??,LOCAL,CONTINUE ????,0"
"4.WDA.ADL-HJ-DS108-BL-ON,WATER DISPENSER ADVANCE DS-108 BLUE ONLINE,HONG JIAN??,LOCAL,CONTINUE ????,0"
"4.WDA.ADL-HJ-DS108-P,WATER DISPENSER ADVANCE DS-108 PINK,HONG JIAN??,LOCAL,CONTINUE ????,0"
"4.WDA.ADL-HJ-DS108-P-ON,WATER DISPENSER ADVANCE DS-108 PINK ONLINE,HONG JIAN??,LOCAL,CONTINUE ????,0"
"4.WDA.ADL-HJ-DS208,WATER DISPENSER ADVANCE DS-208,HONG JIAN??,LOCAL,DISCONTINUE ????,INFO DARI MR LI 20-12-2025"
"4.WDA.ADL-HJ-DS308,WATER DISPENSER ADVANCE DS-308 WHITE,HONG JIAN??,LOCAL,CONTINUE ????,0"
"4.WDA.ADL-HJ-DS308-B,WATER DISPENSER ADVANCE DS-308 BLACK,HONG JIAN??,LOCAL,CONTINUE ????,0"
"4.WDA.ADL-HJ-DS3118-ON,WATER DISPENSER ADVANCE DS-3118 (ON),HONG JIAN??,LOCAL,CONTINUE ????,0"
"4.WDA.ADL-HJ-DS408-B,WATER DISPENSER ADVANCE DS-408 BLACK,HONG JIAN??,LOCAL,CONTINUE ????,0"
"4.WDA.ADL-HJ-DS408-GR,WATER DISPENSER ADVANCE DS-408 GRAY,HONG JIAN??,LOCAL,CONTINUE ????,0"
"4.WDA.ADL-HJ-DS4118-B-ON,WATER DISPENSER ADVANCE DS-4118 BLACK (ON),HONG JIAN??,LOCAL,CONTINUE ????,0"
"4.WDA.ADL-HJ-DS4118-GR-ON,WATER DISPENSER ADVANCE DS-4118 GRAY (ON),HONG JIAN??,LOCAL,CONTINUE ????,0"
"4.WDA.ADL-HJ-DS808,WATER DISPENSER ADVANCE DS-808,HONG JIAN??,LOCAL,CONTINUE ????,0"
"4.WDA.ADL-HJ-DS908-B,WATER DISPENSER ADVANCE DS-908 BLACK,HONG JIAN??,LOCAL,CONTINUE ????,0"
"4.WDA.ADL-HJ-DS908-BL,WATER DISPENSER ADVANCE DS-908 BLUE,HONG JIAN??,LOCAL,CONTINUE ????,0"
"4.WDA.ADL-HJ-DS908-GL,WATER DISPENSER ADVANCE DS-908 GOLD,HONG JIAN??,LOCAL,CONTINUE ????,0"
"4.WDA.ADL-HJ-DS9118-ON,WATER DISPENSER ADVANCE DS-9118,HONG JIAN??,LOCAL,CONTINUE ????,0"
"4.WDA.VTC-JK-V30,WATER DISPENSER AUTO VOTRE V-30,JIAKESI???,CHINA,DISCONTINUE ????,INFO DARI MR LI 20-12-2025"
"4.WDA.VTC-JK-V31,WATER DISPENSER AUTO VOTRE V-31,JIAKESI???,CHINA,CONTINUE ????,0"
"4.WDA.VTC-XQ-V32,WATER DISPENSER AUTO VOTRE V-32,XINQINCHENG,CHINA,CONTINUE ????,0"
"4.WDA.VTC-XQ-V34,WATER DISPENSER AUTO VOTRE V-34,XINQINCHENG,CHINA,CONTINUE ????,0"
"4.WDA.VTC-YM-V012,WATER DISPENSER AUTO VOTRE V012,YAMENG??,CHINA,DISCONTINUE ????,INFO DARI MR LI 20-12-2025"
"4.WDA.VTC-YM-V012-PBG,WATER DISPENSER AUTO VOTRE V012,YAMENG??,CHINA,CONTINUE ????,0"
"4.WDA.VTC-YM-V019,WATER DISPENSER AUTO VOTRE V019,YAMENG??,CHINA,DISCONTINUE ????,INFO DARI SUPPLIER 16-08-2024"
"4.WDA.VTC-YM-V30,WATER DISPENSER AUTO VOTRE V-30,YAMENG??,CHINA,CONTINUE ????,0"
"4.WDA.VTL-YM-V012,WATER DISPENSER AUTO VOTRE V012,YAMENG??,LOCAL,DISCONTINUE ????,INFO DARI MR LI 20-12-2025"
"4.WDA.VTL-YM-V012-BL,WATER DISPENSER AUTO VOTRE V012 BLUE,YAMENG??,CHINA,DISCONTINUE ????,INFO DARI MR LI 20-12-2025"
"4.WDA.VTL-YM-V012-G,WATER DISPENSER AUTO VOTRE V012 GREEN,YAMENG??,CHINA,DISCONTINUE ????,INFO DARI MR LI 20-12-2025"
"4.WDA.VTL-YM-V012-P,WATER DISPENSER AUTO VOTRE V012 PINK,YAMENG??,CHINA,DISCONTINUE ????,INFO DARI MR LI 20-12-2025"
"4.WDR.ADC-FS-001,WIFI DISPLAY RECEIVER ADVANCE 001,FU SHI CAI???,CHINA,DISCONTINUE ????,INFO DARI SUPPLIER 14-08-2024"
"4.WDR.ADC-FS-001-V2,WIFI DISPLAY RECEIVER ADVANCE 001,FU SHI CAI???,CHINA,DISCONTINUE ????,INFO DARI SUPPLIER 14-08-2024"
"4.WFL.ADC-HJ-WF101,WAFFLE MAKER ADVANCE WF-101,HONG JIAN??,CHINA,DISCONTINUE ????,INFO DARI SUPPLIER 20-08-2024"
"4.WFL.ADC-HJ-WF206,WAFFLE MAKER ADVANCE WF-206,HONG JIAN??,CHINA,DISCONTINUE ????,INFO DARI SUPPLIER 20-08-2024"
"4.WSC.ADC-LS-C18-BL,Warmer Steamer Cooker ADVANCE C-18 BLUE,LISHUN??,CHINA,DISCONTINUE ????,INFO DARI SUPPLIER 13-08-2024"
"4.WSC.ADC-LS-C18-P,Warmer Steamer Cooker ADVANCE C-18 PINK,LISHUN??,CHINA,DISCONTINUE ????,INFO DARI SUPPLIER 13-08-2024"
"4.WSC.ADC-LS-C19,Warmer Steamer Cooker ADVANCE C-19,LISHUN??,CHINA,DISCONTINUE ????,INFO DARI SUPPLIER 13-08-2024"
"4.WSC.ADC-LS-C26,Warmer Steamer Cooker ADVANCE C-26,LISHUN??,CHINA,DISCONTINUE ????,INFO DARI SUPPLIER 13-08-2024"
"4.WSC.ADC-LS-C28,Warmer Steamer Cooker ADVANCE C-28,LISHUN??,CHINA,DISCONTINUE ????,INFO DARI SUPPLIER 13-08-2024"
"4.WSC.ADC-LS-C28-G,Warmer Steamer Cooker ADVANCE C-28 GREEN,LISHUN??,CHINA,DISCONTINUE ????,INFO DARI SUPPLIER 13-08-2024"
"4.WSC.ADC-LS-C310-BE,Warmer Steamer Cooker ADVANCE C-310 BEIGE,LISHUN??,CHINA,DISCONTINUE ????,INFO DARI SUPPLIER 13-08-2024"
"4.WSC.ADC-LS-C330,Warmer Steamer Cooker ADVANCE C-330 BEIGE,LISHUN??,CHINA,DISCONTINUE ????,INFO DARI MR LI 20-12-2025"
"4.WSC.ADC-LS-C330-V2-BE,Warmer Steamer Cooker ADVANCE C-330 V.2 BEIGE (ON),LISHUN??,CHINA,DISCONTINUE ????,INFO DARI MR LI 20-12-2025"
"4.WSC.ADC-LS-C360,Warmer Steamer Cooker ADVANCE C-360 BEIGE,LISHUN??,CHINA,DISCONTINUE ????,INFO DARI MR LI 20-12-2025"
"4.WSC.ADC-LS-C370,Warmer Steamer Cooker ADVANCE C-370,LISHUN??,CHINA,DISCONTINUE ????,INFO MR TAN 05-09-2026"
"4.WSC.ADC-YM-C30,Warmer Steamer Cooker ADVANCE C-30,YAMENG??,CHINA,DISCONTINUE ????,INFO DARI SUPPLIER 16-08-2024"
"4.WSC.ADL-LS-C16-BE,Warmer Steamer Cooker ADVANCE C-16 BEIGE,LISHUN??,LOCAL,CONTINUE ????,0"
"4.WSC.ADL-LS-C16-BE-ON,Warmer Steamer Cooker ADVANCE C-16 BEIGE (ON),LISHUN??,LOCAL,DISCONTINUE ????,INFO DARI MR LI 20-12-2025"
"4.WSC.ADL-LS-C16-G,Warmer Steamer Cooker ADVANCE C-16 GREEN,LISHUN??,LOCAL,CONTINUE ????,0"
"4.WSC.ADL-LS-C16-G-ON,Warmer Steamer Cooker ADVANCE C-16 GREEN (ON),LISHUN??,LOCAL,DISCONTINUE ????,INFO DARI MR LI 20-12-2025"
"4.WSC.ADL-LS-C16-P,Warmer Steamer Cooker ADVANCE C-16 PINK,LISHUN??,LOCAL,CONTINUE ????,0"
"4.WSC.ADL-LS-C16-P-ON,Warmer Steamer Cooker ADVANCE C-16 PINK (ON),LISHUN??,LOCAL,DISCONTINUE ????,INFO DARI MR LI 20-12-2025"
"4.WSC.ADL-LS-C18-BL,Warmer Steamer Cooker ADVANCE C-18 BLUE,LISHUN??,LOCAL,CONTINUE ????,0"
"4.WSC.ADL-LS-C18-BL-ON,Warmer Steamer Cooker ADVANCE C-18 BLUE (ON),LISHUN??,LOCAL,DISCONTINUE ????,INFO DARI MR LI 20-12-2025"
"4.WSC.ADL-LS-C18-P,Warmer Steamer Cooker ADVANCE C-18 PINK,LISHUN??,LOCAL,CONTINUE ????,0"
"4.WSC.ADL-LS-C18-P-ON,Warmer Steamer Cooker ADVANCE C-18 PINK (ON),LISHUN??,LOCAL,DISCONTINUE ????,INFO DARI MR LI 20-12-2025"
"4.WSC.ADL-LS-C310-BE,Warmer Steamer Cooker ADVANCE C-310 BEIGE,LISHUN??,LOCAL,CONTINUE ????,0"
"4.WSC.ADL-LS-C310-BE-ON,Warmer Steamer Cooker ADVANCE C-310 BEIGE (ON),LISHUN??,LOCAL,CONTINUE ????,0"
"4.WSC.ADL-LS-C310-W-ON,Warmer Steamer Cooker ADVANCE C-310 WHITE (ON),LISHUN??,LOCAL,DISCONTINUE ????,INFO DARI MR LI 20-12-2025"
"4.WSC.ADL-LS-C330-BE,Warmer Steamer Cooker ADVANCE C-330 BEIGE,LISHUN??,LOCAL,CONTINUE ????,0"
"4.WSC.ADL-LS-C330-BE-ON,Warmer Steamer Cooker ADVANCE C-330 BEIGE (ON),LISHUN??,LOCAL,DISCONTINUE ????,INFO DARI MR LI 20-12-2025"
"4.WSC.ADL-LS-C330-W,Warmer Steamer Cooker ADVANCE C-330 WHITE,LISHUN??,LOCAL,DISCONTINUE ????,INFO DARI MR LI 20-12-2025"
"4.WSC.ADL-LS-C330-W-ON,Warmer Steamer Cooker ADVANCE C-330 WHITE (ON),LISHUN??,LOCAL,DISCONTINUE ????,INFO DARI MR LI 20-12-2025"
"4.WSC.ADL-LS-C340-BL,Warmer Steamer Cooker ADVANCE C-340 BLUE,LISHUN??,LOCAL,DISCONTINUE ????,INFO DARI MR LI 20-12-2025"
"4.WSC.ADL-LS-C340-BL-ON,Warmer Steamer Cooker ADVANCE C-340 BLUE (ON),LISHUN??,LOCAL,DISCONTINUE ????,INFO DARI MR LI 20-12-2025"
"4.WSC.ADL-LS-C340-P,Warmer Steamer Cooker ADVANCE C-340 PINK,LISHUN??,LOCAL,DISCONTINUE ????,INFO DARI MR LI 20-12-2025"
"4.WSC.ADL-LS-C340-P-ON,Warmer Steamer Cooker ADVANCE C-340 PINK (ON),LISHUN??,LOCAL,DISCONTINUE ????,INFO DARI MR LI 20-12-2025"
"4.WSC.ADL-LS-C350-BE,Warmer Steamer Cooker ADVANCE C-350 BEIGE,LISHUN??,LOCAL,CONTINUE ????,0"
"4.WSC.ADL-LS-C350-BE-ON,Warmer Steamer Cooker ADVANCE C-350 BEIGE (ON),LISHUN??,LOCAL,DISCONTINUE ????,INFO DARI MR LI 20-12-2025"
"4.WSC.ADL-LS-C360-BE,Warmer Steamer Cooker ADVANCE C-360 BEIGE,LISHUN??,LOCAL,CONTINUE ????,0"
"4.WSC.ADL-LS-C380-BE,Warmer Steamer Cooker ADVANCE C-380 BEIGE,LISHUN??,LOCAL,CONTINUE ????,0"
"4.WSC.ADL-LS-C380-BE-ON,Warmer Steamer Cooker ADVANCE C-380 BEIGE (ON),LISHUN??,LOCAL,CONTINUE ????,0"
"4.WSC.ADL-LS-C390,Warmer Steamer Cooker ADVANCE C-390,LISHUN??,LOCAL,CONTINUE ????,0"
"4.WSC.ADL-LS-C390-ON,Warmer Steamer Cooker ADVANCE C-390 (ON),LISHUN??,LOCAL,CONTINUE ????,0"
"4.WUA.ADC-YM-WF01,Wireless USB Adapter ADVANCE WF-01,YAMENG??,CHINA,CONTINUE ????,0"
